VBCSCompilerPreWarmer: pre-warm launched (dotnet PID 54516)
VBCSCompiler prewarm took 52.57 ms
[Licensing::Module] Trying to connect to existing licensing client channel...
Built from '6000.6/respin/6000.6.0f1-fa21a270ab12' branch; Version is '6000.6.0f1 (f7f8ed4d1e24) revision 16251117'; Using compiler version '194234433'; Build Type 'Release'
OS: 'Windows 11  (10.0.26200) CoreCountrySpecific' Language: 'zh' Physical Memory: 31932 MB
BatchMode: 1, IsHumanControllingUs: 0, StartBugReporterOnCrash: 0, Is64bit: 1
System  architecture: x64
Process architecture: x64
Date: 2026-09-14T09:13:24Z
[Licensing::IpcConnector] Successfully connected to: "LicenseClient-luyua" at "2026-09-14T09:13:24.8720012Z"
[Licensing::Client] Code 10 while verifying Licensing Client signature (process Id: 62892, path: "C:/Program Files/Unity/Hub/Editor/6000.6.0f1/Editor/Data/Resources/Licensing/Client/Unity.Licensing.Client.exe")
[Licensing::Module] LicensingClient has failed validation; ignoring
[Licensing::Client] Handshaking with LicensingClient:
  Version:                 1.18.3+d7ffd15
  Session Id:              129e88f513d144069a6bfdcded7e2649
  Correlation Id:          22e3d5a73abd3fcf87df8d8702e50d4c
  External correlation Id: 8685315553069067719
  Machine Id:              M2B/yAY5ulraeWIcwlJsiU0qhCs=
[Licensing::Module] Successfully connected to LicensingClient on channel: "LicenseClient-luyua" (connect: 0.00s, validation: 0.01s, handshake: 0.37s)
[Licensing::IpcConnector] Successfully connected to: "LicenseClient-luyua-notifications" at "2026-09-14T09:13:25.2501555Z"
[Licensing::Module] Error: Access token is unavailable; failed to update
[Licensing::Client] Successfully resolved entitlement details
[Licensing::Module] License group:
  Id: 2476040700284-UnityPersXXXX
  Product: Unity Personal
  Type: Assigned
  Expiration: Unlimited
[Licensing::Client] Successfully updated license, isAsync: True, time: 0.01
[Licensing::Client] Successfully resolved entitlement details
[Licensing::Module] Licensing Background thread has ended after 0.42s

COMMAND LINE ARGUMENTS:
C:\Program Files\Unity\Hub\Editor\6000.6.0f1\Editor\Unity.exe
-batchmode
-force-d3d11
-projectPath
E:\work\tmp\team-ui-verify-20260914
-executeMethod
TeamUiVerification.CaptureAll
-quit
-logFile
E:\work\image\designs\team-ui-v2\unity-slices\qa\capture-editor.log
Successfully changed project path to: E:\work\tmp\team-ui-verify-20260914
E:/work/tmp/team-ui-verify-20260914
[UnityMemory] Configuration Parameters - Can be set up in boot.config
    "memorysetup-temp-allocator-size-gi-baking-worker=262144"
    "memorysetup-temp-allocator-size-gi-baking-worker=262144"
    "memorysetup-temp-allocator-size-gi-baking-worker=262144"
    "memorysetup-temp-allocator-size-gi-baking-worker=262144"
    "memorysetup-temp-allocator-size-gi-baking-worker=262144"
    "memorysetup-temp-allocator-size-nav-mesh-worker=65536"
    "memorysetup-temp-allocator-size-audio-worker=65536"
    "memorysetup-temp-allocator-size-cloud-worker=32768"
    "memorysetup-temp-allocator-size-gfx=262144"
    "memorysetup-remapper-allocator-initial-capacity=32768"
    "memorysetup-temp-allocator-size-preload-manager=33554432"
    "memorysetup-allocator-temp-initial-block-size-main=262144"
    "memorysetup-allocator-temp-initial-block-size-worker=262144"
    "memorysetup-temp-allocator-size-job-worker=262144"
    "memorysetup-temp-allocator-size-background-worker=32768"
    "memorysetup-bucket-allocator-granularity=16"
    "memorysetup-bucket-allocator-bucket-count=8"
    "memorysetup-bucket-allocator-block-size=33554432"
    "memorysetup-bucket-allocator-block-count=8"
    "memorysetup-main-allocator-block-size=16777216"
    "memorysetup-thread-allocator-block-size=16777216"
    "memorysetup-main-allocator-mimalloc-enabled=1"
    "memorysetup-gfx-main-allocator-block-size=16777216"
    "memorysetup-gfx-thread-allocator-block-size=16777216"
    "memorysetup-cache-allocator-block-size=4194304"
    "memorysetup-typetree-allocator-block-size=2097152"
    "memorysetup-profiler-bucket-allocator-granularity=16"
    "memorysetup-profiler-bucket-allocator-bucket-count=8"
    "memorysetup-profiler-bucket-allocator-block-size=33554432"
    "memorysetup-profiler-bucket-allocator-block-count=8"
    "memorysetup-profiler-allocator-block-size=16777216"
    "memorysetup-profiler-editor-allocator-block-size=1048576"
    "memorysetup-temp-allocator-size-main=16777216"
    "memorysetup-job-temp-allocator-block-size=2097152"
    "memorysetup-job-temp-allocator-block-size-background=1048576"
    "memorysetup-job-temp-allocator-reduction-small-platforms=262144"
Logging is directed to a specific file, skipping project log.
Player connection [19284]  Target information:

Player connection [19284]  * "[IP] 192.168.1.2 [Port] 55505 [Flags] 2 [Guid] 3174500226 [EditorId] 3174500226 [Version] 1048832 [Id] WindowsEditor(7,luyuan) [Debug] 1 [PackageName] WindowsEditor [ProjectName] Editor" 

Player connection [19284]  * "[IP] 192.168.112.1 [Port] 55505 [Flags] 2 [Guid] 3174500226 [EditorId] 3174500226 [Version] 1048832 [Id] WindowsEditor(7,luyuan) [Debug] 1 [PackageName] WindowsEditor [ProjectName] Editor" 

Player connection [19284]  * "[IP] 198.0.2.1 [Port] 55505 [Flags] 2 [Guid] 3174500226 [EditorId] 3174500226 [Version] 1048832 [Id] WindowsEditor(7,luyuan) [Debug] 1 [PackageName] WindowsEditor [ProjectName] Editor" 

Player connection [19284] Host joined multi-casting on [225.0.0.222:54997]...
Player connection [19284] Host joined alternative multi-casting on [225.0.0.222:34997]...
Input System module state changed to: Initialized.
[Physics::Module] Initialized fallback backend.
[Physics::Module] Id: 0xdecafbad
[Package Manager] Connected to IPC stream "Upm-37320" after 2.9 seconds.
[Licensing::Client] Successfully resolved entitlement details
Library Redirect Path: Library/
Launching Unity Data Store - C:/Program Files/Unity/Hub/Editor/6000.6.0f1/Editor/Data/Tools/Unity.DataStore.exe 
Unity Data Store artifact dir = Library/DataStore, working dir = E:/work/tmp/team-ui-verify-20260914[Physics::Module] Selected backend.
[Physics::Module] Name: PhysX
[Physics::Module] Id: 0xf2b8ea05
[Physics::Module] SDK Version: 4.1.2
[Physics::Module] Integration Version: 1.0.0
[Physics::Module] Threading Mode: Multi-Threaded
Unity Data Store running and initialised
Initialize engine version: 6000.6.0f1 (f7f8ed4d1e24)
[EntityIdStore] init: VM path (explicit commit), pageSize=4096, blockCount=1048576, entitiesPerBlock=256, slots reserved=4294967296 bytes
[Subsystems] Discovering subsystems at path C:/Program Files/Unity/Hub/Editor/6000.6.0f1/Editor/Data/Resources/UnitySubsystems
[Subsystems] Discovering subsystems at path E:/work/tmp/team-ui-verify-20260914/Assets
Forcing GfxDevice: Direct3D 11
GfxDevice: creating device client; kGfxThreadingModeNonThreaded
Direct3D:
    Version:  Direct3D 11.0 [level 11.1]
    Renderer: NVIDIA GeForce RTX 5070 Ti Laptop GPU (ID=0x2f18)
    Vendor:   NVIDIA
    VRAM:     11944 MB
    Driver:   32.0.15.9186
Initialize mono
Mono path[0] = 'C:/Program Files/Unity/Hub/Editor/6000.6.0f1/Editor/Data/Managed'
Mono path[1] = 'C:/Program Files/Unity/Hub/Editor/6000.6.0f1/Editor/Data/BCLExtensions/runtime/netstandard2.1'
Mono path[2] = 'C:/Program Files/Unity/Hub/Editor/6000.6.0f1/Editor/Data/MonoBleedingEdge/lib/mono/unityjit-win32'
Mono config path = 'C:/Program Files/Unity/Hub/Editor/6000.6.0f1/Editor/Data/MonoBleedingEdge/etc'
Using monoOptions --debugger-agent=transport=dt_socket,embedding=1,server=y,suspend=n,address=127.0.0.1:56320
CodeReloadManager initialized
ImportWorker Server TCP listen port: 0
AcceleratorClientConnectionCallback - disconnected - :0
Begin MonoManager ReloadAssembly
Registering precompiled unity dll's ...
Register platform support module: C:/Program Files/Unity/Hub/Editor/6000.6.0f1/Editor/Data/PlaybackEngines/WindowsStandaloneSupport/UnityEditor.WindowsStandalone.Extensions.dll
Registered in 0.008218 seconds.
Native extension for WindowsStandalone target not found
Package Manager log level set to [2]
ScheduleIndexationOnStartup MainProcess:False IndexOnStartup:False
Scripting: successfully reloaded assembly
- Finished resetting the current domain, in  3.633 seconds
Domain Reload Profiling: 6689ms
	BeginReloadAssembly (782ms)
		CreateAndSetChildDomain (20ms)
	RebuildCommonClasses (23ms)
	RebuildNativeTypeToScriptingClass (73ms)
	initialDomainReloadingComplete (324ms)
	LoadAllAssembliesAndSetupDomain (1846ms)
		LoadAssemblies (743ms)
		TypeCache.Refresh (1275ms)
			TypeCache.ScanAssembly (1220ms)
		AnalyzeDomain (5ms)
	FinalizeReload (3640ms)
		SetupLoadedEditorAssemblies (0ms)
			LogAssemblyErrors (4ms)
			InitializePlatformSupportModulesInManaged (8ms)
			BeforeProcessingInitializeOnLoad (401ms)
			ProcessInitializeOnLoadAttributes (425ms)
			ProcessInitializeOnLoadMethodAttributes (1822ms)
			EditorAssembliesLoaded (3ms)
[Licensing::Client] Successfully resolved entitlement details
Application.AssetDatabase Initial Refresh Start
[Package Manager] Done resolving packages in 14.22 seconds
[Licensing::Client] Successfully resolved entitlement details
[Package Manager] Registered 39 packages:
  Packages from [https://packages.unity.com]:
    com.unity.ai.inference@2.6.1 (location: E:\work\tmp\team-ui-verify-20260914\Library\PackageCache\com.unity.ai.inference@9a123aee5df7)
    com.unity.ide.rider@3.0.38 (location: E:\work\tmp\team-ui-verify-20260914\Library\PackageCache\com.unity.ide.rider@1f60b3138684)
    com.unity.ide.visualstudio@2.0.26 (location: E:\work\tmp\team-ui-verify-20260914\Library\PackageCache\com.unity.ide.visualstudio@a99d56dec63f)
    com.unity.nuget.newtonsoft-json@3.2.2 (location: E:\work\tmp\team-ui-verify-20260914\Library\PackageCache\com.unity.nuget.newtonsoft-json@4dfd81071c64)
    com.unity.dt.app-ui@2.1.11 (location: E:\work\tmp\team-ui-verify-20260914\Library\PackageCache\com.unity.dt.app-ui@cd5609b130ce)
    com.unity.nuget.mono-cecil@1.11.6 (location: E:\work\tmp\team-ui-verify-20260914\Library\PackageCache\com.unity.nuget.mono-cecil@ecb9724e46ff)
  Built-in packages:
    com.unity.test-framework@1.8.0 (location: E:\work\tmp\team-ui-verify-20260914\Library\PackageCache\com.unity.test-framework@7a3849e09bd0)
    com.unity.timeline@6.6.0 (location: E:\work\tmp\team-ui-verify-20260914\Library\PackageCache\com.unity.timeline@281d5f7e7d7d)
    com.unity.ugui@2.6.0 (location: E:\work\tmp\team-ui-verify-20260914\Library\PackageCache\com.unity.ugui@23caec89ae27)
    com.unity.modules.imgui@1.0.0 (location: E:\work\tmp\team-ui-verify-20260914\Library\PackageCache\com.unity.modules.imgui)
    com.unity.modules.jsonserialize@1.0.0 (location: E:\work\tmp\team-ui-verify-20260914\Library\PackageCache\com.unity.modules.jsonserialize)
    com.unity.modules.physicscore2d@1.0.0 (location: E:\work\tmp\team-ui-verify-20260914\Library\PackageCache\com.unity.modules.physicscore2d)
    com.unity.modules.tetgen@1.0.0 (location: E:\work\tmp\team-ui-verify-20260914\Library\PackageCache\com.unity.modules.tetgen)
    com.unity.modules.uielements@1.0.0 (location: E:\work\tmp\team-ui-verify-20260914\Library\PackageCache\com.unity.modules.uielements)
    com.unity.modules.unityanalytics@1.0.0 (location: E:\work\tmp\team-ui-verify-20260914\Library\PackageCache\com.unity.modules.unityanalytics)
    com.unity.modules.unitywebrequest@1.0.0 (location: E:\work\tmp\team-ui-verify-20260914\Library\PackageCache\com.unity.modules.unitywebrequest)
    com.unity.modules.unitywebrequesttexture@1.0.0 (location: E:\work\tmp\team-ui-verify-20260914\Library\PackageCache\com.unity.modules.unitywebrequesttexture)
    com.unity.modules.unitywebrequestwww@1.0.0 (location: E:\work\tmp\team-ui-verify-20260914\Library\PackageCache\com.unity.modules.unitywebrequestwww)
    com.unity.modules.unitywebrequestassetbundle@1.0.0 (location: E:\work\tmp\team-ui-verify-20260914\Library\PackageCache\com.unity.modules.unitywebrequestassetbundle)
    com.unity.modules.unitywebrequestaudio@1.0.0 (location: E:\work\tmp\team-ui-verify-20260914\Library\PackageCache\com.unity.modules.unitywebrequestaudio)
    com.unity.modules.audio@1.0.0 (location: E:\work\tmp\team-ui-verify-20260914\Library\PackageCache\com.unity.modules.audio)
    com.unity.modules.assetbundle@1.0.0 (location: E:\work\tmp\team-ui-verify-20260914\Library\PackageCache\com.unity.modules.assetbundle)
    com.unity.modules.imageconversion@1.0.0 (location: E:\work\tmp\team-ui-verify-20260914\Library\PackageCache\com.unity.modules.imageconversion)
    com.unity.modules.ui@1.0.0 (location: E:\work\tmp\team-ui-verify-20260914\Library\PackageCache\com.unity.modules.ui)
    com.unity.modules.hierarchycore@1.0.0 (location: E:\work\tmp\team-ui-verify-20260914\Library\PackageCache\com.unity.modules.hierarchycore)
    com.unity.modules.physics@1.0.0 (location: E:\work\tmp\team-ui-verify-20260914\Library\PackageCache\com.unity.modules.physics)
    com.unity.modules.animation@1.0.0 (location: E:\work\tmp\team-ui-verify-20260914\Library\PackageCache\com.unity.modules.animation)
    com.unity.modules.physics2d@1.0.0 (location: E:\work\tmp\team-ui-verify-20260914\Library\PackageCache\com.unity.modules.physics2d)
    com.unity.modules.director@1.0.0 (location: E:\work\tmp\team-ui-verify-20260914\Library\PackageCache\com.unity.modules.director)
    com.unity.modules.particlesystem@1.0.0 (location: E:\work\tmp\team-ui-verify-20260914\Library\PackageCache\com.unity.modules.particlesystem)
    com.unity.ext.nunit@2.1.0 (location: E:\work\tmp\team-ui-verify-20260914\Library\PackageCache\com.unity.ext.nunit@0198eae3b53e)
    com.unity.burst@2.0.0 (location: E:\work\tmp\team-ui-verify-20260914\Library\PackageCache\com.unity.burst@626e66ab421b)
    com.unity.collections@6.6.0 (location: E:\work\tmp\team-ui-verify-20260914\Library\PackageCache\com.unity.collections@10fff0607388)
    com.unity.2d.sprite@1.0.0 (location: E:\work\tmp\team-ui-verify-20260914\Library\PackageCache\com.unity.2d.sprite@947350d67f82)
    com.unity.mathematics@1.4.0 (location: E:\work\tmp\team-ui-verify-20260914\Library\PackageCache\com.unity.mathematics@8306a64d0cd6)
    com.unity.test-framework.performance@6.6.0 (location: E:\work\tmp\team-ui-verify-20260914\Library\PackageCache\com.unity.test-framework.performance@0a60b857a52e)
    com.unity.modules.androidjni@1.0.0 (location: E:\work\tmp\team-ui-verify-20260914\Library\PackageCache\com.unity.modules.androidjni)
    com.unity.modules.screencapture@1.0.0 (location: E:\work\tmp\team-ui-verify-20260914\Library\PackageCache\com.unity.modules.screencapture)
  Local Tarball packages:
    com.unity.ai.assistant@file:C:\Users\luyua\Downloads\com.unity.ai.assistant-2.17.0-pre.1.tgz (location: E:\work\tmp\team-ui-verify-20260914\Library\PackageCache\com.unity.ai.assistant@5889ce5dd144)
[Subsystems] No new subsystems found in resolved package list.
[Package Manager] Done registering packages in 0.00 seconds
[ScriptCompilation] Requested script compilation because: Assembly Definition File(s) changed
[ScriptCompilation] Requested script compilation because: AssetDatabase observed changes in script compilation related files
Refreshing native plugins compatible for Editor in 122.74 ms, found 1 plugins.
Starting: C:\Program Files\Unity\Hub\Editor\6000.6.0f1\Editor\Data\Tools\BuildPipeline\bee_backend.exe --ipc --defer-dag-verification --dagfile="Library/Bee/1900b0aE.dag" --continue-on-failure --profile="Library/Bee/backend1.traceevents" ScriptAssemblies
WorkingDir: E:/work/tmp/team-ui-verify-20260914
DisplayProgressbar: Compiling Scripts
Starting: C:\Program Files\Unity\Hub\Editor\6000.6.0f1\Editor\Data\DotNetSdk\dotnet.exe "C:\Program Files\Unity\Hub\Editor\6000.6.0f1\Editor\Data\Tools\BuildPipeline\ScriptCompilationBuildProgram.exe" "Library/Bee/1900b0aE.dag.json" "Library/Bee/1900b0aE-inputdata.json" "Library\Bee\buildprogram0.traceevents"
WorkingDir: E:/work/tmp/team-ui-verify-20260914
ExitCode: 4 Duration: 30s
Rebuilding DAG because FileSignature timestamp changed: Library/Bee/1900b0aE-inputdata.json
[BUSY       8s] ILPP-Configuration Library/ilpp-configuration.nevergeneratedoutput
[BUSY      18s] ILPP-Configuration Library/ilpp-configuration.nevergeneratedoutput
[BUSY      28s] ILPP-Configuration Library/ilpp-configuration.nevergeneratedoutput
*** Tundra requires additional run (30.61 seconds), 2 items updated, 832 evaluated
ExitCode: 0 Duration: 2s777ms
Starting: C:\Program Files\Unity\Hub\Editor\6000.6.0f1\Editor\Data\Tools\BuildPipeline\bee_backend.exe --ipc --defer-dag-verification --dagfile="Library/Bee/1900b0aE.dag" --continue-on-failure --dagfilejson="Library\Bee\1900b0aE.dag.json" --profile="Library/Bee/backend2.traceevents" ScriptAssemblies
WorkingDir: E:/work/tmp/team-ui-verify-20260914
ExitCode: 0 Duration: 45s
Finished compiling graph: 1109 nodes, 21960 flattened edges (18148 ToBuild, 174 ToUse), maximum node priority 1218
[ 155/1105  0s] WriteText Library/Bee/artifacts/1900b0aE.dag/UnityEngine.TestRunner.UnityAdditionalFile.txt
[ 169/1105  0s] WriteText Library/Bee/artifacts/1900b0aE.dag/UnityEngine.TestRunner.rsp2
[ 177/1105  0s] WriteText Library/Bee/artifacts/1900b0aE.dag/UnityEngine.UI.UnityAdditionalFile.txt
[ 178/1105  0s] WriteText Library/Bee/artifacts/1900b0aE.dag/UnityEditor.TestRunner.UnityAdditionalFile.txt
[ 180/1105  0s] WriteText Library/Bee/artifacts/1900b0aE.dag/Unity.Burst.rsp2
[ 181/1105  0s] WriteText Library/Bee/artifacts/1900b0aE.dag/Unity.Mathematics.UnityAdditionalFile.txt
[ 182/1105  0s] WriteText Library/Bee/artifacts/1900b0aE.dag/Unity.Burst.UnityAdditionalFile.txt
[ 184/1105  0s] WriteText Library/Bee/artifacts/1900b0aE.dag/Unity.AI.Toolkit.Async.UnityAdditionalFile.txt
[ 186/1105  0s] WriteText Library/Bee/artifacts/1900b0aE.dag/Unity.AI.Toolkit.Async.rsp2
[ 187/1105  0s] WriteText Library/Bee/artifacts/1900b0aE.dag/Unity.Collections.UnityAdditionalFile.txt
[ 188/1105  0s] WriteText Library/Bee/artifacts/1900b0aE.dag/Unity.AI.Toolkit.Utility.UnityAdditionalFile.txt
[ 189/1105  0s] WriteText Library/Bee/artifacts/1900b0aE.dag/UnityEditor.UI.rsp2
[ 190/1105  0s] WriteText Library/Bee/artifacts/1900b0aE.dag/UnityEngine.UI.rsp2
[ 191/1105  0s] WriteText Library/Bee/artifacts/1900b0aE.dag/UnityEditor.TestRunner.rsp2
[ 192/1105  0s] WriteText Library/Bee/artifacts/1900b0aE.dag/UnityEditor.UI.UnityAdditionalFile.txt
[ 193/1105  0s] WriteText Library/Bee/artifacts/1900b0aE.dag/Unity.Collections.rsp2
[ 194/1105  0s] WriteText Library/Bee/artifacts/1900b0aE.dag/Unity.AI.Generators.Contexts.rsp2
[ 196/1105  0s] WriteText Library/Bee/artifacts/1900b0aE.dag/Unity.AI.Toolkit.Asset.rsp2
[ 197/1105  0s] WriteText Library/Bee/artifacts/1900b0aE.dag/UnityEngine.UI.rsp
[ 198/1105  0s] WriteText Library/Bee/artifacts/1900b0aE.dag/Unity.Mathematics.rsp2
[ 199/1105  0s] WriteText Library/Bee/artifacts/1900b0aE.dag/Unity.AI.Toolkit.Utility.rsp2
[ 201/1105  0s] WriteText Library/Bee/artifacts/1900b0aE.dag/UnityEditor.UI.rsp
[ 203/1105  0s] WriteText Library/Bee/artifacts/1900b0aE.dag/Unity.Mathematics.rsp
[ 204/1105  0s] WriteText Library/Bee/artifacts/1900b0aE.dag/Unity.Burst.rsp
[ 205/1105  0s] WriteText Library/Bee/artifacts/1900b0aE.dag/Unity.AI.Toolkit.Asset.UnityAdditionalFile.txt
[ 208/1105  0s] WriteText Library/Bee/artifacts/1900b0aE.dag/Unity.Collections.CodeGen.UnityAdditionalFile.txt
[ 209/1105  0s] WriteText Library/Bee/artifacts/1900b0aE.dag/Unity.AI.Toolkit.Async.rsp
[ 210/1105  0s] WriteText Library/Bee/artifacts/1900b0aE.dag/Unity.AI.Toolkit.Utility.rsp
[ 211/1105  0s] WriteText Library/Bee/artifacts/1900b0aE.dag/Unity.AI.Generators.Contexts.rsp
[ 213/1105  0s] WriteText Library/Bee/artifacts/1900b0aE.dag/Unity.Collections.rsp
[ 214/1105  0s] WriteText Library/Bee/artifacts/1900b0aE.dag/Unity.Collections.CodeGen.rsp2
[ 215/1105  0s] WriteText Library/Bee/artifacts/1900b0aE.dag/Unity.AI.Generators.Contexts.UnityAdditionalFile.txt
[ 221/1105  0s] WriteText Library/Bee/artifacts/1900b0aE.dag/Unity.AI.Generators.Redux.UnityAdditionalFile.txt
[ 223/1105  0s] WriteText Library/Bee/artifacts/1900b0aE.dag/Unity.AI.Generators.Redux.rsp2
[ 224/1105  0s] WriteText Library/Bee/artifacts/1900b0aE.dag/Unity.AI.Toolkit.Compliance.UnityAdditionalFile.txt
[ 225/1105  0s] WriteText Library/Bee/artifacts/1900b0aE.dag/Unity.AI.Toolkit.Asset.rsp
[ 226/1105  0s] WriteText Library/Bee/artifacts/1900b0aE.dag/Unity.AI.Toolkit.Compliance.rsp2
[ 227/1105  0s] WriteText Library/Bee/artifacts/1900b0aE.dag/Unity.AI.Tracing.UnityAdditionalFile.txt
[ 229/1105  0s] WriteText Library/Bee/artifacts/1900b0aE.dag/Unity.AI.Toolkit.Accounts.rsp2
[ 230/1105  0s] WriteText Library/Bee/artifacts/1900b0aE.dag/Unity.AI.Generators.Redux.rsp
[ 231/1105  0s] WriteText Library/Bee/artifacts/1900b0aE.dag/Unity.AI.Toolkit.Accounts.UnityAdditionalFile.txt
[ 232/1105  0s] WriteText Library/Bee/artifacts/1900b0aE.dag/Unity.AI.Generators.Asset.UnityAdditionalFile.txt
[ 234/1105  0s] WriteText Library/Bee/artifacts/1900b0aE.dag/Unity.AI.Toolkit.Compliance.rsp
[ 235/1105  0s] WriteText Library/Bee/artifacts/1900b0aE.dag/Unity.AI.Generators.Asset.rsp2
[ 236/1105  0s] WriteText Library/Bee/artifacts/1900b0aE.dag/Unity.AI.Tracing.rsp2
[ 237/1105  0s] WriteText Library/Bee/artifacts/1900b0aE.dag/Unity.AI.Assistant.Runtime.UnityAdditionalFile.txt
[ 239/1105  0s] WriteText Library/Bee/artifacts/1900b0aE.dag/Unity.AI.Assistant.Runtime.rsp2
[ 240/1105  0s] WriteText Library/Bee/artifacts/1900b0aE.dag/Unity.AI.Tracing.rsp
[ 241/1105  0s] WriteText Library/Bee/artifacts/1900b0aE.dag/Unity.AI.Generators.IO.Srp.rsp2
[ 242/1105  0s] WriteText Library/Bee/artifacts/1900b0aE.dag/Unity.AI.Generators.IO.Srp.UnityAdditionalFile.txt
[ 245/1105  0s] WriteText Library/Bee/artifacts/1900b0aE.dag/Unity.AI.Assistant.Bridge.Editor.rsp2
[ 246/1105  0s] WriteText Library/Bee/artifacts/1900b0aE.dag/Unity.AI.Generators.Asset.rsp
[ 249/1105  0s] WriteText Library/Bee/artifacts/1900b0aE.dag/Unity.AI.Assistant.Agent.Dynamic.Extension.Editor.rsp2
[ 250/1105  0s] WriteText Library/Bee/artifacts/1900b0aE.dag/Unity.AI.Assistant.Bridge.Editor.UnityAdditionalFile.txt
[ 251/1105  0s] WriteText Library/Bee/artifacts/1900b0aE.dag/Unity.AI.Assistant.Agent.Dynamic.Extension.Editor.UnityAdditionalFile.txt
[ 252/1105  0s] WriteText Library/Bee/artifacts/1900b0aE.dag/Unity.AI.Toolkit.Accounts.rsp
[ 253/1105  0s] WriteText Library/Bee/artifacts/1900b0aE.dag/Unity.Collections.CodeGen.rsp
[ 255/1105  0s] WriteText Library/Bee/artifacts/1900b0aE.dag/Unity.AI.Generators.IO.rsp2
[ 256/1105  0s] WriteText Library/Bee/artifacts/1900b0aE.dag/Unity.AI.Generators.IO.UnityAdditionalFile.txt
[ 257/1105  0s] WriteText Library/Bee/artifacts/1900b0aE.dag/Unity.AI.Generators.IO.Srp.rsp
[ 258/1105  0s] WriteText Library/Bee/artifacts/1900b0aE.dag/Unity.AI.Assistant.Runtime.rsp
[ 259/1105  0s] WriteText Library/Bee/artifacts/1900b0aE.dag/Unity.AI.Assistant.Bridge.Editor.rsp
[ 260/1105  0s] WriteText Library/Bee/artifacts/1900b0aE.dag/Unity.AI.Assistant.Agent.Dynamic.Extension.Editor.rsp
[ 261/1105  0s] WriteText Library/Bee/artifacts/1900b0aE.dag/Unity.AI.Assistant.Editor.UnityAdditionalFile.txt
[ 262/1105  0s] WriteText Library/Bee/artifacts/1900b0aE.dag/Unity.AI.Assistant.Editor.rsp2
[ 263/1105  0s] WriteText Library/Bee/artifacts/1900b0aE.dag/Unity.2D.Sprite.Editor.rsp2
[ 264/1105  0s] WriteText Library/Bee/artifacts/1900b0aE.dag/Unity.2D.Sprite.Editor.UnityAdditionalFile.txt
[ 265/1105  0s] WriteText Library/Bee/artifacts/1900b0aE.dag/Unity.InferenceEngine.rsp2
[ 266/1105  0s] WriteText Library/Bee/artifacts/1900b0aE.dag/Unity.AI.Generators.IO.rsp
[ 267/1105  0s] WriteText Library/Bee/artifacts/1900b0aE.dag/Unity.AI.Generators.UI.UnityAdditionalFile.txt
[ 268/1105  0s] WriteText Library/Bee/artifacts/1900b0aE.dag/Unity.AI.Generators.UI.rsp2
[ 270/1105  0s] WriteText Library/Bee/artifacts/1900b0aE.dag/Unity.InferenceEngine.UnityAdditionalFile.txt
[ 274/1105  0s] WriteResponseFile Library/Bee/artifacts/rsp/4747638433968585886.rsp
[ 276/1105  0s] WriteText Library/Bee/artifacts/1900b0aE.dag/Unity.AppUI.InternalAPIBridge.UnityAdditionalFile.txt
[ 279/1105  0s] WriteText Library/Bee/artifacts/1900b0aE.dag/Unity.AppUI.InternalAPIBridge.rsp2
[ 281/1105  0s] WriteText Library/Bee/artifacts/1900b0aE.dag/Unity.2D.Sprite.Editor.rsp
[ 283/1105  0s] WriteText Library/Bee/artifacts/1900b0aE.dag/Unity.AI.Generators.Sdk.rsp2
[ 284/1105  0s] WriteText Library/Bee/artifacts/1900b0aE.dag/Unity.AI.Generators.Sdk.UnityAdditionalFile.txt
[ 285/1105  0s] WriteText Library/Bee/artifacts/1900b0aE.dag/Unity.AI.Assistant.Editor.rsp
[ 286/1105  0s] WriteText Library/Bee/artifacts/1900b0aE.dag/Unity.InferenceEngine.rsp
[ 287/1105  0s] WriteText Library/Bee/artifacts/1900b0aE.dag/Unity.AI.Generators.UI.rsp
[ 288/1105  0s] WriteText Library/Bee/artifacts/1900b0aE.dag/HFDownloader.rsp2
[ 289/1105  0s] WriteText Library/Bee/artifacts/1900b0aE.dag/Unity.AI.Generators.Sdk.rsp
[ 290/1105  0s] WriteText Library/Bee/artifacts/1900b0aE.dag/Unity.AppUI.InternalAPIBridge.rsp
[ 291/1105  0s] WriteText Library/Bee/artifacts/1900b0aE.dag/Unity.AI.ModelSelector.rsp2
[ 292/1105  0s] WriteText Library/Bee/artifacts/1900b0aE.dag/HFDownloader.UnityAdditionalFile.txt
[ 293/1105  0s] WriteText Library/Bee/artifacts/1900b0aE.dag/Unity.AI.ModelSelector.UnityAdditionalFile.txt
[ 294/1105  0s] WriteText Library/Bee/artifacts/1900b0aE.dag/Unity.AppUI.rsp2
[ 298/1105  0s] WriteText Library/Bee/artifacts/1900b0aE.dag/Unity.AppUI.UnityAdditionalFile.txt
[ 299/1105  0s] WriteText Library/Bee/artifacts/1900b0aE.dag/HFDownloader.rsp
[ 301/1105  0s] WriteText Library/Bee/artifacts/1900b0aE.dag/Unity.AI.Generators.UI.AIDropdownIntegrations.rsp2
[ 302/1105  0s] WriteText Library/Bee/artifacts/1900b0aE.dag/Unity.AI.Generators.UI.AIDropdownIntegrations.UnityAdditionalFile.txt
[ 303/1105  0s] WriteText Library/Bee/artifacts/1900b0aE.dag/Unity.AI.Toolkit.GenerationContextMenu.UnityAdditionalFile.txt
[ 304/1105  0s] WriteText Library/Bee/artifacts/1900b0aE.dag/Unity.AI.Search.Editor.rsp2
[ 305/1105  0s] WriteText Library/Bee/artifacts/1900b0aE.dag/Unity.AI.Toolkit.GenerationContextMenu.rsp2
[ 306/1105  0s] WriteText Library/Bee/artifacts/1900b0aE.dag/Unity.AI.Search.Editor.UnityAdditionalFile.txt
[ 307/1105  0s] WriteText Library/Bee/artifacts/1900b0aE.dag/Unity.InternalAPIEngineBridge.004.rsp2
[ 308/1105  0s] WriteText Library/Bee/artifacts/1900b0aE.dag/Unity.AI.Toolkit.GenerationObjectPicker.UnityAdditionalFile.txt
[ 309/1105  0s] WriteText Library/Bee/artifacts/1900b0aE.dag/Unity.InternalAPIEngineBridge.004.UnityAdditionalFile.txt
[ 310/1105  0s] WriteText Library/Bee/artifacts/1900b0aE.dag/Unity.AI.Toolkit.GenerationObjectPicker.rsp2
[ 311/1105  0s] WriteText Library/Bee/artifacts/1900b0aE.dag/Unity.AI.Assistant.Tools.Editor.UnityAdditionalFile.txt
[ 312/1105  0s] WriteText Library/Bee/artifacts/1900b0aE.dag/Unity.AI.Assistant.Tools.Editor.rsp2
[ 314/1105  0s] WriteText Library/Bee/artifacts/1900b0aE.dag/Unity.AI.Toolkit.GenerationContextMenu.rsp
[ 316/1105  0s] WriteText Library/Bee/artifacts/1900b0aE.dag/Unity.AI.Search.Editor.rsp
[ 318/1105  0s] WriteText Library/Bee/artifacts/1900b0aE.dag/Unity.AI.Generators.UI.AIDropdownIntegrations.rsp
[ 322/1105  0s] WriteText Library/Bee/artifacts/1900b0aE.dag/Unity.TextMeshPro.rsp2
[ 323/1105  0s] WriteText Library/Bee/artifacts/1900b0aE.dag/Unity.TextMeshPro.UnityAdditionalFile.txt
[ 324/1105  0s] WriteText Library/Bee/artifacts/1900b0aE.dag/Unity.AI.ModelSelector.rsp
[ 325/1105  0s] WriteText Library/Bee/artifacts/1900b0aE.dag/Unity.InternalAPIEngineBridge.004.rsp
[ 326/1105  0s] WriteText Library/Bee/artifacts/1900b0aE.dag/Unity.AI.Toolkit.GenerationObjectPicker.rsp
[ 327/1105  0s] WriteText Library/Bee/artifacts/1900b0aE.dag/Unity.AppUI.rsp
[ 328/1105  0s] WriteText Library/Bee/artifacts/1900b0aE.dag/Unity.AI.Animate.Motion.Runtime.rsp2
[ 331/1105  0s] WriteText Library/Bee/artifacts/1900b0aE.dag/Unity.AI.Pbr.Srp.rsp2
[ 332/1105  0s] WriteText Library/Bee/artifacts/1900b0aE.dag/Unity.AI.Animate.Motion.Runtime.UnityAdditionalFile.txt
[ 333/1105  0s] WriteText Library/Bee/artifacts/1900b0aE.dag/Unity.AI.Pbr.Srp.UnityAdditionalFile.txt
[ 334/1105  0s] WriteText Library/Bee/artifacts/1900b0aE.dag/Unity.AI.Assistant.Annotations.Editor.UnityAdditionalFile.txt
[ 335/1105  0s] WriteText Library/Bee/artifacts/1900b0aE.dag/Unity.AI.Assistant.Annotations.Editor.rsp2
[ 338/1105  0s] WriteText Library/Bee/artifacts/1900b0aE.dag/Unity.AI.Animate.Motion.Runtime.rsp
[ 339/1105  0s] WriteText Library/Bee/artifacts/1900b0aE.dag/Unity.AI.Assistant.Tools.Editor.rsp
[ 340/1105  0s] WriteText Library/Bee/artifacts/1900b0aE.dag/Unity.AI.Pbr.Srp.rsp
[ 341/1105  0s] WriteText Library/Bee/artifacts/1900b0aE.dag/Unity.AI.Sound.rsp2
[ 342/1105  0s] WriteText Library/Bee/artifacts/1900b0aE.dag/Unity.AI.Assistant.Annotations.Editor.rsp
[ 343/1105  0s] WriteText Library/Bee/artifacts/1900b0aE.dag/Unity.AI.Pbr.rsp2
[ 344/1105  0s] WriteText Library/Bee/artifacts/1900b0aE.dag/Unity.AI.Sound.UnityAdditionalFile.txt
[ 345/1105  0s] WriteText Library/Bee/artifacts/1900b0aE.dag/Unity.AI.Pbr.UnityAdditionalFile.txt
[ 346/1105  0s] WriteText Library/Bee/artifacts/1900b0aE.dag/Unity.AI.Mesh.rsp2
[ 347/1105  0s] WriteText Library/Bee/artifacts/1900b0aE.dag/Unity.AI.Mesh.UnityAdditionalFile.txt
[ 348/1105  0s] WriteText Library/Bee/artifacts/1900b0aE.dag/Unity.AI.Image.rsp2
[ 349/1105  0s] WriteText Library/Bee/artifacts/1900b0aE.dag/Unity.AI.Image.UnityAdditionalFile.txt
[ 350/1105  0s] WriteText Library/Bee/artifacts/1900b0aE.dag/Unity.AI.Animate.UnityAdditionalFile.txt
[ 351/1105  0s] WriteText Library/Bee/artifacts/1900b0aE.dag/Unity.AI.Animate.rsp2
[ 354/1105  0s] WriteText Library/Bee/artifacts/1900b0aE.dag/Unity.AI.Assistant.UI.Editor.rsp2
[ 355/1105  0s] WriteText Library/Bee/artifacts/1900b0aE.dag/Unity.TextMeshPro.rsp
[ 356/1105  0s] WriteText Library/Bee/artifacts/1900b0aE.dag/Unity.AppUI.Redux.UnityAdditionalFile.txt
[ 357/1105  0s] WriteText Library/Bee/artifacts/1900b0aE.dag/Unity.AI.Assistant.UI.Editor.UnityAdditionalFile.txt
[ 358/1105  0s] WriteText Library/Bee/artifacts/1900b0aE.dag/Unity.AppUI.Redux.rsp2
[ 359/1105  0s] WriteText Library/Bee/artifacts/1900b0aE.dag/Unity.AI.Animate.rsp
[ 360/1105  0s] WriteText Library/Bee/artifacts/1900b0aE.dag/Unity.AI.Sound.rsp
[ 365/1105  0s] WriteText Library/Bee/artifacts/1900b0aE.dag/Unity.AI.Pbr.rsp
[ 368/1105  0s] WriteText Library/Bee/artifacts/1900b0aE.dag/Unity.InferenceEngine.Microsoft.Msagl.rsp2
[ 369/1105  0s] WriteText Library/Bee/artifacts/1900b0aE.dag/Unity.AI.Generators.Tools.rsp2
[ 371/1105  0s] WriteText Library/Bee/artifacts/1900b0aE.dag/Unity.AI.Image.rsp
[ 372/1105  0s] WriteText Library/Bee/artifacts/1900b0aE.dag/Unity.AI.Generators.Tools.UnityAdditionalFile.txt
[ 373/1105  0s] WriteText Library/Bee/artifacts/1900b0aE.dag/Unity.InferenceEngine.Microsoft.Msagl.UnityAdditionalFile.txt
[ 374/1105  0s] WriteText Library/Bee/artifacts/1900b0aE.dag/Unity.AI.Mesh.rsp
[ 376/1105  0s] WriteText Library/Bee/artifacts/1900b0aE.dag/Unity.AI.Assistant.UI.Editor.rsp
[ 377/1105  0s] WriteText Library/Bee/artifacts/1900b0aE.dag/Unity.AppUI.Editor.UnityAdditionalFile.txt
[ 378/1105  0s] WriteText Library/Bee/artifacts/1900b0aE.dag/Unity.AppUI.Redux.rsp
[ 379/1105  0s] WriteText Library/Bee/artifacts/1900b0aE.dag/Unity.AppUI.Editor.rsp2
[ 380/1105  0s] WriteText Library/Bee/artifacts/1900b0aE.dag/Unity.AI.Assistant.API.Editor.UnityAdditionalFile.txt
[ 381/1105  0s] WriteText Library/Bee/artifacts/1900b0aE.dag/Unity.AI.Generators.Tools.rsp
[ 382/1105  0s] WriteText Library/Bee/artifacts/1900b0aE.dag/Unity.Timeline.rsp2
[ 383/1105  0s] WriteText Library/Bee/artifacts/1900b0aE.dag/Unity.InferenceEngine.Microsoft.Msagl.rsp
[ 384/1105  0s] WriteText Library/Bee/artifacts/1900b0aE.dag/Unity.AI.Assistant.API.Editor.rsp2
[ 385/1105  0s] WriteText Library/Bee/artifacts/1900b0aE.dag/Unity.AppUI.Navigation.rsp2
[ 386/1105  0s] WriteText Library/Bee/artifacts/1900b0aE.dag/Unity.AppUI.Navigation.UnityAdditionalFile.txt
[ 387/1105  0s] WriteText Library/Bee/artifacts/1900b0aE.dag/Unity.AI.MCP.Runtime.UnityAdditionalFile.txt
[ 388/1105  0s] WriteText Library/Bee/artifacts/1900b0aE.dag/Unity.AI.MCP.Runtime.rsp2
[ 389/1105  0s] WriteText Library/Bee/artifacts/1900b0aE.dag/Unity.InferenceEngine.ONNX.Editor.UnityAdditionalFile.txt
[ 390/1105  0s] WriteText Library/Bee/artifacts/1900b0aE.dag/Unity.InferenceEngine.ONNX.Editor.rsp2
[ 391/1105  0s] WriteText Library/Bee/artifacts/1900b0aE.dag/Unity.Timeline.UnityAdditionalFile.txt
[ 392/1105  0s] WriteText Library/Bee/artifacts/1900b0aE.dag/MmorpgClient.UnityAdditionalFile.txt
[ 393/1105  0s] WriteText Library/Bee/artifacts/1900b0aE.dag/Unity.AI.Assistant.AssetGenerators.Editor.rsp2
[ 394/1105  0s] WriteText Library/Bee/artifacts/1900b0aE.dag/Unity.AI.Assistant.AssetGenerators.Editor.UnityAdditionalFile.txt
[ 395/1105  0s] WriteText Library/Bee/artifacts/1900b0aE.dag/Unity.InferenceEngine.Editor.Visualizer.rsp2
[ 396/1105  0s] WriteText Library/Bee/artifacts/1900b0aE.dag/Unity.AppUI.Editor.rsp
[ 397/1105  0s] WriteText Library/Bee/artifacts/1900b0aE.dag/Unity.InferenceEngine.Editor.Visualizer.UnityAdditionalFile.txt
[ 398/1105  0s] WriteText Library/Bee/artifacts/1900b0aE.dag/Unity.AI.MCP.Runtime.rsp
[ 399/1105  0s] WriteText Library/Bee/artifacts/1900b0aE.dag/Unity.AppUI.Navigation.rsp
[ 400/1105  0s] WriteText Library/Bee/artifacts/1900b0aE.dag/Unity.AI.Assistant.API.Editor.rsp
[ 401/1105  0s] WriteText Library/Bee/artifacts/1900b0aE.dag/Unity.Timeline.rsp
[ 402/1105  0s] WriteText Library/Bee/artifacts/1900b0aE.dag/Unity.InferenceEngine.ONNX.Editor.rsp
[ 403/1105  0s] WriteText Library/Bee/artifacts/1900b0aE.dag/Unity.AI.Assistant.AssetGenerators.Editor.rsp
[ 404/1105  0s] WriteText Library/Bee/artifacts/1900b0aE.dag/Unity.Rider.Editor.rsp2
[ 405/1105  0s] WriteText Library/Bee/artifacts/1900b0aE.dag/Unity.VisualStudio.Editor.UnityAdditionalFile.txt
[ 406/1105  0s] WriteText Library/Bee/artifacts/1900b0aE.dag/Unity.Rider.Editor.UnityAdditionalFile.txt
[ 407/1105  0s] WriteText Library/Bee/artifacts/1900b0aE.dag/Unity.InferenceEngine.Editor.Visualizer.rsp
[ 408/1105  0s] WriteText Library/Bee/artifacts/1900b0aE.dag/Unity.Collections.Editor.rsp2
[ 409/1105  0s] WriteText Library/Bee/artifacts/1900b0aE.dag/Unity.VisualStudio.Editor.rsp2
[ 410/1105  0s] WriteText Library/Bee/artifacts/1900b0aE.dag/MmorpgClient.rsp
[ 411/1105  0s] WriteText Library/Bee/artifacts/1900b0aE.dag/Unity.AI.Assistant.Integrations.Profiler.Editor.UnityAdditionalFile.txt
[ 412/1105  0s] WriteText Library/Bee/artifacts/1900b0aE.dag/Unity.InferenceEngine.Editor.UnityAdditionalFile.txt
[ 413/1105  0s] WriteText Library/Bee/artifacts/1900b0aE.dag/Unity.InferenceEngine.Editor.rsp2
[ 414/1105  0s] WriteText Library/Bee/artifacts/1900b0aE.dag/Unity.AI.Assistant.Integrations.Profiler.Editor.rsp2
[ 415/1105  0s] WriteText Library/Bee/artifacts/1900b0aE.dag/Unity.AI.MCP.Editor.UnityAdditionalFile.txt
[ 416/1105  0s] WriteText Library/Bee/artifacts/1900b0aE.dag/Unity.InferenceEngine.MacBLAS.UnityAdditionalFile.txt
[ 417/1105  0s] WriteText Library/Bee/artifacts/1900b0aE.dag/Unity.AI.MCP.Editor.rsp2
[ 419/1105  0s] WriteText Library/Bee/artifacts/1900b0aE.dag/Unity.InferenceEngine.MacBLAS.rsp2
[ 442/1105  0s] WriteText Library/Bee/artifacts/1900b0aE.dag/Unity.AppUI.MVVM.UnityAdditionalFile.txt
[ 443/1105  0s] WriteText Library/Bee/artifacts/1900b0aE.dag/Unity.Collections.Tests.CoreCLR.PublicJobPrivateGeneric.rsp2
[ 444/1105  0s] WriteText Library/Bee/artifacts/1900b0aE.dag/Unity.InferenceEngine.Tokenization.rsp2
[ 445/1105  0s] WriteText Library/Bee/artifacts/1900b0aE.dag/Unity.AppUI.MVVM.rsp2
[ 446/1105  0s] WriteText Library/Bee/artifacts/1900b0aE.dag/Unity.PerformanceTesting.rsp2
[ 448/1105  0s] WriteText Library/Bee/artifacts/1900b0aE.dag/Unity.InferenceEngine.iOSBLAS.UnityAdditionalFile.txt
[ 449/1105  0s] WriteText Library/Bee/artifacts/1900b0aE.dag/Unity.AppUI.Navigation.Editor.UnityAdditionalFile.txt
[ 450/1105  0s] WriteText Library/Bee/artifacts/1900b0aE.dag/Unity.InferenceEngine.iOSBLAS.rsp2
[ 451/1105  0s] WriteText Library/Bee/artifacts/1900b0aE.dag/Unity.AppUI.Navigation.Editor.rsp2
[ 452/1105  0s] WriteText Library/Bee/artifacts/1900b0aE.dag/Unity.InferenceEngine.Tokenization.UnityAdditionalFile.txt
[ 453/1105  0s] WriteText Library/Bee/artifacts/1900b0aE.dag/Unity.AppUI.Redux.Editor.UnityAdditionalFile.txt
[ 454/1105  0s] WriteText Library/Bee/artifacts/1900b0aE.dag/Unity.AppUI.Redux.Editor.rsp2
[ 455/1105  0s] WriteText Library/Bee/artifacts/1900b0aE.dag/Unity.TextMeshPro.Editor.UnityAdditionalFile.txt
[ 456/1105  0s] WriteText Library/Bee/artifacts/1900b0aE.dag/Unity.AppUI.Undo.UnityAdditionalFile.txt
[ 457/1105  0s] WriteText Library/Bee/artifacts/1900b0aE.dag/Unity.TextMeshPro.Editor.rsp2
[ 458/1105  0s] WriteText Library/Bee/artifacts/1900b0aE.dag/Unity.Collections.Editor.UnityAdditionalFile.txt
[ 459/1105  0s] WriteText Library/Bee/artifacts/1900b0aE.dag/Unity.Collections.Tests.CoreCLR.InternalJobNestedPrivate.rsp2
[ 460/1105  0s] WriteText Library/Bee/artifacts/1900b0aE.dag/Unity.Collections.Tests.CoreCLR.PrivateJobNested.UnityAdditionalFile.txt
[ 462/1105  0s] WriteText Library/Bee/artifacts/1900b0aE.dag/Unity.Timeline.Editor.rsp2
[ 463/1105  0s] WriteText Library/Bee/artifacts/1900b0aE.dag/Unity.AppUI.Undo.rsp2
[ 464/1105  0s] WriteText Library/Bee/artifacts/1900b0aE.dag/Unity.Collections.Tests.CoreCLR.PrivateJobNested.rsp2
[ 468/1105  0s] WriteText Library/Bee/artifacts/1900b0aE.dag/Unity.Timeline.Editor.UnityAdditionalFile.txt
[ 473/1105  0s] WriteText Library/Bee/artifacts/1900b0aE.dag/Unity.Collections.Tests.CoreCLR.ProtectedJobNested.UnityAdditionalFile.txt
[ 474/1105  0s] WriteText Library/Bee/artifacts/1900b0aE.dag/Unity.PerformanceTesting.UnityAdditionalFile.txt
[ 475/1105  0s] WriteText Library/Bee/artifacts/1900b0aE.dag/UnityEditor.UI.Analytics.UnityAdditionalFile.txt
[ 476/1105  0s] WriteText Library/Bee/artifacts/1900b0aE.dag/UnityEditor.UI.Analytics.rsp2
[ 477/1105  0s] WriteText Library/Bee/artifacts/1900b0aE.dag/Unity.Collections.Tests.CoreCLR.ProtectedJobNested.rsp2
[ 479/1105  0s] WriteText Library/Bee/artifacts/1900b0aE.dag/Unity.Collections.Tests.CoreCLR.PublicJobPrivateGeneric.UnityAdditionalFile.txt
[ 480/1105  0s] WriteText Library/Bee/artifacts/1900b0aE.dag/Unity.Collections.Tests.CoreCLR.InternalJobNestedPrivate.UnityAdditionalFile.txt
[ 481/1105  0s] WriteText Library/Bee/artifacts/1900b0aE.dag/Unity.AppUI.MVVM.rsp
[ 482/1105  0s] WriteText Library/Bee/artifacts/1900b0aE.dag/Unity.AI.Assistant.Integrations.Profiler.Editor.rsp
[ 483/1105  0s] WriteText Library/Bee/artifacts/1900b0aE.dag/Unity.AppUI.Navigation.Editor.rsp
[ 484/1105  0s] WriteText Library/Bee/artifacts/1900b0aE.dag/Unity.AI.MCP.Editor.rsp
[ 485/1105  0s] WriteText Library/Bee/artifacts/1900b0aE.dag/UnityEditor.UI.Analytics.rsp
[ 488/1105  0s] WriteText Library/Bee/artifacts/1900b0aE.dag/Unity.Collections.Editor.rsp
[ 489/1105  0s] WriteText Library/Bee/artifacts/1900b0aE.dag/Unity.AppUI.Redux.Editor.rsp
[ 490/1105  0s] WriteText Library/Bee/artifacts/1900b0aE.dag/Unity.Collections.Tests.CoreCLR.PublicJobPrivateGeneric.rsp
[ 491/1105  0s] WriteText Library/Bee/artifacts/1900b0aE.dag/Unity.Collections.Tests.CoreCLR.InternalJobNestedPrivate.rsp
[ 492/1105  0s] WriteResponseFile Library/Bee/artifacts/rsp/3116656848610092085.rsp
[ 493/1105  0s] WriteText Library/Bee/artifacts/1900b0aE.dag/Unity.Timeline.Editor.rsp
[ 494/1105  0s] WriteResponseFile Library/Bee/artifacts/rsp/2157608619508796868.rsp
[ 495/1105  0s] WriteResponseFile Library/Bee/artifacts/rsp/8157786106806150916.rsp
[ 496/1105  0s] WriteText Library/Bee/artifacts/1900b0aE.dag/Unity.Collections.Tests.CoreCLR.ProtectedJobNested.rsp
[ 497/1105  0s] WriteText Library/Bee/artifacts/1900b0aE.dag/Unity.Collections.Tests.CoreCLR.PrivateJobNested.rsp
[ 498/1105  0s] WriteText Library/Bee/artifacts/1900b0aE.dag/Unity.InferenceEngine.Editor.rsp
[ 499/1105  0s] WriteResponseFile Library/Bee/artifacts/rsp/5546506141355401238.rsp
[ 500/1105  0s] WriteText Library/Bee/artifacts/1900b0aE.dag/MmorpgClient.Tests.EditMode.Guild.dll.mvfrm.rsp
[ 501/1105  0s] WriteResponseFile Library/Bee/artifacts/rsp/5916180605834378387.rsp
[ 502/1105  0s] WriteText Library/Bee/artifacts/1900b0aE.dag/Unity.AppUI.Undo.rsp
[ 503/1105  0s] WriteText Library/Bee/artifacts/1900b0aE.dag/Unity.InferenceEngine.iOSBLAS.rsp
[ 504/1105  0s] WriteText Library/Bee/artifacts/1900b0aE.dag/MmorpgClient.Guild.Editor.dll.mvfrm.rsp
[ 505/1105  0s] WriteText Library/Bee/artifacts/1900b0aE.dag/Unity.PerformanceTesting.Editor.rsp2
[ 506/1105  0s] WriteText Library/Bee/artifacts/1900b0aE.dag/MmorpgClient.Tests.EditMode.Guild.rsp2
[ 507/1105  0s] WriteResponseFile Library/Bee/artifacts/rsp/5465330626836213513.rsp
[ 508/1105  0s] WriteText Library/Bee/artifacts/1900b0aE.dag/MmorpgClient.Tests.PlayMode.UnityAdditionalFile.txt
[ 509/1105  0s] WriteText Library/Bee/artifacts/1900b0aE.dag/Unity.InferenceEngine.MacBLAS.rsp
[ 510/1105  0s] WriteText Library/Bee/artifacts/1900b0aE.dag/Unity.TextMeshPro.Editor.rsp
[ 511/1105  0s] WriteResponseFile Library/Bee/artifacts/rsp/5560665711806207659.rsp
[ 512/1105  0s] WriteResponseFile Library/Bee/artifacts/rsp/1241893138779591018.rsp
[ 513/1105  0s] WriteText Library/Bee/artifacts/1900b0aE.dag/MmorpgClient.Tests.EditMode.Battle.UnityAdditionalFile.txt
[ 514/1105  0s] WriteResponseFile Library/Bee/artifacts/rsp/7606483801609891643.rsp
[ 515/1105  0s] WriteText Library/Bee/artifacts/1900b0aE.dag/MmorpgClient.Tests.EditMode.Tianyong.UnityAdditionalFile.txt
[ 516/1105  0s] WriteResponseFile Library/Bee/artifacts/rsp/8687634500575384782.rsp
[ 517/1105  0s] WriteText Library/Bee/artifacts/1900b0aE.dag/MmorpgClient.Guild.Editor.rsp2
[ 518/1105  0s] WriteResponseFile Library/Bee/artifacts/rsp/12912871946893575143.rsp
[ 519/1105  0s] WriteText Library/Bee/artifacts/1900b0aE.dag/MmorpgClient.Tests.PlayMode.rsp
[ 520/1105  0s] WriteResponseFile Library/Bee/artifacts/rsp/16955349575566033662.rsp
[ 521/1105  0s] WriteResponseFile Library/Bee/artifacts/rsp/14316143403170570236.rsp
[ 522/1105  0s] WriteResponseFile Library/Bee/artifacts/rsp/2209323882815280131.rsp
[ 523/1105  0s] WriteText Library/Bee/artifacts/1900b0aE.dag/Unity.InferenceEngine.Tokenization.rsp
[ 524/1105  0s] WriteResponseFile Library/Bee/artifacts/rsp/10882039081662076641.rsp
[ 525/1105  0s] WriteResponseFile Library/Bee/artifacts/rsp/7144934147629065502.rsp
[ 526/1105  0s] WriteResponseFile Library/Bee/artifacts/rsp/3635558437569565769.rsp
[ 527/1105  0s] WriteResponseFile Library/Bee/artifacts/rsp/12192641585883629681.rsp
[ 528/1105  0s] WriteResponseFile Library/Bee/artifacts/rsp/11787665206494273547.rsp
[ 529/1105  0s] WriteResponseFile Library/Bee/artifacts/rsp/8622521327744862675.rsp
[ 530/1105  0s] WriteText Library/Bee/artifacts/1900b0aE.dag/MmorpgClient.Guild.Editor.UnityAdditionalFile.txt
[ 531/1105  0s] WriteResponseFile Library/Bee/artifacts/rsp/1418726328684876121.rsp
[ 532/1105  0s] WriteResponseFile Library/Bee/artifacts/rsp/9971674143059154378.rsp
[ 533/1105  0s] WriteResponseFile Library/Bee/artifacts/rsp/8051171512430532380.rsp
[ 534/1105  0s] WriteResponseFile Library/Bee/artifacts/rsp/3071285868016441895.rsp
[ 535/1105  0s] WriteResponseFile Library/Bee/artifacts/rsp/13686715218353603589.rsp
[ 536/1105  0s] WriteResponseFile Library/Bee/artifacts/rsp/586417172420051083.rsp
[ 537/1105  0s] WriteText Library/Bee/artifacts/1900b0aE.dag/Unity.PerformanceTesting.Editor.UnityAdditionalFile.txt
[ 538/1105  0s] WriteText Library/Bee/artifacts/1900b0aE.dag/MmorpgClient.Tests.EditMode.Guild.UnityAdditionalFile.txt
[ 539/1105  0s] WriteText Library/Bee/artifacts/1900b0aE.dag/MmorpgClient.Tests.EditMode.Tianyong.rsp
[ 540/1105  0s] WriteText Library/Bee/artifacts/1900b0aE.dag/MmorpgClient.Guild.Editor.rsp
[ 541/1105  0s] WriteResponseFile Library/Bee/artifacts/rsp/13909235412005675431.rsp
[ 542/1105  0s] WriteText Library/Bee/artifacts/1900b0aE.dag/Assembly-CSharp-Editor.rsp
[ 543/1105  0s] WriteResponseFile Library/Bee/artifacts/rsp/4179407414357894406.rsp
[ 544/1105  0s] WriteText Library/Bee/artifacts/1900b0aE.dag/MmorpgClient.Tests.EditMode.Guild.rsp
[ 545/1105  0s] WriteResponseFile Library/Bee/artifacts/rsp/1459738325685585650.rsp
[ 546/1105  0s] WriteResponseFile Library/Bee/artifacts/rsp/288488174905559534.rsp
[ 547/1105  0s] WriteResponseFile Library/Bee/artifacts/rsp/12104082219611891248.rsp
[ 548/1105  0s] WriteResponseFile Library/Bee/artifacts/rsp/10869332526472877478.rsp
[ 549/1105  0s] WriteResponseFile Library/Bee/artifacts/rsp/1364033343444103190.rsp
[ 550/1105  0s] WriteResponseFile Library/Bee/artifacts/rsp/5666034229570516919.rsp
[ 551/1105  0s] WriteResponseFile Library/Bee/artifacts/rsp/6193514961945018322.rsp
[ 552/1105  0s] WriteResponseFile Library/Bee/artifacts/rsp/4462417561080226904.rsp
[ 553/1105  0s] WriteResponseFile Library/Bee/artifacts/rsp/13534715222809159398.rsp
[ 554/1105  0s] WriteText Library/Bee/artifacts/1900b0aE.dag/Assembly-CSharp-Editor.UnityAdditionalFile.txt
[ 555/1105  0s] WriteResponseFile Library/Bee/artifacts/rsp/10697766251284399165.rsp
[ 556/1105  0s] WriteResponseFile Library/Bee/artifacts/rsp/8899139255040401798.rsp
[ 557/1105  0s] WriteResponseFile Library/Bee/artifacts/rsp/6294510702601876485.rsp
[ 558/1105  0s] WriteResponseFile Library/Bee/artifacts/rsp/9708598661318103069.rsp
[ 559/1105  0s] WriteResponseFile Library/Bee/artifacts/rsp/8425637358010165737.rsp
[ 560/1105  0s] WriteResponseFile Library/Bee/artifacts/rsp/8339687817580181739.rsp
[ 561/1105  0s] WriteResponseFile Library/Bee/artifacts/rsp/8821647045857962150.rsp
[ 562/1105  0s] WriteResponseFile Library/Bee/artifacts/rsp/10890691014931692714.rsp
[ 563/1105  0s] WriteResponseFile Library/Bee/artifacts/rsp/2959687213209438319.rsp
[ 564/1105  0s] WriteResponseFile Library/Bee/artifacts/rsp/8053311100599596929.rsp
[ 565/1105  0s] WriteResponseFile Library/Bee/artifacts/rsp/8842765153177570536.rsp
[ 566/1105  0s] WriteResponseFile Library/Bee/artifacts/rsp/4906633768252269426.rsp
[ 567/1105  0s] WriteResponseFile Library/Bee/artifacts/rsp/2651563713784943047.rsp
[ 568/1105  0s] WriteResponseFile Library/Bee/artifacts/rsp/12122055926670147868.rsp
[ 569/1105  0s] WriteResponseFile Library/Bee/artifacts/rsp/7750146619039987931.rsp
[ 570/1105  0s] WriteResponseFile Library/Bee/artifacts/rsp/1733524820046661633.rsp
[ 571/1105  0s] WriteResponseFile Library/Bee/artifacts/rsp/592391121486274934.rsp
[ 572/1105  0s] WriteResponseFile Library/Bee/artifacts/rsp/12812556936427222528.rsp
[ 573/1105  0s] WriteResponseFile Library/Bee/artifacts/rsp/1759290155104201900.rsp
[ 574/1105  0s] WriteResponseFile Library/Bee/artifacts/rsp/8976826243146042383.rsp
[ 575/1105  0s] WriteResponseFile Library/Bee/artifacts/rsp/17285932722338182573.rsp
[ 576/1105  0s] WriteResponseFile Library/Bee/artifacts/rsp/11564738420230795162.rsp
[ 577/1105  0s] WriteResponseFile Library/Bee/artifacts/rsp/18426938688076938391.rsp
[ 578/1105  0s] WriteResponseFile Library/Bee/artifacts/rsp/6809154955867194459.rsp
[ 579/1105  0s] WriteResponseFile Library/Bee/artifacts/rsp/6143085247150773400.rsp
[ 580/1105  0s] WriteResponseFile Library/Bee/artifacts/rsp/16608933430400068143.rsp
[ 581/1105  0s] WriteResponseFile Library/Bee/artifacts/rsp/8430359774541989196.rsp
[ 582/1105  0s] WriteResponseFile Library/Bee/artifacts/rsp/17560367951316853787.rsp
[ 583/1105  0s] WriteResponseFile Library/Bee/artifacts/rsp/2655319114021734818.rsp
[ 584/1105  0s] WriteResponseFile Library/Bee/artifacts/rsp/3648465134513896125.rsp
[ 585/1105  0s] WriteResponseFile Library/Bee/artifacts/rsp/14566447020836459352.rsp
[ 586/1105  0s] WriteResponseFile Library/Bee/artifacts/rsp/3494851207791186964.rsp
[ 587/1105  0s] WriteResponseFile Library/Bee/artifacts/rsp/10292501669419677951.rsp
[ 588/1105  0s] WriteResponseFile Library/Bee/artifacts/rsp/2781082588993088484.rsp
[ 589/1105  0s] WriteResponseFile Library/Bee/artifacts/rsp/4418271852702483934.rsp
[ 590/1105  0s] WriteResponseFile Library/Bee/artifacts/rsp/6262281476893245489.rsp
[ 591/1105  0s] WriteResponseFile Library/Bee/artifacts/rsp/8984082599389543581.rsp
[ 592/1105  0s] WriteResponseFile Library/Bee/artifacts/rsp/3100053966434390205.rsp
[ 593/1105  0s] WriteResponseFile Library/Bee/artifacts/rsp/17234613055290522353.rsp
[ 594/1105  0s] WriteResponseFile Library/Bee/artifacts/rsp/12900333509587573630.rsp
[ 595/1105  0s] WriteResponseFile Library/Bee/artifacts/rsp/4772145154433932943.rsp
[ 596/1105  0s] WriteResponseFile Library/Bee/artifacts/rsp/5076401413164530033.rsp
[ 597/1105  0s] WriteResponseFile Library/Bee/artifacts/rsp/6065712226328768301.rsp
[ 598/1105  0s] WriteResponseFile Library/Bee/artifacts/rsp/7453980399897704163.rsp
[ 599/1105  0s] WriteResponseFile Library/Bee/artifacts/rsp/17808041319785689290.rsp
[ 600/1105  0s] WriteResponseFile Library/Bee/artifacts/rsp/10864296189774257271.rsp
[ 601/1105  0s] WriteResponseFile Library/Bee/artifacts/rsp/16125158746970884189.rsp
[           0s] Csc Library/Bee/artifacts/1900b0aE.dag/UnityEngine.UI.dll (+2 others) [CacheMiss 81cbed123e02919e4db3362104d7f7b000000000000000000000000000000006]
[ 602/1105  1s] Csc Library/Bee/artifacts/1900b0aE.dag/UnityEngine.UI.dll (+2 others)
[           0s] Csc Library/Bee/artifacts/1900b0aE.dag/UnityEngine.UI.dll (+2 others) [CacheWrite 81cbed123e02919e4db3362104d7f7b000000000000000000000000000000006]
[           0s] Csc Library/Bee/artifacts/1900b0aE.dag/UnityEditor.UI.dll (+2 others) [CacheMiss 120faec3d5f06d0eb2cacfa5e3f42a3d00000000000000000000000000000006]
[ 605/1105  0s] Csc Library/Bee/artifacts/1900b0aE.dag/UnityEditor.UI.dll (+2 others)
[           0s] Csc Library/Bee/artifacts/1900b0aE.dag/UnityEditor.UI.dll (+2 others) [CacheWrite 120faec3d5f06d0eb2cacfa5e3f42a3d00000000000000000000000000000006]
[           0s] Csc Library/Bee/artifacts/1900b0aE.dag/Unity.2D.Sprite.Editor.dll (+2 others) [CacheMiss 27885e19e23bfb4713089ffb0ec04b8400000000000000000000000000000006]
[           0s] Csc Library/Bee/artifacts/1900b0aE.dag/Unity.Burst.dll (+2 others) [CacheMiss 6eb2d02d08078d1491f42083864ff1ca00000000000000000000000000000006]
[           0s] Csc Library/Bee/artifacts/1900b0aE.dag/Unity.InferenceEngine.Tokenization.dll (+2 others) [CacheMiss b59d4e63e073ec75b99e012e4ea6c6d200000000000000000000000000000006]
[           0s] Csc Library/Bee/artifacts/1900b0aE.dag/Unity.AI.Generators.IO.Srp.dll (+2 others) [CacheMiss ab48da8d007fa26ec869ebefe391001100000000000000000000000000000006]
[           0s] Csc Library/Bee/artifacts/1900b0aE.dag/Unity.AppUI.InternalAPIBridge.dll (+2 others) [CacheMiss 357500117498275102018c1e2737c73400000000000000000000000000000006]
[           0s] Csc Library/Bee/artifacts/1900b0aE.dag/Unity.InferenceEngine.Microsoft.Msagl.dll (+2 others) [CacheMiss bb29e57fb36252826f91acc8f5f6042700000000000000000000000000000006]
[           0s] Csc Library/Bee/artifacts/1900b0aE.dag/Unity.InternalAPIEngineBridge.004.dll (+2 others) [CacheMiss ca09c8ba93f673d370ba8442ed949f6600000000000000000000000000000006]
[           0s] Csc Library/Bee/artifacts/1900b0aE.dag/Unity.AppUI.Undo.dll (+2 others) [CacheMiss d7531c248d53c46a53fa0f3df76805a100000000000000000000000000000006]
[           0s] Csc Library/Bee/artifacts/1900b0aE.dag/Unity.AI.Toolkit.Async.dll (+2 others) [CacheMiss f416e5b2bc91ba49234ecce22cc9b1cd00000000000000000000000000000006]
[           0s] Csc Library/Bee/artifacts/1900b0aE.dag/Unity.AI.Toolkit.Utility.dll (+2 others) [CacheMiss 7aa81fbc68336495e77442188f70abf300000000000000000000000000000006]
[           0s] Csc Library/Bee/artifacts/1900b0aE.dag/Unity.AI.Assistant.Bridge.Editor.dll (+2 others) [CacheMiss 5594e3a9827593dccdae4e230acdf75900000000000000000000000000000006]
[           0s] Csc Library/Bee/artifacts/1900b0aE.dag/Unity.AI.MCP.Runtime.dll (+2 others) [CacheMiss a4134414049bd1b828631c5301afa4e300000000000000000000000000000006]
[           0s] Csc Library/Bee/artifacts/1900b0aE.dag/Unity.AI.Assistant.Annotations.Editor.dll (+2 others) [CacheMiss ad4b1ca51ccb124815e0ea257d915b1600000000000000000000000000000006]
[           0s] Csc Library/Bee/artifacts/1900b0aE.dag/Unity.AI.Animate.Motion.Runtime.dll (+2 others) [CacheMiss 7ac11dbb4e5057c012dc04b5b0ccb75c00000000000000000000000000000006]
[           0s] Csc Library/Bee/artifacts/1900b0aE.dag/HFDownloader.dll (+2 others) [CacheMiss 71dff9f3a5b6a98417b670466e7caa1200000000000000000000000000000006]
[           0s] Csc Library/Bee/artifacts/1900b0aE.dag/Unity.AI.Toolkit.Compliance.dll (+2 others) [CacheMiss a4e4609d6f1ada14625e070827af2bdc00000000000000000000000000000006]
[           0s] Csc Library/Bee/artifacts/1900b0aE.dag/Unity.Timeline.dll (+2 others) [CacheMiss 47d0adcf30259a758ed2a0a64911d0d200000000000000000000000000000006]
[           0s] Csc Library/Bee/artifacts/1900b0aE.dag/Unity.Mathematics.dll (+2 others) [CacheMiss e57a60e5496c5b522f9b99a6c8f257c800000000000000000000000000000006]
[           0s] Csc Library/Bee/artifacts/1900b0aE.dag/Unity.AI.Tracing.dll (+2 others) [CacheMiss 0224a93cdb42fef0298734d8f75b722000000000000000000000000000000006]
[           0s] Csc Library/Bee/artifacts/1900b0aE.dag/Unity.AI.Assistant.Agent.Dynamic.Extension.Editor.dll (+2 others) [CacheMiss c740a8e89640b0ab18b1dffc74c45fec00000000000000000000000000000006]
[           0s] Csc Library/Bee/artifacts/1900b0aE.dag/Unity.AI.Generators.Contexts.dll (+2 others) [CacheMiss 3a336653f74314ec134f09630b2cc07200000000000000000000000000000006]
[ 643/1105  1s] Csc Library/Bee/artifacts/1900b0aE.dag/Unity.Burst.dll (+2 others)
[ 644/1105  1s] Csc Library/Bee/artifacts/1900b0aE.dag/Unity.AI.Toolkit.Compliance.dll (+2 others)
[ 645/1105  1s] Csc Library/Bee/artifacts/1900b0aE.dag/Unity.AI.Assistant.Agent.Dynamic.Extension.Editor.dll (+2 others)
[ 646/1105  1s] Csc Library/Bee/artifacts/1900b0aE.dag/Unity.AppUI.Undo.dll (+2 others)
[           0s] Csc Library/Bee/artifacts/1900b0aE.dag/Unity.Burst.dll (+2 others) [CacheWrite 6eb2d02d08078d1491f42083864ff1ca00000000000000000000000000000006]
[           0s] Csc Library/Bee/artifacts/1900b0aE.dag/Unity.AI.Assistant.Agent.Dynamic.Extension.Editor.dll (+2 others) [CacheWrite c740a8e89640b0ab18b1dffc74c45fec00000000000000000000000000000006]
[ 649/1105  1s] Csc Library/Bee/artifacts/1900b0aE.dag/Unity.AI.MCP.Runtime.dll (+2 others)
[           0s] Csc Library/Bee/artifacts/1900b0aE.dag/Unity.AI.Toolkit.Compliance.dll (+2 others) [CacheWrite a4e4609d6f1ada14625e070827af2bdc00000000000000000000000000000006]
[ 650/1105  1s] Csc Library/Bee/artifacts/1900b0aE.dag/Unity.Mathematics.dll (+2 others)
[           0s] Csc Library/Bee/artifacts/1900b0aE.dag/Unity.AppUI.Undo.dll (+2 others) [CacheWrite d7531c248d53c46a53fa0f3df76805a100000000000000000000000000000006]
[ 653/1105  1s] Csc Library/Bee/artifacts/1900b0aE.dag/Unity.AppUI.InternalAPIBridge.dll (+2 others)
[ 654/1105  1s] Csc Library/Bee/artifacts/1900b0aE.dag/Unity.AI.Toolkit.Async.dll (+2 others)
[           0s] Csc Library/Bee/artifacts/1900b0aE.dag/Unity.AI.MCP.Runtime.dll (+2 others) [CacheWrite a4134414049bd1b828631c5301afa4e300000000000000000000000000000006]
[ 656/1105  1s] Csc Library/Bee/artifacts/1900b0aE.dag/Unity.InternalAPIEngineBridge.004.dll (+2 others)
[           0s] Csc Library/Bee/artifacts/1900b0aE.dag/Unity.Mathematics.dll (+2 others) [CacheWrite e57a60e5496c5b522f9b99a6c8f257c800000000000000000000000000000006]
[           0s] Csc Library/Bee/artifacts/1900b0aE.dag/Unity.AppUI.InternalAPIBridge.dll (+2 others) [CacheWrite 357500117498275102018c1e2737c73400000000000000000000000000000006]
[           0s] Csc Library/Bee/artifacts/1900b0aE.dag/Unity.AI.Toolkit.Async.dll (+2 others) [CacheWrite f416e5b2bc91ba49234ecce22cc9b1cd00000000000000000000000000000006]
[           0s] Csc Library/Bee/artifacts/1900b0aE.dag/Unity.InternalAPIEngineBridge.004.dll (+2 others) [CacheWrite ca09c8ba93f673d370ba8442ed949f6600000000000000000000000000000006]
[           0s] Csc Library/Bee/artifacts/1900b0aE.dag/Unity.AppUI.dll (+2 others) [CacheMiss a54f265d88385438ec0b7d391739b03600000000000000000000000000000006]
[           0s] Csc Library/Bee/artifacts/1900b0aE.dag/Unity.Collections.dll (+2 others) [CacheMiss 3dffdf068e4c9b06d8481489be2ce8f700000000000000000000000000000006]
[ 665/1105  2s] Csc Library/Bee/artifacts/1900b0aE.dag/Unity.AI.Toolkit.Utility.dll (+2 others)
[ 666/1105  2s] Csc Library/Bee/artifacts/1900b0aE.dag/Unity.AI.Generators.Contexts.dll (+2 others)
[ 667/1105  2s] Csc Library/Bee/artifacts/1900b0aE.dag/Unity.AI.Assistant.Annotations.Editor.dll (+2 others)
[ 668/1105  2s] Csc Library/Bee/artifacts/1900b0aE.dag/Unity.AI.Tracing.dll (+2 others)
[ 669/1105  2s] Csc Library/Bee/artifacts/1900b0aE.dag/Unity.AI.Animate.Motion.Runtime.dll (+2 others)
[ 670/1105  2s] Csc Library/Bee/artifacts/1900b0aE.dag/Unity.AI.Generators.IO.Srp.dll (+2 others)
[           0s] Csc Library/Bee/artifacts/1900b0aE.dag/Unity.TextMeshPro.dll (+2 others) [CacheMiss 21030c8e340094397d16dabc998eaf9a00000000000000000000000000000006]
[           0s] Csc Library/Bee/artifacts/1900b0aE.dag/Unity.AI.Tracing.dll (+2 others) [CacheWrite 0224a93cdb42fef0298734d8f75b722000000000000000000000000000000006]
[           0s] Csc Library/Bee/artifacts/1900b0aE.dag/Unity.AI.Toolkit.Asset.dll (+2 others) [CacheMiss 89b3a667d5787d6eee1c1c9f5f90348200000000000000000000000000000006]
[ 673/1105  2s] Csc Library/Bee/artifacts/1900b0aE.dag/Unity.AI.Assistant.Bridge.Editor.dll (+2 others)
[ 674/1105  2s] Csc Library/Bee/artifacts/1900b0aE.dag/HFDownloader.dll (+2 others)
[           0s] Csc Library/Bee/artifacts/1900b0aE.dag/Unity.AI.Generators.Contexts.dll (+2 others) [CacheWrite 3a336653f74314ec134f09630b2cc07200000000000000000000000000000006]
[           0s] Csc Library/Bee/artifacts/1900b0aE.dag/Unity.AI.Toolkit.Utility.dll (+2 others) [CacheWrite 7aa81fbc68336495e77442188f70abf300000000000000000000000000000006]
[           0s] Csc Library/Bee/artifacts/1900b0aE.dag/Unity.AI.Assistant.Annotations.Editor.dll (+2 others) [CacheWrite ad4b1ca51ccb124815e0ea257d915b1600000000000000000000000000000006]
[ 675/1105  2s] Csc Library/Bee/artifacts/1900b0aE.dag/Unity.Timeline.dll (+2 others)
[           0s] Csc Library/Bee/artifacts/1900b0aE.dag/Unity.AI.Generators.IO.Srp.dll (+2 others) [CacheWrite ab48da8d007fa26ec869ebefe391001100000000000000000000000000000006]
[ 680/1105  3s] Csc Library/Bee/artifacts/1900b0aE.dag/Unity.InferenceEngine.Tokenization.dll (+2 others)
[           0s] Csc Library/Bee/artifacts/1900b0aE.dag/Unity.AI.Assistant.Runtime.dll (+2 others) [CacheMiss b886253d4f14b7a41b8ab0259ee2f3d600000000000000000000000000000006]
[           0s] Csc Library/Bee/artifacts/1900b0aE.dag/Unity.AI.Animate.Motion.Runtime.dll (+2 others) [CacheWrite 7ac11dbb4e5057c012dc04b5b0ccb75c00000000000000000000000000000006]
[ 683/1105  3s] Csc Library/Bee/artifacts/1900b0aE.dag/Unity.2D.Sprite.Editor.dll (+2 others)
[           0s] Csc Library/Bee/artifacts/1900b0aE.dag/HFDownloader.dll (+2 others) [CacheWrite 71dff9f3a5b6a98417b670466e7caa1200000000000000000000000000000006]
[           0s] Csc Library/Bee/artifacts/1900b0aE.dag/Unity.AI.Generators.Redux.dll (+2 others) [CacheMiss 6d4230441a38ca3720e9654e3e524f7100000000000000000000000000000006]
[           0s] Csc Library/Bee/artifacts/1900b0aE.dag/Unity.Timeline.dll (+2 others) [CacheWrite 47d0adcf30259a758ed2a0a64911d0d200000000000000000000000000000006]
[           0s] Csc Library/Bee/artifacts/1900b0aE.dag/Unity.InferenceEngine.Tokenization.dll (+2 others) [CacheWrite b59d4e63e073ec75b99e012e4ea6c6d200000000000000000000000000000006]
[           0s] Csc Library/Bee/artifacts/1900b0aE.dag/Unity.AI.Assistant.Bridge.Editor.dll (+2 others) [CacheWrite 5594e3a9827593dccdae4e230acdf75900000000000000000000000000000006]
[           0s] Csc Library/Bee/artifacts/1900b0aE.dag/Unity.2D.Sprite.Editor.dll (+2 others) [CacheWrite 27885e19e23bfb4713089ffb0ec04b8400000000000000000000000000000006]
[           0s] Csc Library/Bee/artifacts/1900b0aE.dag/Unity.AI.Pbr.Srp.dll (+2 others) [CacheMiss 17445d83595a7d50cd8822a10346fa8800000000000000000000000000000006]
[           0s] Csc Library/Bee/artifacts/1900b0aE.dag/Unity.Timeline.Editor.dll (+2 others) [CacheMiss b1117931e70c1475726b0d1254c07df200000000000000000000000000000006]
[ 690/1105  1s] Csc Library/Bee/artifacts/1900b0aE.dag/Unity.AI.Toolkit.Asset.dll (+2 others)
[           0s] Csc Library/Bee/artifacts/1900b0aE.dag/Unity.AI.Toolkit.Asset.dll (+2 others) [CacheWrite 89b3a667d5787d6eee1c1c9f5f90348200000000000000000000000000000006]
[           0s] Csc Library/Bee/artifacts/1900b0aE.dag/Unity.AI.Toolkit.Accounts.dll (+2 others) [CacheMiss ec7c27e337fb57704d534043b618625100000000000000000000000000000006]
[ 693/1105  2s] Csc Library/Bee/artifacts/1900b0aE.dag/Unity.AI.Pbr.Srp.dll (+2 others)
[           0s] Csc Library/Bee/artifacts/1900b0aE.dag/Unity.AI.Pbr.Srp.dll (+2 others) [CacheWrite 17445d83595a7d50cd8822a10346fa8800000000000000000000000000000006]
[ 695/1105  3s] Csc Library/Bee/artifacts/1900b0aE.dag/Unity.AI.Generators.Redux.dll (+2 others)
[           0s] Csc Library/Bee/artifacts/1900b0aE.dag/Unity.AI.Generators.Redux.dll (+2 others) [CacheWrite 6d4230441a38ca3720e9654e3e524f7100000000000000000000000000000006]
[           0s] Csc Library/Bee/artifacts/1900b0aE.dag/Unity.AI.Generators.Asset.dll (+2 others) [CacheMiss 03a59f48c6c4d0c0d6afbb064f79652000000000000000000000000000000006]
[ 698/1105  4s] Csc Library/Bee/artifacts/1900b0aE.dag/Unity.TextMeshPro.dll (+2 others)
[ 699/1105  4s] Csc Library/Bee/artifacts/1900b0aE.dag/Unity.AI.Assistant.Runtime.dll (+2 others)
[           0s] Csc Library/Bee/artifacts/1900b0aE.dag/Unity.TextMeshPro.dll (+2 others) [CacheWrite 21030c8e340094397d16dabc998eaf9a00000000000000000000000000000006]
[           0s] Csc Library/Bee/artifacts/1900b0aE.dag/Unity.AI.Assistant.Runtime.dll (+2 others) [CacheWrite b886253d4f14b7a41b8ab0259ee2f3d600000000000000000000000000000006]
[           0s] Csc Library/Bee/artifacts/1900b0aE.dag/Unity.TextMeshPro.Editor.dll (+2 others) [CacheMiss d3c95e24fc1818bfe524f4fc7e741de300000000000000000000000000000006]
[           0s] Csc Library/Bee/artifacts/1900b0aE.dag/UnityEditor.UI.Analytics.dll (+2 others) [CacheMiss 72e5d6e3a1ea272bc0a185169976cce400000000000000000000000000000006]
[ 708/1105  5s] Csc Library/Bee/artifacts/1900b0aE.dag/Unity.Collections.dll (+2 others)
[ 709/1105  3s] Csc Library/Bee/artifacts/1900b0aE.dag/Unity.AI.Toolkit.Accounts.dll (+2 others)
[           0s] Csc Library/Bee/artifacts/1900b0aE.dag/Unity.Collections.dll (+2 others) [CacheWrite 3dffdf068e4c9b06d8481489be2ce8f700000000000000000000000000000006]
[ 710/1105  1s] Csc Library/Bee/artifacts/1900b0aE.dag/Unity.AI.Generators.Asset.dll (+2 others)
[           0s] Csc Library/Bee/artifacts/1900b0aE.dag/Unity.AI.Toolkit.Accounts.dll (+2 others) [CacheWrite ec7c27e337fb57704d534043b618625100000000000000000000000000000006]
[           0s] Csc Library/Bee/artifacts/1900b0aE.dag/Unity.Collections.Tests.CoreCLR.PrivateJobNested.dll (+2 others) [CacheMiss 3a70a9e68077963e22eb8c688d254d1200000000000000000000000000000006]
[           0s] Csc Library/Bee/artifacts/1900b0aE.dag/Unity.Collections.Tests.CoreCLR.ProtectedJobNested.dll (+2 others) [CacheMiss 05aa04f560f113b8223516f4626b473b00000000000000000000000000000006]
[           0s] Csc Library/Bee/artifacts/1900b0aE.dag/Unity.Collections.CodeGen.dll (+2 others) [CacheMiss 46bd88234e9556e2f7b5fe112ee35e8800000000000000000000000000000006]
[           0s] Csc Library/Bee/artifacts/1900b0aE.dag/Unity.AI.Generators.Asset.dll (+2 others) [CacheWrite 03a59f48c6c4d0c0d6afbb064f79652000000000000000000000000000000006]
[           0s] Csc Library/Bee/artifacts/1900b0aE.dag/Unity.Collections.Editor.dll (+2 others) [CacheMiss c1a41e73d6c48a71b49cb72ab81e679b00000000000000000000000000000006]
[           0s] Csc Library/Bee/artifacts/1900b0aE.dag/Unity.Collections.Tests.CoreCLR.InternalJobNestedPrivate.dll (+2 others) [CacheMiss dcd84e17dbd3bc3d824e16289318b8a400000000000000000000000000000006]
[           0s] Csc Library/Bee/artifacts/1900b0aE.dag/Unity.InferenceEngine.dll (+2 others) [CacheMiss 285037389ce55c55cfe39034906093aa00000000000000000000000000000006]
[           0s] Csc Library/Bee/artifacts/1900b0aE.dag/Unity.Collections.Tests.CoreCLR.PublicJobPrivateGeneric.dll (+2 others) [CacheMiss bd90c8dba736c00b109dff61755e489400000000000000000000000000000006]
[           0s] Csc Library/Bee/artifacts/1900b0aE.dag/Unity.AI.Assistant.Editor.dll (+2 others) [CacheMiss 7dd7b3fac50cf34dec13cb2363d24f7700000000000000000000000000000006]
[           0s] Csc Library/Bee/artifacts/1900b0aE.dag/Unity.AI.Toolkit.GenerationContextMenu.dll (+2 others) [CacheMiss beffdb59da1edbb0c68b103384d47b9500000000000000000000000000000006]
[           0s] Csc Library/Bee/artifacts/1900b0aE.dag/Unity.AI.Toolkit.GenerationObjectPicker.dll (+2 others) [CacheMiss 7cb42aed744df57b86825119a67eb5c100000000000000000000000000000006]
[ 726/1105  0s] MovedFromExtractor-Combine Library/Bee/artifacts/1900b0aE.dag/MmorpgClient.Guild.Editor.dll.mvfrm
[ 727/1105  0s] MovedFromExtractor-Combine Library/Bee/artifacts/1900b0aE.dag/MmorpgClient.Tests.EditMode.Guild.dll.mvfrm
[           0s] Csc Library/Bee/artifacts/1900b0aE.dag/Unity.AI.Generators.UI.AIDropdownIntegrations.dll (+2 others) [CacheMiss e73cf8a6363c35fbda5d276b192e8d1400000000000000000000000000000006]
[           0s] Csc Library/Bee/artifacts/1900b0aE.dag/Unity.AI.Generators.IO.dll (+2 others) [CacheMiss 08153b9b3bac1a4afcff86bc27746e3f00000000000000000000000000000006]
[ 728/1105  6s] Csc Library/Bee/artifacts/1900b0aE.dag/Unity.AppUI.dll (+2 others)
[ 729/1105  1s] Csc Library/Bee/artifacts/1900b0aE.dag/UnityEditor.UI.Analytics.dll (+2 others)
[           0s] Csc Library/Bee/artifacts/1900b0aE.dag/Unity.AppUI.dll (+2 others) [CacheWrite a54f265d88385438ec0b7d391739b03600000000000000000000000000000006]
[ 730/1105  9s] Csc Library/Bee/artifacts/1900b0aE.dag/Unity.InferenceEngine.Microsoft.Msagl.dll (+2 others)
[           0s] Csc Library/Bee/artifacts/1900b0aE.dag/UnityEditor.UI.Analytics.dll (+2 others) [CacheWrite 72e5d6e3a1ea272bc0a185169976cce400000000000000000000000000000006]
[           0s] Csc Library/Bee/artifacts/1900b0aE.dag/Unity.AppUI.MVVM.dll (+2 others) [CacheMiss 9622d0fe1ff19b859ce5ee4b6c2156bb00000000000000000000000000000006]
[           0s] Csc Library/Bee/artifacts/1900b0aE.dag/Unity.AppUI.Redux.dll (+2 others) [CacheMiss 560d94583d0d8091d710aca5467fe23e00000000000000000000000000000006]
[           0s] Csc Library/Bee/artifacts/1900b0aE.dag/Unity.InferenceEngine.Microsoft.Msagl.dll (+2 others) [CacheWrite bb29e57fb36252826f91acc8f5f6042700000000000000000000000000000006]
[           0s] Csc Library/Bee/artifacts/1900b0aE.dag/Unity.AppUI.Navigation.dll (+2 others) [CacheMiss 4691d7f9bd5f5ce6cbe5bbfc4874689800000000000000000000000000000006]
[ 738/1105  1s] Csc Library/Bee/artifacts/1900b0aE.dag/Unity.Collections.Tests.CoreCLR.PublicJobPrivateGeneric.dll (+2 others)
[ 739/1105  1s] Csc Library/Bee/artifacts/1900b0aE.dag/Unity.Collections.Editor.dll (+2 others)
[           0s] Csc Library/Bee/artifacts/1900b0aE.dag/Unity.AppUI.Editor.dll (+2 others) [CacheMiss 05d9048c4accf8da06184bb4f208aa4700000000000000000000000000000006]
[ 740/1105  1s] Csc Library/Bee/artifacts/1900b0aE.dag/Unity.Collections.CodeGen.dll (+2 others)
[ 741/1105  1s] Csc Library/Bee/artifacts/1900b0aE.dag/Unity.AI.Toolkit.GenerationContextMenu.dll (+2 others)
[ 742/1105  1s] Csc Library/Bee/artifacts/1900b0aE.dag/Unity.Collections.Tests.CoreCLR.InternalJobNestedPrivate.dll (+2 others)
[ 743/1105  1s] Csc Library/Bee/artifacts/1900b0aE.dag/Unity.Collections.Tests.CoreCLR.PrivateJobNested.dll (+2 others)
[ 744/1105  6s] Csc Library/Bee/artifacts/1900b0aE.dag/Unity.Timeline.Editor.dll (+2 others)
[ 745/1105  1s] Csc Library/Bee/artifacts/1900b0aE.dag/Unity.Collections.Tests.CoreCLR.ProtectedJobNested.dll (+2 others)
[ 746/1105  1s] Csc Library/Bee/artifacts/1900b0aE.dag/Unity.AI.Toolkit.GenerationObjectPicker.dll (+2 others)
[ 747/1105  2s] Csc Library/Bee/artifacts/1900b0aE.dag/Unity.TextMeshPro.Editor.dll (+2 others)
[           0s] Csc Library/Bee/artifacts/1900b0aE.dag/Unity.AI.Toolkit.GenerationContextMenu.dll (+2 others) [CacheWrite beffdb59da1edbb0c68b103384d47b9500000000000000000000000000000006]
[           0s] Csc Library/Bee/artifacts/1900b0aE.dag/Unity.Collections.Tests.CoreCLR.PublicJobPrivateGeneric.dll (+2 others) [CacheWrite bd90c8dba736c00b109dff61755e489400000000000000000000000000000006]
[           0s] Csc Library/Bee/artifacts/1900b0aE.dag/Unity.Collections.CodeGen.dll (+2 others) [CacheWrite 46bd88234e9556e2f7b5fe112ee35e8800000000000000000000000000000006]
[           0s] Csc Library/Bee/artifacts/1900b0aE.dag/Unity.Collections.Tests.CoreCLR.PrivateJobNested.dll (+2 others) [CacheWrite 3a70a9e68077963e22eb8c688d254d1200000000000000000000000000000006]
[           0s] Csc Library/Bee/artifacts/1900b0aE.dag/Unity.Timeline.Editor.dll (+2 others) [CacheWrite b1117931e70c1475726b0d1254c07df200000000000000000000000000000006]
[           0s] Csc Library/Bee/artifacts/1900b0aE.dag/Unity.Collections.Tests.CoreCLR.ProtectedJobNested.dll (+2 others) [CacheWrite 05aa04f560f113b8223516f4626b473b00000000000000000000000000000006]
[           0s] Csc Library/Bee/artifacts/1900b0aE.dag/Unity.Collections.Editor.dll (+2 others) [CacheWrite c1a41e73d6c48a71b49cb72ab81e679b00000000000000000000000000000006]
[           0s] Csc Library/Bee/artifacts/1900b0aE.dag/Unity.Collections.Tests.CoreCLR.InternalJobNestedPrivate.dll (+2 others) [CacheWrite dcd84e17dbd3bc3d824e16289318b8a400000000000000000000000000000006]
[ 753/1105  1s] Csc Library/Bee/artifacts/1900b0aE.dag/Unity.AI.Generators.UI.AIDropdownIntegrations.dll (+2 others)
[           0s] Csc Library/Bee/artifacts/1900b0aE.dag/Unity.TextMeshPro.Editor.dll (+2 others) [CacheWrite d3c95e24fc1818bfe524f4fc7e741de300000000000000000000000000000006]
[           0s] Csc Library/Bee/artifacts/1900b0aE.dag/Unity.AI.Toolkit.GenerationObjectPicker.dll (+2 others) [CacheWrite 7cb42aed744df57b86825119a67eb5c100000000000000000000000000000006]
[           0s] Csc Library/Bee/artifacts/1900b0aE.dag/Unity.AI.Generators.UI.AIDropdownIntegrations.dll (+2 others) [CacheWrite e73cf8a6363c35fbda5d276b192e8d1400000000000000000000000000000006]
[ 761/1105  2s] Csc Library/Bee/artifacts/1900b0aE.dag/Unity.AI.Generators.IO.dll (+2 others)
[ 762/1105  1s] Csc Library/Bee/artifacts/1900b0aE.dag/Unity.AppUI.Navigation.dll (+2 others)
[ 763/1105  1s] Csc Library/Bee/artifacts/1900b0aE.dag/Unity.AppUI.MVVM.dll (+2 others)
[ 764/1105  0s] ILPP-Configuration Library/ilpp-configuration.nevergeneratedoutput
[           0s] Csc Library/Bee/artifacts/1900b0aE.dag/Unity.AI.Generators.IO.dll (+2 others) [CacheWrite 08153b9b3bac1a4afcff86bc27746e3f00000000000000000000000000000006]
[ 765/1105  1s] Csc Library/Bee/artifacts/1900b0aE.dag/Unity.AppUI.Editor.dll (+2 others)
[           0s] Csc Library/Bee/artifacts/1900b0aE.dag/Unity.AppUI.Navigation.dll (+2 others) [CacheWrite 4691d7f9bd5f5ce6cbe5bbfc4874689800000000000000000000000000000006]
[ 769/1105  2s] Csc Library/Bee/artifacts/1900b0aE.dag/Unity.AppUI.Redux.dll (+2 others)
[           0s] Csc Library/Bee/artifacts/1900b0aE.dag/Unity.AppUI.MVVM.dll (+2 others) [CacheWrite 9622d0fe1ff19b859ce5ee4b6c2156bb00000000000000000000000000000006]
[           0s] Csc Library/Bee/artifacts/1900b0aE.dag/Unity.AppUI.Editor.dll (+2 others) [CacheWrite 05d9048c4accf8da06184bb4f208aa4700000000000000000000000000000006]
[           0s] Csc Library/Bee/artifacts/1900b0aE.dag/Unity.AI.Generators.UI.dll (+2 others) [CacheMiss 89c716018febaf66007f7d5da5f901ec00000000000000000000000000000006]
[           0s] Csc Library/Bee/artifacts/1900b0aE.dag/Unity.AI.Generators.Sdk.dll (+2 others) [CacheMiss 5ffc7472a284c8c7b4301eab693a3e0700000000000000000000000000000006]
[           0s] Csc Library/Bee/artifacts/1900b0aE.dag/Unity.AppUI.Navigation.Editor.dll (+2 others) [CacheMiss 9f95d2f0612ccb3239dd8a354cf72afa00000000000000000000000000000006]
[           0s] Csc Library/Bee/artifacts/1900b0aE.dag/Unity.AppUI.Redux.dll (+2 others) [CacheWrite 560d94583d0d8091d710aca5467fe23e00000000000000000000000000000006]
[           0s] Csc Library/Bee/artifacts/1900b0aE.dag/Unity.AppUI.Redux.Editor.dll (+2 others) [CacheMiss 03193bcec71b76954d7027c4e1bfd39000000000000000000000000000000006]
[ 776/1105  4s] Csc Library/Bee/artifacts/1900b0aE.dag/Unity.AI.Assistant.Editor.dll (+2 others)
[ 777/1105  2s] ILPostProcess Library/Bee/artifacts/1900b0aE.dag/post-processed/Unity.AI.Animate.Motion.Runtime.dll (+pdb)
Processing assembly Library/Bee/artifacts/1900b0aE.dag/Unity.AI.Animate.Motion.Runtime.dll, with 149 defines and 278 references

processors: Unity.Jobs.CodeGen.JobsILPostProcessor, zzzUnity.Burst.CodeGen.BurstILPostProcessor

1 processor(s) skipped this assembly

running Unity.Jobs.CodeGen.JobsILPostProcessor
[           0s] Csc Library/Bee/artifacts/1900b0aE.dag/Unity.AI.Assistant.Editor.dll (+2 others) [CacheWrite 7dd7b3fac50cf34dec13cb2363d24f7700000000000000000000000000000006]
[ 779/1105  2s] Csc Library/Bee/artifacts/1900b0aE.dag/Unity.AppUI.Navigation.Editor.dll (+2 others)
[           0s] Csc Library/Bee/artifacts/1900b0aE.dag/Unity.AppUI.Navigation.Editor.dll (+2 others) [CacheWrite 9f95d2f0612ccb3239dd8a354cf72afa00000000000000000000000000000006]
[ 781/1105  4s] Csc Library/Bee/artifacts/1900b0aE.dag/Unity.AI.Generators.Sdk.dll (+2 others)
[ 782/1105  4s] Csc Library/Bee/artifacts/1900b0aE.dag/Unity.AI.Generators.UI.dll (+2 others)
[ 783/1105  4s] Csc Library/Bee/artifacts/1900b0aE.dag/Unity.AppUI.Redux.Editor.dll (+2 others)
[           0s] Csc Library/Bee/artifacts/1900b0aE.dag/Unity.AI.Generators.UI.dll (+2 others) [CacheWrite 89c716018febaf66007f7d5da5f901ec00000000000000000000000000000006]
[           0s] Csc Library/Bee/artifacts/1900b0aE.dag/Unity.AI.Generators.Sdk.dll (+2 others) [CacheWrite 5ffc7472a284c8c7b4301eab693a3e0700000000000000000000000000000006]
[           0s] Csc Library/Bee/artifacts/1900b0aE.dag/Unity.AppUI.Redux.Editor.dll (+2 others) [CacheWrite 03193bcec71b76954d7027c4e1bfd39000000000000000000000000000000006]
[           0s] Csc Library/Bee/artifacts/1900b0aE.dag/Unity.AI.ModelSelector.dll (+2 others) [CacheMiss eaeb655dee0e3888438cf0f50e31cca500000000000000000000000000000006]
[ 788/1105  5s] ILPostProcess Library/Bee/artifacts/1900b0aE.dag/post-processed/Unity.AppUI.Undo.dll (+pdb)
Processing assembly Library/Bee/artifacts/1900b0aE.dag/Unity.AppUI.Undo.dll, with 149 defines and 278 references

processors: Unity.Jobs.CodeGen.JobsILPostProcessor, zzzUnity.Burst.CodeGen.BurstILPostProcessor

1 processor(s) skipped this assembly

running Unity.Jobs.CodeGen.JobsILPostProcessor
[ 789/1105  5s] ILPostProcess Library/Bee/artifacts/1900b0aE.dag/post-processed/Unity.AI.Toolkit.Asset.dll (+pdb)
Processing assembly Library/Bee/artifacts/1900b0aE.dag/Unity.AI.Toolkit.Asset.dll, with 147 defines and 306 references

processors: Unity.Jobs.CodeGen.JobsILPostProcessor, zzzUnity.Burst.CodeGen.BurstILPostProcessor

1 processor(s) skipped this assembly

running Unity.Jobs.CodeGen.JobsILPostProcessor
[ 790/1105  5s] ILPostProcess Library/Bee/artifacts/1900b0aE.dag/post-processed/Unity.AI.Assistant.Agent.Dynamic.Extension.Editor.dll (+pdb)
Processing assembly Library/Bee/artifacts/1900b0aE.dag/Unity.AI.Assistant.Agent.Dynamic.Extension.Editor.dll, with 147 defines and 305 references

processors: Unity.Jobs.CodeGen.JobsILPostProcessor, zzzUnity.Burst.CodeGen.BurstILPostProcessor

1 processor(s) skipped this assembly

running Unity.Jobs.CodeGen.JobsILPostProcessor
[ 791/1105  5s] ILPostProcess Library/Bee/artifacts/1900b0aE.dag/post-processed/Unity.AI.Tracing.dll (+pdb)
Processing assembly Library/Bee/artifacts/1900b0aE.dag/Unity.AI.Tracing.dll, with 149 defines and 276 references

processors: Unity.Jobs.CodeGen.JobsILPostProcessor, zzzUnity.Burst.CodeGen.BurstILPostProcessor

1 processor(s) skipped this assembly

running Unity.Jobs.CodeGen.JobsILPostProcessor
[ 792/1105  5s] ILPostProcess Library/Bee/artifacts/1900b0aE.dag/post-processed/HFDownloader.dll (+pdb)
Processing assembly Library/Bee/artifacts/1900b0aE.dag/HFDownloader.dll, with 147 defines and 300 references

processors: Unity.Jobs.CodeGen.JobsILPostProcessor, zzzUnity.Burst.CodeGen.BurstILPostProcessor

1 processor(s) skipped this assembly

running Unity.Jobs.CodeGen.JobsILPostProcessor
[ 793/1105  5s] ILPostProcess Library/Bee/artifacts/1900b0aE.dag/post-processed/Unity.AI.MCP.Runtime.dll (+pdb)
Processing assembly Library/Bee/artifacts/1900b0aE.dag/Unity.AI.MCP.Runtime.dll, with 149 defines and 281 references

processors: Unity.Jobs.CodeGen.JobsILPostProcessor, zzzUnity.Burst.CodeGen.BurstILPostProcessor

1 processor(s) skipped this assembly

running Unity.Jobs.CodeGen.JobsILPostProcessor
[ 794/1105  5s] ILPostProcess Library/Bee/artifacts/1900b0aE.dag/post-processed/Unity.InternalAPIEngineBridge.004.dll (+pdb)
Processing assembly Library/Bee/artifacts/1900b0aE.dag/Unity.InternalAPIEngineBridge.004.dll, with 149 defines and 281 references

processors: Unity.Jobs.CodeGen.JobsILPostProcessor, zzzUnity.Burst.CodeGen.BurstILPostProcessor

1 processor(s) skipped this assembly

running Unity.Jobs.CodeGen.JobsILPostProcessor
[ 795/1105  9s] Csc Library/Bee/artifacts/1900b0aE.dag/MmorpgClient.dll (+2 others)
[ 796/1105  9s] Csc Library/Bee/artifacts/1900b0aE.dag/Unity.InferenceEngine.dll (+2 others)
[ 797/1105  6s] ILPostProcess Library/Bee/artifacts/1900b0aE.dag/post-processed/UnityEngine.TestRunner.dll (+pdb)
Processing assembly Library/Bee/artifacts/1900b0aE.dag/UnityEngine.TestRunner.dll, with 150 defines and 272 references

processors: Unity.Jobs.CodeGen.JobsILPostProcessor, zzzUnity.Burst.CodeGen.BurstILPostProcessor

1 processor(s) skipped this assembly

running Unity.Jobs.CodeGen.JobsILPostProcessor
[ 798/1105  6s] ILPostProcess Library/Bee/artifacts/1900b0aE.dag/post-processed/Unity.InferenceEngine.Tokenization.dll (+pdb)
Processing assembly Library/Bee/artifacts/1900b0aE.dag/Unity.InferenceEngine.Tokenization.dll, with 149 defines and 276 references

processors: Unity.Jobs.CodeGen.JobsILPostProcessor, zzzUnity.Burst.CodeGen.BurstILPostProcessor

1 processor(s) skipped this assembly

running Unity.Jobs.CodeGen.JobsILPostProcessor
[           0s] Csc Library/Bee/artifacts/1900b0aE.dag/Unity.InferenceEngine.dll (+2 others) [CacheWrite 285037389ce55c55cfe39034906093aa00000000000000000000000000000006]
[ 799/1105  6s] ILPostProcess Library/Bee/artifacts/1900b0aE.dag/post-processed/UnityEngine.UI.dll (+pdb)
Processing assembly Library/Bee/artifacts/1900b0aE.dag/UnityEngine.UI.dll, with 153 defines and 279 references

processors: Unity.Jobs.CodeGen.JobsILPostProcessor, zzzUnity.Burst.CodeGen.BurstILPostProcessor

1 processor(s) skipped this assembly

running Unity.Jobs.CodeGen.JobsILPostProcessor
[ 800/1105  1s] ILPostProcess Library/Bee/artifacts/1900b0aE.dag/post-processed/Unity.AppUI.Redux.Editor.dll (+pdb)
Processing assembly Library/Bee/artifacts/1900b0aE.dag/Unity.AppUI.Redux.Editor.dll, with 150 defines and 303 references

processors: Unity.Jobs.CodeGen.JobsILPostProcessor, zzzUnity.Burst.CodeGen.BurstILPostProcessor

1 processor(s) skipped this assembly

running Unity.Jobs.CodeGen.JobsILPostProcessor
[           0s] Csc Library/Bee/artifacts/1900b0aE.dag/Unity.AI.Search.Editor.dll (+2 others) [CacheMiss 18324b9646a0e961f4cc9a53716edcf800000000000000000000000000000006]
[ 807/1105  6s] ILPostProcess Library/Bee/artifacts/1900b0aE.dag/post-processed/Unity.AppUI.MVVM.dll (+pdb)
Processing assembly Library/Bee/artifacts/1900b0aE.dag/Unity.AppUI.MVVM.dll, with 151 defines and 280 references

processors: Unity.Jobs.CodeGen.JobsILPostProcessor, zzzUnity.Burst.CodeGen.BurstILPostProcessor

1 processor(s) skipped this assembly

running Unity.Jobs.CodeGen.JobsILPostProcessor
[ 808/1105  3s] ILPostProcess Library/Bee/artifacts/1900b0aE.dag/post-processed/Unity.AppUI.Navigation.Editor.dll (+pdb)
Processing assembly Library/Bee/artifacts/1900b0aE.dag/Unity.AppUI.Navigation.Editor.dll, with 148 defines and 309 references

processors: Unity.Jobs.CodeGen.JobsILPostProcessor, zzzUnity.Burst.CodeGen.BurstILPostProcessor

1 processor(s) skipped this assembly

running Unity.Jobs.CodeGen.JobsILPostProcessor
[           0s] Csc Library/Bee/artifacts/1900b0aE.dag/Unity.InferenceEngine.ONNX.Editor.dll (+2 others) [CacheMiss 62d2936fb22fb079c0a3d4d01b59dcb400000000000000000000000000000006]
[ 809/1105  4s] ILPostProcess Library/Bee/artifacts/1900b0aE.dag/post-processed/Unity.AppUI.Navigation.dll (+pdb)
Processing assembly Library/Bee/artifacts/1900b0aE.dag/Unity.AppUI.Navigation.dll, with 151 defines and 280 references

processors: Unity.Jobs.CodeGen.JobsILPostProcessor, zzzUnity.Burst.CodeGen.BurstILPostProcessor

1 processor(s) skipped this assembly

running Unity.Jobs.CodeGen.JobsILPostProcessor
[           0s] Csc Library/Bee/artifacts/1900b0aE.dag/Unity.InferenceEngine.Editor.Visualizer.dll (+2 others) [CacheMiss 9e8f2098c0ef31ebc12b18806acc0a0e00000000000000000000000000000006]
[ 810/1105  6s] ILPostProcess Library/Bee/artifacts/1900b0aE.dag/post-processed/Unity.Collections.Tests.CoreCLR.PublicJobPrivateGeneric.dll (+pdb)
Processing assembly Library/Bee/artifacts/1900b0aE.dag/Unity.Collections.Tests.CoreCLR.PublicJobPrivateGeneric.dll, with 149 defines and 282 references

processors: Unity.Jobs.CodeGen.JobsILPostProcessor, zzzUnity.Burst.CodeGen.BurstILPostProcessor

1 processor(s) skipped this assembly

running Unity.Jobs.CodeGen.JobsILPostProcessor
[           0s] Csc Library/Bee/artifacts/1900b0aE.dag/Unity.InferenceEngine.MacBLAS.dll (+2 others) [CacheMiss 6ab1142f328c08320b253b3177249e9600000000000000000000000000000006]
[ 811/1105  6s] ILPostProcess Library/Bee/artifacts/1900b0aE.dag/post-processed/Unity.Collections.Tests.CoreCLR.PrivateJobNested.dll (+pdb)
Processing assembly Library/Bee/artifacts/1900b0aE.dag/Unity.Collections.Tests.CoreCLR.PrivateJobNested.dll, with 149 defines and 282 references

processors: Unity.Jobs.CodeGen.JobsILPostProcessor, zzzUnity.Burst.CodeGen.BurstILPostProcessor

1 processor(s) skipped this assembly

running Unity.Jobs.CodeGen.JobsILPostProcessor
[ 812/1105  6s] ILPostProcess Library/Bee/artifacts/1900b0aE.dag/post-processed/Unity.Burst.dll (+pdb)
Processing assembly Library/Bee/artifacts/1900b0aE.dag/Unity.Burst.dll, with 149 defines and 281 references

processors: Unity.Jobs.CodeGen.JobsILPostProcessor, zzzUnity.Burst.CodeGen.BurstILPostProcessor

running Unity.Jobs.CodeGen.JobsILPostProcessor

running zzzUnity.Burst.CodeGen.BurstILPostProcessor
[           0s] Csc Library/Bee/artifacts/1900b0aE.dag/Unity.InferenceEngine.iOSBLAS.dll (+2 others) [CacheMiss 758701694ffa2064b51833f777249e9600000000000000000000000000000006]
[ 813/1105  1s] Csc Library/Bee/artifacts/1900b0aE.dag/Unity.AI.ModelSelector.dll (+2 others)
[ 814/1105  1s] Csc Library/Bee/artifacts/1900b0aE.dag/MmorpgClient.Tests.PlayMode.dll (+2 others)
[           0s] Csc Library/Bee/artifacts/1900b0aE.dag/Unity.AI.ModelSelector.dll (+2 others) [CacheWrite eaeb655dee0e3888438cf0f50e31cca500000000000000000000000000000006]
[ 815/1105  4s] ILPostProcess Library/Bee/artifacts/1900b0aE.dag/post-processed/Unity.AppUI.Redux.dll (+pdb)
Processing assembly Library/Bee/artifacts/1900b0aE.dag/Unity.AppUI.Redux.dll, with 149 defines and 280 references

processors: Unity.Jobs.CodeGen.JobsILPostProcessor, zzzUnity.Burst.CodeGen.BurstILPostProcessor

1 processor(s) skipped this assembly

running Unity.Jobs.CodeGen.JobsILPostProcessor
[           0s] Csc Library/Bee/artifacts/1900b0aE.dag/Unity.AI.Mesh.dll (+2 others) [CacheMiss ae999e292ea09b6353c4da2c415b327700000000000000000000000000000006]
[           0s] Csc Library/Bee/artifacts/1900b0aE.dag/Unity.AI.Pbr.dll (+2 others) [CacheMiss 9c1b2cf58d40762ee9c08b8ff44f342400000000000000000000000000000006]
[ 822/1105  0s] Csc Library/Bee/artifacts/1900b0aE.dag/Unity.InferenceEngine.MacBLAS.dll (+2 others)
[ 823/1105  1s] Csc Library/Bee/artifacts/1900b0aE.dag/Unity.InferenceEngine.ONNX.Editor.dll (+2 others)
[ 824/1105  1s] Csc Library/Bee/artifacts/1900b0aE.dag/Unity.InferenceEngine.iOSBLAS.dll (+2 others)
[           0s] Csc Library/Bee/artifacts/1900b0aE.dag/Unity.InferenceEngine.ONNX.Editor.dll (+2 others) [CacheWrite 62d2936fb22fb079c0a3d4d01b59dcb400000000000000000000000000000006]
[ 825/1105  1s] Csc Library/Bee/artifacts/1900b0aE.dag/MmorpgClient.Guild.Editor.dll (+2 others)
Assets\Editor\Guild\GuildUiVerification.cs(157,29): warning CS0067: The event 'GuildUiVerification.FixtureTransport.Disconnected' is never used
[           0s] Csc Library/Bee/artifacts/1900b0aE.dag/Unity.InferenceEngine.MacBLAS.dll (+2 others) [CacheWrite 6ab1142f328c08320b253b3177249e9600000000000000000000000000000006]
[ 826/1105  1s] Csc Library/Bee/artifacts/1900b0aE.dag/MmorpgClient.Tests.EditMode.Guild.dll (+2 others)
[           0s] Csc Library/Bee/artifacts/1900b0aE.dag/Unity.InferenceEngine.iOSBLAS.dll (+2 others) [CacheWrite 758701694ffa2064b51833f777249e9600000000000000000000000000000006]
[ 829/1105  1s] Csc Library/Bee/artifacts/1900b0aE.dag/Unity.InferenceEngine.Editor.Visualizer.dll (+2 others)
[           0s] Csc Library/Bee/artifacts/1900b0aE.dag/Unity.AI.Sound.dll (+2 others) [CacheMiss 0086ceab27f41b9143197cb2ed1f7ba700000000000000000000000000000006]
[           0s] Csc Library/Bee/artifacts/1900b0aE.dag/Unity.AI.Image.dll (+2 others) [CacheMiss b54075dda90885cd350bea483b7f940700000000000000000000000000000006]
[           0s] Csc Library/Bee/artifacts/1900b0aE.dag/Unity.AI.Animate.dll (+2 others) [CacheMiss ae3a4b58293ff692d2798bc3250e900d00000000000000000000000000000006]
[           0s] Csc Library/Bee/artifacts/1900b0aE.dag/Unity.InferenceEngine.Editor.Visualizer.dll (+2 others) [CacheWrite 9e8f2098c0ef31ebc12b18806acc0a0e00000000000000000000000000000006]
[ 833/1105  8s] ILPostProcess Library/Bee/artifacts/1900b0aE.dag/post-processed/Unity.AppUI.InternalAPIBridge.dll (+pdb)
Processing assembly Library/Bee/artifacts/1900b0aE.dag/Unity.AppUI.InternalAPIBridge.dll, with 150 defines and 278 references

processors: Unity.Jobs.CodeGen.JobsILPostProcessor, zzzUnity.Burst.CodeGen.BurstILPostProcessor

1 processor(s) skipped this assembly

running Unity.Jobs.CodeGen.JobsILPostProcessor
[ 834/1105  8s] ILPostProcess Library/Bee/artifacts/1900b0aE.dag/post-processed/Unity.AI.Assistant.Runtime.dll (+pdb)
Processing assembly Library/Bee/artifacts/1900b0aE.dag/Unity.AI.Assistant.Runtime.dll, with 149 defines and 275 references

processors: Unity.Jobs.CodeGen.JobsILPostProcessor, zzzUnity.Burst.CodeGen.BurstILPostProcessor

1 processor(s) skipped this assembly

running Unity.Jobs.CodeGen.JobsILPostProcessor
[ 835/1105  8s] ILPostProcess Library/Bee/artifacts/1900b0aE.dag/post-processed/Unity.TextMeshPro.dll (+pdb)
Processing assembly Library/Bee/artifacts/1900b0aE.dag/Unity.TextMeshPro.dll, with 150 defines and 282 references

processors: Unity.Jobs.CodeGen.JobsILPostProcessor, zzzUnity.Burst.CodeGen.BurstILPostProcessor

1 processor(s) skipped this assembly

running Unity.Jobs.CodeGen.JobsILPostProcessor
[           0s] Csc Library/Bee/artifacts/1900b0aE.dag/Unity.InferenceEngine.Editor.dll (+2 others) [CacheMiss 4b5cd1f60eea7795e09514531f2e0d3200000000000000000000000000000006]
[ 836/1105  3s] ILPostProcess Library/Bee/artifacts/1900b0aE.dag/post-processed/Unity.AI.Generators.UI.dll (+pdb)
Processing assembly Library/Bee/artifacts/1900b0aE.dag/Unity.AI.Generators.UI.dll, with 147 defines and 311 references

processors: Unity.Jobs.CodeGen.JobsILPostProcessor, zzzUnity.Burst.CodeGen.BurstILPostProcessor

1 processor(s) skipped this assembly

running Unity.Jobs.CodeGen.JobsILPostProcessor
[ 837/1105  1s] Csc Library/Bee/artifacts/1900b0aE.dag/MmorpgClient.Tests.EditMode.Battle.dll (+2 others)
[ 838/1105  8s] ILPostProcess Library/Bee/artifacts/1900b0aE.dag/post-processed/Unity.PerformanceTesting.dll (+pdb)
Processing assembly Library/Bee/artifacts/1900b0aE.dag/Unity.PerformanceTesting.dll, with 150 defines and 275 references

processors: Unity.Jobs.CodeGen.JobsILPostProcessor, zzzUnity.Burst.CodeGen.BurstILPostProcessor

1 processor(s) skipped this assembly

running Unity.Jobs.CodeGen.JobsILPostProcessor
[ 839/1105  8s] ILPostProcess Library/Bee/artifacts/1900b0aE.dag/post-processed/Unity.Collections.Tests.CoreCLR.ProtectedJobNested.dll (+pdb)
Processing assembly Library/Bee/artifacts/1900b0aE.dag/Unity.Collections.Tests.CoreCLR.ProtectedJobNested.dll, with 149 defines and 282 references

processors: Unity.Jobs.CodeGen.JobsILPostProcessor, zzzUnity.Burst.CodeGen.BurstILPostProcessor

1 processor(s) skipped this assembly

running Unity.Jobs.CodeGen.JobsILPostProcessor
[ 840/1105  1s] Csc Library/Bee/artifacts/1900b0aE.dag/MmorpgClient.Tests.EditMode.Tianyong.dll (+2 others)
[ 841/1105  2s] Csc Library/Bee/artifacts/1900b0aE.dag/Unity.AI.Search.Editor.dll (+2 others)
[           0s] Csc Library/Bee/artifacts/1900b0aE.dag/Unity.AI.Search.Editor.dll (+2 others) [CacheWrite 18324b9646a0e961f4cc9a53716edcf800000000000000000000000000000006]
[           0s] Csc Library/Bee/artifacts/1900b0aE.dag/Unity.AI.Assistant.Tools.Editor.dll (+2 others) [CacheMiss 6d0204ce94550823a62265a188b251fd00000000000000000000000000000006]
[ 844/1105  9s] ILPostProcess Library/Bee/artifacts/1900b0aE.dag/post-processed/Unity.Mathematics.dll (+pdb)
Processing assembly Library/Bee/artifacts/1900b0aE.dag/Unity.Mathematics.dll, with 149 defines and 281 references

processors: Unity.Jobs.CodeGen.JobsILPostProcessor, zzzUnity.Burst.CodeGen.BurstILPostProcessor

1 processor(s) skipped this assembly

running Unity.Jobs.CodeGen.JobsILPostProcessor
[ 845/1105  9s] ILPostProcess Library/Bee/artifacts/1900b0aE.dag/post-processed/Unity.Collections.Tests.CoreCLR.InternalJobNestedPrivate.dll (+pdb)
Processing assembly Library/Bee/artifacts/1900b0aE.dag/Unity.Collections.Tests.CoreCLR.InternalJobNestedPrivate.dll, with 149 defines and 282 references

processors: Unity.Jobs.CodeGen.JobsILPostProcessor, zzzUnity.Burst.CodeGen.BurstILPostProcessor

1 processor(s) skipped this assembly

running Unity.Jobs.CodeGen.JobsILPostProcessor
[ 846/1105  1s] ILPostProcess Library/Bee/artifacts/1900b0aE.dag/post-processed/Unity.AI.Generators.IO.Srp.dll (+pdb)
Processing assembly Library/Bee/artifacts/1900b0aE.dag/Unity.AI.Generators.IO.Srp.dll, with 147 defines and 305 references

processors: Unity.Jobs.CodeGen.JobsILPostProcessor, zzzUnity.Burst.CodeGen.BurstILPostProcessor

1 processor(s) skipped this assembly

running Unity.Jobs.CodeGen.JobsILPostProcessor
[ 847/1105  4s] ILPostProcess Library/Bee/artifacts/1900b0aE.dag/post-processed/Unity.AI.Toolkit.GenerationContextMenu.dll (+pdb)
Processing assembly Library/Bee/artifacts/1900b0aE.dag/Unity.AI.Toolkit.GenerationContextMenu.dll, with 147 defines and 306 references

processors: Unity.Jobs.CodeGen.JobsILPostProcessor, zzzUnity.Burst.CodeGen.BurstILPostProcessor

1 processor(s) skipped this assembly

running Unity.Jobs.CodeGen.JobsILPostProcessor
[ 848/1105  1s] ILPostProcess Library/Bee/artifacts/1900b0aE.dag/post-processed/Unity.AI.Generators.Contexts.dll (+pdb)
Processing assembly Library/Bee/artifacts/1900b0aE.dag/Unity.AI.Generators.Contexts.dll, with 147 defines and 305 references

processors: Unity.Jobs.CodeGen.JobsILPostProcessor, zzzUnity.Burst.CodeGen.BurstILPostProcessor

1 processor(s) skipped this assembly

running Unity.Jobs.CodeGen.JobsILPostProcessor
[ 849/1105  4s] ILPostProcess Library/Bee/artifacts/1900b0aE.dag/post-processed/Unity.Collections.Editor.dll (+pdb)
Processing assembly Library/Bee/artifacts/1900b0aE.dag/Unity.Collections.Editor.dll, with 148 defines and 306 references

processors: Unity.Jobs.CodeGen.JobsILPostProcessor, zzzUnity.Burst.CodeGen.BurstILPostProcessor

1 processor(s) skipped this assembly

running Unity.Jobs.CodeGen.JobsILPostProcessor
[ 850/1105  4s] ILPostProcess Library/Bee/artifacts/1900b0aE.dag/post-processed/Unity.AI.Pbr.Srp.dll (+pdb)
Processing assembly Library/Bee/artifacts/1900b0aE.dag/Unity.AI.Pbr.Srp.dll, with 147 defines and 306 references

processors: Unity.Jobs.CodeGen.JobsILPostProcessor, zzzUnity.Burst.CodeGen.BurstILPostProcessor

1 processor(s) skipped this assembly

running Unity.Jobs.CodeGen.JobsILPostProcessor
[ 851/1105  2s] ILPostProcess Library/Bee/artifacts/1900b0aE.dag/post-processed/Unity.InferenceEngine.MacBLAS.dll (+pdb)
Processing assembly Library/Bee/artifacts/1900b0aE.dag/Unity.InferenceEngine.MacBLAS.dll, with 149 defines and 282 references

processors: Unity.Jobs.CodeGen.JobsILPostProcessor, zzzUnity.Burst.CodeGen.BurstILPostProcessor

1 processor(s) skipped this assembly

running Unity.Jobs.CodeGen.JobsILPostProcessor
[ 852/1105  3s] Csc Library/Bee/artifacts/1900b0aE.dag/Unity.AI.Pbr.dll (+2 others)
[ 853/1105  2s] ILPostProcess Library/Bee/artifacts/1900b0aE.dag/post-processed/Unity.InferenceEngine.iOSBLAS.dll (+pdb)
Processing assembly Library/Bee/artifacts/1900b0aE.dag/Unity.InferenceEngine.iOSBLAS.dll, with 149 defines and 282 references

processors: Unity.Jobs.CodeGen.JobsILPostProcessor, zzzUnity.Burst.CodeGen.BurstILPostProcessor

1 processor(s) skipped this assembly

running Unity.Jobs.CodeGen.JobsILPostProcessor
[ 854/1105  1s] ILPostProcess Library/Bee/artifacts/1900b0aE.dag/post-processed/MmorpgClient.Tests.EditMode.Guild.dll (+pdb)
Processing assembly Library/Bee/artifacts/1900b0aE.dag/MmorpgClient.Tests.EditMode.Guild.dll, with 147 defines and 302 references

processors: Unity.Jobs.CodeGen.JobsILPostProcessor, zzzUnity.Burst.CodeGen.BurstILPostProcessor

1 processor(s) skipped this assembly

running Unity.Jobs.CodeGen.JobsILPostProcessor
[ 855/1105  1s] ILPostProcess Library/Bee/artifacts/1900b0aE.dag/post-processed/MmorpgClient.Guild.Editor.dll (+pdb)
Processing assembly Library/Bee/artifacts/1900b0aE.dag/MmorpgClient.Guild.Editor.dll, with 147 defines and 302 references

processors: Unity.Jobs.CodeGen.JobsILPostProcessor, zzzUnity.Burst.CodeGen.BurstILPostProcessor

1 processor(s) skipped this assembly

running Unity.Jobs.CodeGen.JobsILPostProcessor
[ 856/1105  1s] ILPostProcess Library/Bee/artifacts/1900b0aE.dag/post-processed/Unity.InferenceEngine.ONNX.Editor.dll (+pdb)
Processing assembly Library/Bee/artifacts/1900b0aE.dag/Unity.InferenceEngine.ONNX.Editor.dll, with 147 defines and 300 references

processors: Unity.Jobs.CodeGen.JobsILPostProcessor, zzzUnity.Burst.CodeGen.BurstILPostProcessor

1 processor(s) skipped this assembly

running Unity.Jobs.CodeGen.JobsILPostProcessor
[ 857/1105  3s] Csc Library/Bee/artifacts/1900b0aE.dag/Unity.AI.Mesh.dll (+2 others)
[           0s] Csc Library/Bee/artifacts/1900b0aE.dag/Unity.AI.Pbr.dll (+2 others) [CacheWrite 9c1b2cf58d40762ee9c08b8ff44f342400000000000000000000000000000006]
[ 858/1105  2s] Csc Library/Bee/artifacts/1900b0aE.dag/Unity.AI.Sound.dll (+2 others)
[           0s] Csc Library/Bee/artifacts/1900b0aE.dag/Unity.AI.Mesh.dll (+2 others) [CacheWrite ae999e292ea09b6353c4da2c415b327700000000000000000000000000000006]
[ 860/1105  2s] Csc Library/Bee/artifacts/1900b0aE.dag/Unity.AI.Animate.dll (+2 others)
[           0s] Csc Library/Bee/artifacts/1900b0aE.dag/Unity.AI.Sound.dll (+2 others) [CacheWrite 0086ceab27f41b9143197cb2ed1f7ba700000000000000000000000000000006]
[           0s] Csc Library/Bee/artifacts/1900b0aE.dag/Unity.AI.Animate.dll (+2 others) [CacheWrite ae3a4b58293ff692d2798bc3250e900d00000000000000000000000000000006]
[ 864/1105  5s] ILPostProcess Library/Bee/artifacts/1900b0aE.dag/post-processed/Unity.AI.Generators.Sdk.dll (+pdb)
Processing assembly Library/Bee/artifacts/1900b0aE.dag/Unity.AI.Generators.Sdk.dll, with 147 defines and 309 references

processors: Unity.Jobs.CodeGen.JobsILPostProcessor, zzzUnity.Burst.CodeGen.BurstILPostProcessor

1 processor(s) skipped this assembly

running Unity.Jobs.CodeGen.JobsILPostProcessor
[ 865/1105  2s] ILPostProcess Library/Bee/artifacts/1900b0aE.dag/post-processed/Unity.AI.ModelSelector.dll (+pdb)
Processing assembly Library/Bee/artifacts/1900b0aE.dag/Unity.AI.ModelSelector.dll, with 147 defines and 314 references

processors: Unity.Jobs.CodeGen.JobsILPostProcessor, zzzUnity.Burst.CodeGen.BurstILPostProcessor

1 processor(s) skipped this assembly

running Unity.Jobs.CodeGen.JobsILPostProcessor
[ 866/1105  2s] Csc Library/Bee/artifacts/1900b0aE.dag/Unity.AI.Assistant.Tools.Editor.dll (+2 others)
[ 867/1105  4s] Csc Library/Bee/artifacts/1900b0aE.dag/Unity.AI.Image.dll (+2 others)
[           0s] Csc Library/Bee/artifacts/1900b0aE.dag/Unity.AI.Assistant.Tools.Editor.dll (+2 others) [CacheWrite 6d0204ce94550823a62265a188b251fd00000000000000000000000000000006]
[ 870/1105  6s] ILPostProcess Library/Bee/artifacts/1900b0aE.dag/post-processed/Unity.AI.Generators.Asset.dll (+pdb)
Processing assembly Library/Bee/artifacts/1900b0aE.dag/Unity.AI.Generators.Asset.dll, with 147 defines and 310 references

processors: Unity.Jobs.CodeGen.JobsILPostProcessor, zzzUnity.Burst.CodeGen.BurstILPostProcessor

1 processor(s) skipped this assembly

running Unity.Jobs.CodeGen.JobsILPostProcessor
[           0s] Csc Library/Bee/artifacts/1900b0aE.dag/Unity.AI.Image.dll (+2 others) [CacheWrite b54075dda90885cd350bea483b7f940700000000000000000000000000000006]
[           0s] Csc Library/Bee/artifacts/1900b0aE.dag/Unity.AI.Assistant.UI.Editor.dll (+2 others) [CacheMiss 478006432db6b8c5e1566ba52b5f1d4900000000000000000000000000000006]
[           0s] Csc Library/Bee/artifacts/1900b0aE.dag/Unity.AI.Generators.Tools.dll (+2 others) [CacheMiss d5ed19f730fa2dd5eb5ab95dec4d169d00000000000000000000000000000006]
[ 873/1105  4s] Csc Library/Bee/artifacts/1900b0aE.dag/Unity.InferenceEngine.Editor.dll (+2 others)
[           0s] Csc Library/Bee/artifacts/1900b0aE.dag/Unity.InferenceEngine.Editor.dll (+2 others) [CacheWrite 4b5cd1f60eea7795e09514531f2e0d3200000000000000000000000000000006]
[ 875/1105 14s] ILPostProcess Library/Bee/artifacts/1900b0aE.dag/post-processed/Unity.AppUI.dll (+pdb)
Processing assembly Library/Bee/artifacts/1900b0aE.dag/Unity.AppUI.dll, with 157 defines and 279 references

processors: Unity.Jobs.CodeGen.JobsILPostProcessor, zzzUnity.Burst.CodeGen.BurstILPostProcessor

1 processor(s) skipped this assembly

running Unity.Jobs.CodeGen.JobsILPostProcessor
[ 876/1105  2s] Csc Library/Bee/artifacts/1900b0aE.dag/Unity.AI.Generators.Tools.dll (+2 others)
[           0s] Csc Library/Bee/artifacts/1900b0aE.dag/Unity.AI.Generators.Tools.dll (+2 others) [CacheWrite d5ed19f730fa2dd5eb5ab95dec4d169d00000000000000000000000000000006]
[ 878/1105  8s] ILPostProcess Library/Bee/artifacts/1900b0aE.dag/post-processed/MmorpgClient.Tests.PlayMode.dll (+pdb)
Processing assembly Library/Bee/artifacts/1900b0aE.dag/MmorpgClient.Tests.PlayMode.dll, with 149 defines and 278 references

processors: Unity.Jobs.CodeGen.JobsILPostProcessor, zzzUnity.Burst.CodeGen.BurstILPostProcessor

1 processor(s) skipped this assembly

running Unity.Jobs.CodeGen.JobsILPostProcessor
[ 879/1105  4s] ILPostProcess Library/Bee/artifacts/1900b0aE.dag/post-processed/UnityEditor.UI.dll (+pdb)
Processing assembly Library/Bee/artifacts/1900b0aE.dag/UnityEditor.UI.dll, with 150 defines and 304 references

processors: Unity.Jobs.CodeGen.JobsILPostProcessor, zzzUnity.Burst.CodeGen.BurstILPostProcessor

1 processor(s) skipped this assembly

running Unity.Jobs.CodeGen.JobsILPostProcessor
[ 880/1105  5s] ILPostProcess Library/Bee/artifacts/1900b0aE.dag/post-processed/MmorpgClient.Tests.EditMode.Battle.dll (+pdb)
Processing assembly Library/Bee/artifacts/1900b0aE.dag/MmorpgClient.Tests.EditMode.Battle.dll, with 147 defines and 302 references

processors: Unity.Jobs.CodeGen.JobsILPostProcessor, zzzUnity.Burst.CodeGen.BurstILPostProcessor

1 processor(s) skipped this assembly

running Unity.Jobs.CodeGen.JobsILPostProcessor
[ 881/1105  4s] ILPostProcess Library/Bee/artifacts/1900b0aE.dag/post-processed/Unity.AI.Toolkit.Utility.dll (+pdb)
Processing assembly Library/Bee/artifacts/1900b0aE.dag/Unity.AI.Toolkit.Utility.dll, with 147 defines and 305 references

processors: Unity.Jobs.CodeGen.JobsILPostProcessor, zzzUnity.Burst.CodeGen.BurstILPostProcessor

1 processor(s) skipped this assembly

running Unity.Jobs.CodeGen.JobsILPostProcessor
[ 882/1105  5s] ILPostProcess Library/Bee/artifacts/1900b0aE.dag/post-processed/Unity.AI.Assistant.Annotations.Editor.dll (+pdb)
Processing assembly Library/Bee/artifacts/1900b0aE.dag/Unity.AI.Assistant.Annotations.Editor.dll, with 147 defines and 305 references

processors: Unity.Jobs.CodeGen.JobsILPostProcessor, zzzUnity.Burst.CodeGen.BurstILPostProcessor

1 processor(s) skipped this assembly

running Unity.Jobs.CodeGen.JobsILPostProcessor
[ 883/1105  3s] Csc Library/Bee/artifacts/1900b0aE.dag/Unity.AI.Assistant.UI.Editor.dll (+2 others)
[           0s] Csc Library/Bee/artifacts/1900b0aE.dag/Unity.AI.Assistant.UI.Editor.dll (+2 others) [CacheWrite 478006432db6b8c5e1566ba52b5f1d4900000000000000000000000000000006]
[           0s] Csc Library/Bee/artifacts/1900b0aE.dag/Unity.AI.Assistant.API.Editor.dll (+2 others) [CacheMiss bc6fc7dc0f49aa349e05878d435e503300000000000000000000000000000006]
[ 886/1105  5s] ILPostProcess Library/Bee/artifacts/1900b0aE.dag/post-processed/Unity.AI.Search.Editor.dll (+pdb)
Processing assembly Library/Bee/artifacts/1900b0aE.dag/Unity.AI.Search.Editor.dll, with 148 defines and 308 references

processors: Unity.Jobs.CodeGen.JobsILPostProcessor, zzzUnity.Burst.CodeGen.BurstILPostProcessor

1 processor(s) skipped this assembly

running Unity.Jobs.CodeGen.JobsILPostProcessor
[           0s] Csc Library/Bee/artifacts/1900b0aE.dag/Unity.AI.Assistant.AssetGenerators.Editor.dll (+2 others) [CacheMiss e373a8f5bb9d52fa9b08a4dbb47abef700000000000000000000000000000006]
[ 888/1105  0s] Csc Library/Bee/artifacts/1900b0aE.dag/Unity.AI.Assistant.API.Editor.dll (+2 others)
[           0s] Csc Library/Bee/artifacts/1900b0aE.dag/Unity.AI.Assistant.API.Editor.dll (+2 others) [CacheWrite bc6fc7dc0f49aa349e05878d435e503300000000000000000000000000000006]
[           0s] Csc Library/Bee/artifacts/1900b0aE.dag/Unity.AI.Assistant.Integrations.Profiler.Editor.dll (+2 others) [CacheMiss 92530bb50c3202d0e2a29f56a26996b700000000000000000000000000000006]
[ 891/1105  0s] Csc Library/Bee/artifacts/1900b0aE.dag/Unity.AI.Assistant.AssetGenerators.Editor.dll (+2 others)
[           0s] Csc Library/Bee/artifacts/1900b0aE.dag/Unity.AI.Assistant.AssetGenerators.Editor.dll (+2 others) [CacheWrite e373a8f5bb9d52fa9b08a4dbb47abef700000000000000000000000000000006]
[           0s] Csc Library/Bee/artifacts/1900b0aE.dag/Unity.AI.MCP.Editor.dll (+2 others) [CacheMiss 4dd4d45f45f93376d363d72a90b7525e00000000000000000000000000000006]
[ 894/1105  0s] Csc Library/Bee/artifacts/1900b0aE.dag/Unity.AI.Assistant.Integrations.Profiler.Editor.dll (+2 others)
[           0s] Csc Library/Bee/artifacts/1900b0aE.dag/Unity.AI.Assistant.Integrations.Profiler.Editor.dll (+2 others) [CacheWrite 92530bb50c3202d0e2a29f56a26996b700000000000000000000000000000006]
[ 896/1105  1s] Csc Library/Bee/artifacts/1900b0aE.dag/Unity.AI.MCP.Editor.dll (+2 others)
[           0s] Csc Library/Bee/artifacts/1900b0aE.dag/Unity.AI.MCP.Editor.dll (+2 others) [CacheWrite 4dd4d45f45f93376d363d72a90b7525e00000000000000000000000000000006]
[ 899/1105  0s] Csc Library/Bee/artifacts/1900b0aE.dag/Assembly-CSharp-Editor.dll (+2 others)
[ 900/1105  8s] ILPostProcess Library/Bee/artifacts/1900b0aE.dag/post-processed/Unity.AI.Toolkit.GenerationObjectPicker.dll (+pdb)
Processing assembly Library/Bee/artifacts/1900b0aE.dag/Unity.AI.Toolkit.GenerationObjectPicker.dll, with 148 defines and 308 references

processors: Unity.Jobs.CodeGen.JobsILPostProcessor, zzzUnity.Burst.CodeGen.BurstILPostProcessor

1 processor(s) skipped this assembly

running Unity.Jobs.CodeGen.JobsILPostProcessor
[ 901/1105 13s] ILPostProcess Library/Bee/artifacts/1900b0aE.dag/post-processed/Unity.AI.Assistant.Bridge.Editor.dll (+pdb)
Processing assembly Library/Bee/artifacts/1900b0aE.dag/Unity.AI.Assistant.Bridge.Editor.dll, with 148 defines and 305 references

processors: Unity.Jobs.CodeGen.JobsILPostProcessor, zzzUnity.Burst.CodeGen.BurstILPostProcessor

1 processor(s) skipped this assembly

running Unity.Jobs.CodeGen.JobsILPostProcessor
[ 902/1105 13s] ILPostProcess Library/Bee/artifacts/1900b0aE.dag/post-processed/Unity.AI.Toolkit.Async.dll (+pdb)
Processing assembly Library/Bee/artifacts/1900b0aE.dag/Unity.AI.Toolkit.Async.dll, with 147 defines and 305 references

processors: Unity.Jobs.CodeGen.JobsILPostProcessor, zzzUnity.Burst.CodeGen.BurstILPostProcessor

1 processor(s) skipped this assembly

running Unity.Jobs.CodeGen.JobsILPostProcessor
[ 903/1105 24s] ILPostProcess Library/Bee/artifacts/1900b0aE.dag/post-processed/Unity.Timeline.dll (+pdb)
Processing assembly Library/Bee/artifacts/1900b0aE.dag/Unity.Timeline.dll, with 150 defines and 281 references

processors: Unity.Jobs.CodeGen.JobsILPostProcessor, zzzUnity.Burst.CodeGen.BurstILPostProcessor

1 processor(s) skipped this assembly

running Unity.Jobs.CodeGen.JobsILPostProcessor
[ 904/1105 18s] ILPostProcess Library/Bee/artifacts/1900b0aE.dag/post-processed/UnityEditor.TestRunner.dll (+pdb)
Processing assembly Library/Bee/artifacts/1900b0aE.dag/UnityEditor.TestRunner.dll, with 148 defines and 300 references

processors: Unity.Jobs.CodeGen.JobsILPostProcessor, zzzUnity.Burst.CodeGen.BurstILPostProcessor

1 processor(s) skipped this assembly

running Unity.Jobs.CodeGen.JobsILPostProcessor
[ 905/1105  9s] ILPostProcess Library/Bee/artifacts/1900b0aE.dag/post-processed/Unity.AI.Generators.Tools.dll (+pdb)
Processing assembly Library/Bee/artifacts/1900b0aE.dag/Unity.AI.Generators.Tools.dll, with 147 defines and 318 references

processors: Unity.Jobs.CodeGen.JobsILPostProcessor, zzzUnity.Burst.CodeGen.BurstILPostProcessor

1 processor(s) skipped this assembly

running Unity.Jobs.CodeGen.JobsILPostProcessor
[ 906/1105 14s] ILPostProcess Library/Bee/artifacts/1900b0aE.dag/post-processed/Unity.Timeline.Editor.dll (+pdb)
Processing assembly Library/Bee/artifacts/1900b0aE.dag/Unity.Timeline.Editor.dll, with 148 defines and 306 references

processors: Unity.Jobs.CodeGen.JobsILPostProcessor, zzzUnity.Burst.CodeGen.BurstILPostProcessor

1 processor(s) skipped this assembly

running Unity.Jobs.CodeGen.JobsILPostProcessor
[ 907/1105 11s] ILPostProcess Library/Bee/artifacts/1900b0aE.dag/post-processed/Unity.InferenceEngine.Editor.dll (+pdb)
Processing assembly Library/Bee/artifacts/1900b0aE.dag/Unity.InferenceEngine.Editor.dll, with 147 defines and 306 references

processors: Unity.Jobs.CodeGen.JobsILPostProcessor, zzzUnity.Burst.CodeGen.BurstILPostProcessor

1 processor(s) skipped this assembly

running Unity.Jobs.CodeGen.JobsILPostProcessor
[ 908/1105 12s] ILPostProcess Library/Bee/artifacts/1900b0aE.dag/post-processed/Unity.AI.Image.dll (+pdb)
Processing assembly Library/Bee/artifacts/1900b0aE.dag/Unity.AI.Image.dll, with 147 defines and 322 references

processors: Unity.Jobs.CodeGen.JobsILPostProcessor, zzzUnity.Burst.CodeGen.BurstILPostProcessor

1 processor(s) skipped this assembly

running Unity.Jobs.CodeGen.JobsILPostProcessor
[ 909/1105 12s] ILPostProcess Library/Bee/artifacts/1900b0aE.dag/post-processed/Unity.AppUI.Editor.dll (+pdb)
Processing assembly Library/Bee/artifacts/1900b0aE.dag/Unity.AppUI.Editor.dll, with 150 defines and 307 references

processors: Unity.Jobs.CodeGen.JobsILPostProcessor, zzzUnity.Burst.CodeGen.BurstILPostProcessor

1 processor(s) skipped this assembly

running Unity.Jobs.CodeGen.JobsILPostProcessor
[ 910/1105 14s] ILPostProcess Library/Bee/artifacts/1900b0aE.dag/post-processed/Unity.InferenceEngine.Editor.Visualizer.dll (+pdb)
Processing assembly Library/Bee/artifacts/1900b0aE.dag/Unity.InferenceEngine.Editor.Visualizer.dll, with 147 defines and 312 references

processors: Unity.Jobs.CodeGen.JobsILPostProcessor, zzzUnity.Burst.CodeGen.BurstILPostProcessor

1 processor(s) skipped this assembly

running Unity.Jobs.CodeGen.JobsILPostProcessor
[ 911/1105 14s] ILPostProcess Library/Bee/artifacts/1900b0aE.dag/post-processed/MmorpgClient.Tests.EditMode.Tianyong.dll (+pdb)
Processing assembly Library/Bee/artifacts/1900b0aE.dag/MmorpgClient.Tests.EditMode.Tianyong.dll, with 147 defines and 301 references

processors: Unity.Jobs.CodeGen.JobsILPostProcessor, zzzUnity.Burst.CodeGen.BurstILPostProcessor

1 processor(s) skipped this assembly

running Unity.Jobs.CodeGen.JobsILPostProcessor
[ 912/1105  8s] ILPostProcess Library/Bee/artifacts/1900b0aE.dag/post-processed/Unity.AI.Toolkit.Compliance.dll (+pdb)
Processing assembly Library/Bee/artifacts/1900b0aE.dag/Unity.AI.Toolkit.Compliance.dll, with 147 defines and 305 references

processors: Unity.Jobs.CodeGen.JobsILPostProcessor, zzzUnity.Burst.CodeGen.BurstILPostProcessor

1 processor(s) skipped this assembly

running Unity.Jobs.CodeGen.JobsILPostProcessor
[ 913/1105 14s] ILPostProcess Library/Bee/artifacts/1900b0aE.dag/post-processed/Unity.PerformanceTesting.Editor.dll (+pdb)
Processing assembly Library/Bee/artifacts/1900b0aE.dag/Unity.PerformanceTesting.Editor.dll, with 148 defines and 300 references

processors: Unity.Jobs.CodeGen.JobsILPostProcessor, zzzUnity.Burst.CodeGen.BurstILPostProcessor

1 processor(s) skipped this assembly

running Unity.Jobs.CodeGen.JobsILPostProcessor
[ 914/1105 13s] ILPostProcess Library/Bee/artifacts/1900b0aE.dag/post-processed/Unity.AI.Animate.dll (+pdb)
Processing assembly Library/Bee/artifacts/1900b0aE.dag/Unity.AI.Animate.dll, with 147 defines and 322 references

processors: Unity.Jobs.CodeGen.JobsILPostProcessor, zzzUnity.Burst.CodeGen.BurstILPostProcessor

1 processor(s) skipped this assembly

running Unity.Jobs.CodeGen.JobsILPostProcessor
[ 915/1105 14s] ILPostProcess Library/Bee/artifacts/1900b0aE.dag/post-processed/Unity.TextMeshPro.Editor.dll (+pdb)
Processing assembly Library/Bee/artifacts/1900b0aE.dag/Unity.TextMeshPro.Editor.dll, with 147 defines and 306 references

processors: Unity.Jobs.CodeGen.JobsILPostProcessor, zzzUnity.Burst.CodeGen.BurstILPostProcessor

1 processor(s) skipped this assembly

running Unity.Jobs.CodeGen.JobsILPostProcessor
[ 916/1105 13s] ILPostProcess Library/Bee/artifacts/1900b0aE.dag/post-processed/Unity.AI.Generators.UI.AIDropdownIntegrations.dll (+pdb)
Processing assembly Library/Bee/artifacts/1900b0aE.dag/Unity.AI.Generators.UI.AIDropdownIntegrations.dll, with 147 defines and 308 references

processors: Unity.Jobs.CodeGen.JobsILPostProcessor, zzzUnity.Burst.CodeGen.BurstILPostProcessor

1 processor(s) skipped this assembly

running Unity.Jobs.CodeGen.JobsILPostProcessor
[ 917/1105 13s] ILPostProcess Library/Bee/artifacts/1900b0aE.dag/post-processed/Unity.AI.Sound.dll (+pdb)
Processing assembly Library/Bee/artifacts/1900b0aE.dag/Unity.AI.Sound.dll, with 147 defines and 321 references

processors: Unity.Jobs.CodeGen.JobsILPostProcessor, zzzUnity.Burst.CodeGen.BurstILPostProcessor

1 processor(s) skipped this assembly

running Unity.Jobs.CodeGen.JobsILPostProcessor
[ 918/1105 13s] ILPostProcess Library/Bee/artifacts/1900b0aE.dag/post-processed/Unity.AI.Pbr.dll (+pdb)
Processing assembly Library/Bee/artifacts/1900b0aE.dag/Unity.AI.Pbr.dll, with 147 defines and 321 references

processors: Unity.Jobs.CodeGen.JobsILPostProcessor, zzzUnity.Burst.CodeGen.BurstILPostProcessor

1 processor(s) skipped this assembly

running Unity.Jobs.CodeGen.JobsILPostProcessor
[ 968/1105  0s] CopyFiles Library/ScriptAssemblies/MmorpgClient.Tests.PlayMode.dll
[ 970/1105  0s] CopyFiles Library/ScriptAssemblies/MmorpgClient.Tests.EditMode.Tianyong.pdb
[ 976/1105  0s] CopyFiles Library/ScriptAssemblies/MmorpgClient.Tests.EditMode.Battle.pdb
[ 977/1105  0s] CopyFiles Library/ScriptAssemblies/MmorpgClient.Tests.EditMode.Battle.dll
[ 978/1105  0s] CopyFiles Library/ScriptAssemblies/MmorpgClient.Tests.PlayMode.pdb
[ 984/1105  0s] CopyFiles Library/ScriptAssemblies/MmorpgClient.Guild.Editor.dll
[ 988/1105  0s] CopyFiles Library/ScriptAssemblies/MmorpgClient.Tests.EditMode.Guild.dll
[ 989/1105  0s] CopyFiles Library/ScriptAssemblies/MmorpgClient.Guild.Editor.pdb
[ 990/1105  0s] CopyFiles Library/ScriptAssemblies/MmorpgClient.Tests.EditMode.Guild.pdb
[1049/1105  0s] CopyFiles Library/ScriptAssemblies/MmorpgClient.Tests.EditMode.Tianyong.dll
[1051/1105 19s] ILPostProcess Library/Bee/artifacts/1900b0aE.dag/post-processed/Unity.AI.Assistant.Editor.dll (+pdb)
Processing assembly Library/Bee/artifacts/1900b0aE.dag/Unity.AI.Assistant.Editor.dll, with 147 defines and 310 references

processors: Unity.Jobs.CodeGen.JobsILPostProcessor, zzzUnity.Burst.CodeGen.BurstILPostProcessor

1 processor(s) skipped this assembly

running Unity.Jobs.CodeGen.JobsILPostProcessor
[1052/1105 15s] ILPostProcess Library/Bee/artifacts/1900b0aE.dag/post-processed/Unity.AI.Generators.Redux.dll (+pdb)
Processing assembly Library/Bee/artifacts/1900b0aE.dag/Unity.AI.Generators.Redux.dll, with 147 defines and 308 references

processors: Unity.Jobs.CodeGen.JobsILPostProcessor, zzzUnity.Burst.CodeGen.BurstILPostProcessor

1 processor(s) skipped this assembly

running Unity.Jobs.CodeGen.JobsILPostProcessor
[1053/1105 14s] ILPostProcess Library/Bee/artifacts/1900b0aE.dag/post-processed/Unity.AI.Mesh.dll (+pdb)
Processing assembly Library/Bee/artifacts/1900b0aE.dag/Unity.AI.Mesh.dll, with 147 defines and 319 references

processors: Unity.Jobs.CodeGen.JobsILPostProcessor, zzzUnity.Burst.CodeGen.BurstILPostProcessor

1 processor(s) skipped this assembly

running Unity.Jobs.CodeGen.JobsILPostProcessor
[1054/1105  9s] ILPostProcess Library/Bee/artifacts/1900b0aE.dag/post-processed/UnityEditor.UI.Analytics.dll (+pdb)
Processing assembly Library/Bee/artifacts/1900b0aE.dag/UnityEditor.UI.Analytics.dll, with 147 defines and 306 references

processors: Unity.Jobs.CodeGen.JobsILPostProcessor, zzzUnity.Burst.CodeGen.BurstILPostProcessor

1 processor(s) skipped this assembly

running Unity.Jobs.CodeGen.JobsILPostProcessor
[1055/1105 10s] ILPostProcess Library/Bee/artifacts/1900b0aE.dag/post-processed/Unity.2D.Sprite.Editor.dll (+pdb)
Processing assembly Library/Bee/artifacts/1900b0aE.dag/Unity.2D.Sprite.Editor.dll, with 147 defines and 305 references

processors: Unity.Jobs.CodeGen.JobsILPostProcessor, zzzUnity.Burst.CodeGen.BurstILPostProcessor

1 processor(s) skipped this assembly

running Unity.Jobs.CodeGen.JobsILPostProcessor
[1064/1105  0s] ILPostProcess Library/Bee/artifacts/1900b0aE.dag/post-processed/Unity.AI.Assistant.API.Editor.dll (+pdb)
Processing assembly Library/Bee/artifacts/1900b0aE.dag/Unity.AI.Assistant.API.Editor.dll, with 147 defines and 309 references

processors: Unity.Jobs.CodeGen.JobsILPostProcessor, zzzUnity.Burst.CodeGen.BurstILPostProcessor

1 processor(s) skipped this assembly

running Unity.Jobs.CodeGen.JobsILPostProcessor
[1065/1105 10s] ILPostProcess Library/Bee/artifacts/1900b0aE.dag/post-processed/Unity.AI.Toolkit.Accounts.dll (+pdb)
Processing assembly Library/Bee/artifacts/1900b0aE.dag/Unity.AI.Toolkit.Accounts.dll, with 147 defines and 307 references

processors: Unity.Jobs.CodeGen.JobsILPostProcessor, zzzUnity.Burst.CodeGen.BurstILPostProcessor

1 processor(s) skipped this assembly

running Unity.Jobs.CodeGen.JobsILPostProcessor
[1071/1105  7s] ILPostProcess Library/Bee/artifacts/1900b0aE.dag/post-processed/Unity.AI.Assistant.Integrations.Profiler.Editor.dll (+pdb)
Processing assembly Library/Bee/artifacts/1900b0aE.dag/Unity.AI.Assistant.Integrations.Profiler.Editor.dll, with 147 defines and 310 references

processors: Unity.Jobs.CodeGen.JobsILPostProcessor, zzzUnity.Burst.CodeGen.BurstILPostProcessor

1 processor(s) skipped this assembly

running Unity.Jobs.CodeGen.JobsILPostProcessor
[1075/1105  1s] ILPostProcess Library/Bee/artifacts/1900b0aE.dag/post-processed/Unity.AI.Assistant.AssetGenerators.Editor.dll (+pdb)
Processing assembly Library/Bee/artifacts/1900b0aE.dag/Unity.AI.Assistant.AssetGenerators.Editor.dll, with 147 defines and 305 references

processors: Unity.Jobs.CodeGen.JobsILPostProcessor, zzzUnity.Burst.CodeGen.BurstILPostProcessor

1 processor(s) skipped this assembly

running Unity.Jobs.CodeGen.JobsILPostProcessor
[1077/1105  1s] ILPostProcess Library/Bee/artifacts/1900b0aE.dag/post-processed/Unity.AI.Generators.IO.dll (+pdb)
Processing assembly Library/Bee/artifacts/1900b0aE.dag/Unity.AI.Generators.IO.dll, with 147 defines and 310 references

processors: Unity.Jobs.CodeGen.JobsILPostProcessor, zzzUnity.Burst.CodeGen.BurstILPostProcessor

1 processor(s) skipped this assembly

running Unity.Jobs.CodeGen.JobsILPostProcessor
[1080/1105 11s] ILPostProcess Library/Bee/artifacts/1900b0aE.dag/post-processed/Unity.AI.Assistant.Tools.Editor.dll (+pdb)
Processing assembly Library/Bee/artifacts/1900b0aE.dag/Unity.AI.Assistant.Tools.Editor.dll, with 147 defines and 309 references

processors: Unity.Jobs.CodeGen.JobsILPostProcessor, zzzUnity.Burst.CodeGen.BurstILPostProcessor

1 processor(s) skipped this assembly

running Unity.Jobs.CodeGen.JobsILPostProcessor
[1081/1105 26s] ILPostProcess Library/Bee/artifacts/1900b0aE.dag/post-processed/Unity.Collections.dll (+pdb)
Processing assembly Library/Bee/artifacts/1900b0aE.dag/Unity.Collections.dll, with 151 defines and 283 references

processors: Unity.Jobs.CodeGen.JobsILPostProcessor, zzzUnity.Burst.CodeGen.BurstILPostProcessor

running Unity.Jobs.CodeGen.JobsILPostProcessor

running zzzUnity.Burst.CodeGen.BurstILPostProcessor
[1082/1105  5s] ILPostProcess Library/Bee/artifacts/1900b0aE.dag/post-processed/Assembly-CSharp-Editor.dll (+pdb)
Processing assembly Library/Bee/artifacts/1900b0aE.dag/Assembly-CSharp-Editor.dll, with 147 defines and 348 references

processors: Unity.Jobs.CodeGen.JobsILPostProcessor, zzzUnity.Burst.CodeGen.BurstILPostProcessor

1 processor(s) skipped this assembly

running Unity.Jobs.CodeGen.JobsILPostProcessor
[1087/1105  0s] CopyFiles Library/ScriptAssemblies/Assembly-CSharp-Editor.pdb
[1089/1105 20s] ILPostProcess Library/Bee/artifacts/1900b0aE.dag/post-processed/MmorpgClient.dll (+pdb)
Processing assembly Library/Bee/artifacts/1900b0aE.dag/MmorpgClient.dll, with 149 defines and 277 references

processors: Unity.Jobs.CodeGen.JobsILPostProcessor, zzzUnity.Burst.CodeGen.BurstILPostProcessor

1 processor(s) skipped this assembly

running Unity.Jobs.CodeGen.JobsILPostProcessor
[1090/1105  0s] CopyFiles Library/ScriptAssemblies/MmorpgClient.pdb
[1091/1105  0s] CopyFiles Library/ScriptAssemblies/MmorpgClient.dll
[1092/1105  0s] CopyFiles Library/ScriptAssemblies/Assembly-CSharp-Editor.dll
[1093/1105 17s] ILPostProcess Library/Bee/artifacts/1900b0aE.dag/post-processed/Unity.InferenceEngine.Microsoft.Msagl.dll (+pdb)
Processing assembly Library/Bee/artifacts/1900b0aE.dag/Unity.InferenceEngine.Microsoft.Msagl.dll, with 147 defines and 305 references

processors: Unity.Jobs.CodeGen.JobsILPostProcessor, zzzUnity.Burst.CodeGen.BurstILPostProcessor

1 processor(s) skipped this assembly

running Unity.Jobs.CodeGen.JobsILPostProcessor
[1094/1105  3s] ILPostProcess Library/Bee/artifacts/1900b0aE.dag/post-processed/Unity.AI.Assistant.UI.Editor.dll (+pdb)
Processing assembly Library/Bee/artifacts/1900b0aE.dag/Unity.AI.Assistant.UI.Editor.dll, with 147 defines and 313 references

processors: Unity.Jobs.CodeGen.JobsILPostProcessor, zzzUnity.Burst.CodeGen.BurstILPostProcessor

1 processor(s) skipped this assembly

running Unity.Jobs.CodeGen.JobsILPostProcessor
[1095/1105  3s] ILPostProcess Library/Bee/artifacts/1900b0aE.dag/post-processed/Unity.AI.MCP.Editor.dll (+pdb)
Processing assembly Library/Bee/artifacts/1900b0aE.dag/Unity.AI.MCP.Editor.dll, with 147 defines and 308 references

processors: Unity.Jobs.CodeGen.JobsILPostProcessor, zzzUnity.Burst.CodeGen.BurstILPostProcessor

1 processor(s) skipped this assembly

running Unity.Jobs.CodeGen.JobsILPostProcessor
[1102/1105 22s] ILPostProcess Library/Bee/artifacts/1900b0aE.dag/post-processed/Unity.InferenceEngine.dll (+pdb)
Processing assembly Library/Bee/artifacts/1900b0aE.dag/Unity.InferenceEngine.dll, with 149 defines and 284 references

processors: Unity.Jobs.CodeGen.JobsILPostProcessor, zzzUnity.Burst.CodeGen.BurstILPostProcessor

running Unity.Jobs.CodeGen.JobsILPostProcessor

running zzzUnity.Burst.CodeGen.BurstILPostProcessor
*** Tundra build success (45.47 seconds), 518 items updated, 1105 evaluated
Assets\Editor\Guild\GuildUiVerification.cs(157,29): warning CS0067: The event 'GuildUiVerification.FixtureTransport.Disconnected' is never used
Total cache size 294984920
Total cache size after purge 267986440, took 00:00:03.0912418
AssetDatabase: script compilation time: 96.561211s
[Licensing::Client] Successfully resolved entitlement details
Begin MonoManager ReloadAssembly
Importing 'GUID: a0651df23345d584aa175c410e24c7a3 - Path: Assets/Editor/Guild' with importer (DefaultImporter)
Imported 'GUID: a0651df23345d584aa175c410e24c7a3' -> (Import Result ID: 'eca4b55d9a3677a34f4c2ba42f0f62f4') in 0.163 seconds [static dependencies only]. Details - ImportResultOutputID=0fd0ab1ef536efe5d7a4353930f6cd58 DependenciesID=3780953267510ac428ecd00c35122665 StaticDependenciesID=d4befe68f3065c5896e7745b1a73e675 
Importing 'GUID: 55a0fc5844d30f449b2b9a68d1cda83a - Path: Assets/Editor/Jubaozhai' with importer (DefaultImporter)
Imported 'GUID: 55a0fc5844d30f449b2b9a68d1cda83a' -> (Import Result ID: '5a9b6cf510184f47ad1e6ffe53b6b3d4') in 0.007 seconds [static dependencies only]. Details - ImportResultOutputID=efad841d1f6e2f1071083acae854c440 DependenciesID=2f17d4060bd28ae3d487851271e27d53 StaticDependenciesID=6613ca587fb5cbaa5c654a746dae9f5f 
Importing 'GUID: 73799b27a9483a343a8db39591a1e8e3 - Path: Assets/Tests/EditMode/Guild' with importer (DefaultImporter)
Imported 'GUID: 73799b27a9483a343a8db39591a1e8e3' -> (Import Result ID: '6423933e4aa95412a7dbd23492e7ef5d') in 0.018 seconds [static dependencies only]. Details - ImportResultOutputID=7385298f1ed881a087bcf3fadf61af60 DependenciesID=ddd99f56e41066b6d3fe169e3c54dc35 StaticDependenciesID=8ba469f981b6cad3f364118086845457 
Importing 'GUID: 567305f664d90f14bab03891fc74d229 - Path: Assets/Scripts/Game/Guild' with importer (DefaultImporter)
Imported 'GUID: 567305f664d90f14bab03891fc74d229' -> (Import Result ID: '675083996da56feaa8c87adcd06baf48') in 0.014 seconds [static dependencies only]. Details - ImportResultOutputID=5c400ab84be4d85187d4897b640848af DependenciesID=449bb7005a5a6cdd0102f42cca38b33f StaticDependenciesID=45db98f2bcc3f01a5a43ac3cf71e8020 
Importing 'GUID: 382e8d0095318ff47a717c8b342db468 - Path: Assets/Scripts/Game/Jubaozhai' with importer (DefaultImporter)
Imported 'GUID: 382e8d0095318ff47a717c8b342db468' -> (Import Result ID: '6154747e49d29ba87ed7d8f176e1181a') in 0.016 seconds [static dependencies only]. Details - ImportResultOutputID=e8ac5afe70a36de0814fc3bb658a6b1c DependenciesID=38c509587e9e2ebbf2d95cdc7d96a9cd StaticDependenciesID=3f1dab0375432961eec707ec630b925d 
Importing 'GUID: 053101b71b4d36940abf1c348aaa57ac - Path: Assets/Scripts/UI/Ugui/Jubaozhai' with importer (DefaultImporter)
Imported 'GUID: 053101b71b4d36940abf1c348aaa57ac' -> (Import Result ID: '0ed0405f39aa684ab58239c2da024969') in 0.025 seconds [static dependencies only]. Details - ImportResultOutputID=92c369db98497a385b1782b927d1e8c0 DependenciesID=c39ce39575dce2f0e38f69e9e4d704b3 StaticDependenciesID=ed01187f24e02332d24181467d59e0f1 
Importing 'GUID: 06a80e7107cb5e5a98dc09f55b9fafbf - Path: Assets/Resources/World/Characters/QdaoRosterV12' with importer (DefaultImporter)
Imported 'GUID: 06a80e7107cb5e5a98dc09f55b9fafbf' -> (Import Result ID: '2f01b2e8ae22c2c21f2286ad5245bba7') in 0.031 seconds [static dependencies only]. Details - ImportResultOutputID=97ba0dd0288293c6e56490fbcfce738d DependenciesID=132c783dbe0a0765511b1247dec9f39e StaticDependenciesID=93d31a2df4d98f5e5cd4f4563a3c41d5 
Importing 'GUID: e911a56fba6982e419c4db328c8e7cda - Path: Assets/Resources/UI/Ugui/TeamV2' with importer (DefaultImporter)
Imported 'GUID: e911a56fba6982e419c4db328c8e7cda' -> (Import Result ID: '4c16af80d09079cf078a915f203af956') in 0.027 seconds [static dependencies only]. Details - ImportResultOutputID=b8a1f4b4174636abd804faef06acd211 DependenciesID=e7dbc090cf932d8c93cfae65d90f22d2 StaticDependenciesID=bed1b331c6802406f7ce2e0189674e05 
Importing 'GUID: 4a00f15250696cc40ad565053e318b00 - Path: Assets/Resources/UI/Ugui/GuildV2' with importer (DefaultImporter)
Imported 'GUID: 4a00f15250696cc40ad565053e318b00' -> (Import Result ID: 'ed510474fd9591e5a08577e3ff537bb9') in 0.027 seconds [static dependencies only]. Details - ImportResultOutputID=ef5abf2d7fd0fdc111cf9cd8caca5b04 DependenciesID=561ace3f58d062061b97f4e4444b76c0 StaticDependenciesID=08468dbdd699054d22f8a7c68804de05 
Importing 'GUID: ed88bda5ed4e82e4db349e529ea0f2b1 - Path: Assets/Scripts/UI/Ugui/Guild' with importer (DefaultImporter)
Imported 'GUID: ed88bda5ed4e82e4db349e529ea0f2b1' -> (Import Result ID: '436b0c94c3a70e2244a83d0439ae0a70') in 0.020 seconds [static dependencies only]. Details - ImportResultOutputID=98bc935c6bf1d5929c76aeb4ef28577e DependenciesID=2d013c7a5ac909c48d2b766ca73ae118 StaticDependenciesID=b22e006063bd5c94eb7e98d2d7cf80d1 
Importing 'GUID: 2557e2f6a9795e7987f5eb38c84e4147 - Path: Assets/Resources/World/Characters/QdaoRosterV12/29_he_xiangu' with importer (DefaultImporter)
Imported 'GUID: 2557e2f6a9795e7987f5eb38c84e4147' -> (Import Result ID: '2c94bbcc7c4ff6abc81bcecd7b539649') in 0.022 seconds [static dependencies only]. Details - ImportResultOutputID=549b45d47151b87f631db53bfb006908 DependenciesID=351e865746dd5cb47874037bc2b7aa31 StaticDependenciesID=d9cb472cc287686e6e5779634500da93 
Importing 'GUID: 7b1666cd886e536ba856c6ac157fb1f1 - Path: Assets/Resources/World/Characters/QdaoRosterV12/26_osmanthus_healer' with importer (DefaultImporter)
Imported 'GUID: 7b1666cd886e536ba856c6ac157fb1f1' -> (Import Result ID: '7350d71916c5bb230719b66a98953086') in 0.020 seconds [static dependencies only]. Details - ImportResultOutputID=38963cbd5357da3eea0729e54284a95f DependenciesID=0bf78c5f3db94a0c5e95cf0c92684660 StaticDependenciesID=4efa69752a400525350ea5af975cc51f 
Importing 'GUID: 7b0f48d0eddc5ca3ab42a6ac5451dbde - Path: Assets/Resources/World/Characters/QdaoRosterV12/24_lu_dongbin' with importer (DefaultImporter)
Imported 'GUID: 7b0f48d0eddc5ca3ab42a6ac5451dbde' -> (Import Result ID: '1069638fe2e1f278db83a3fe82b9006b') in 0.016 seconds [static dependencies only]. Details - ImportResultOutputID=01658e93396baca823838a40c7975911 DependenciesID=92c6eb9ea3159a662a34dc0cb735b014 StaticDependenciesID=147dca635f56a93170b762e84a04efea 
Importing 'GUID: 0e0f29f6866f5bb098ee68bd295891c7 - Path: Assets/Resources/World/Characters/QdaoRosterV12/30_han_xiangzi' with importer (DefaultImporter)
Imported 'GUID: 0e0f29f6866f5bb098ee68bd295891c7' -> (Import Result ID: '224b1efd2f470af9f3150e6bae13107b') in 0.027 seconds [static dependencies only]. Details - ImportResultOutputID=8e20eced9212a73acfe73270a839c26e DependenciesID=fc526f068bd5e81c16d442cc8b67a631 StaticDependenciesID=643518b816002c9f528a58a559b3ad5d 
Importing 'GUID: 41a3180a58345440add3fd57bb806399 - Path: Assets/Resources/World/Characters/QdaoRosterV12/24_lu_dongbin/idle' with importer (DefaultImporter)
Imported 'GUID: 41a3180a58345440add3fd57bb806399' -> (Import Result ID: '69c828c5651fff9d5962843e26775af7') in 0.020 seconds [static dependencies only]. Details - ImportResultOutputID=43db2fe5c7bc256564aab41dfdc1ae4f DependenciesID=55075707bd6fed151bef17fec2070f21 StaticDependenciesID=59632c529d14f25158fe8292dfc14a2e 
Importing 'GUID: 03bdd20ace3b5a94ab9e49ecf8fdaaf1 - Path: Assets/Resources/World/Characters/QdaoRosterV12/30_han_xiangzi/walk' with importer (DefaultImporter)
Imported 'GUID: 03bdd20ace3b5a94ab9e49ecf8fdaaf1' -> (Import Result ID: '58c5dd930ac16c5011ea589fa16c0f7b') in 0.017 seconds [static dependencies only]. Details - ImportResultOutputID=8445a60b53b857837dcab4927561a735 DependenciesID=7ef858adecd7abe24ce1547d013d636d StaticDependenciesID=b22cada8a5b4ae996b0e8cd32a8dae77 
Importing 'GUID: 487a3b257e365405aedb9687b732e36d - Path: Assets/Resources/World/Characters/QdaoRosterV12/30_han_xiangzi/idle' with importer (DefaultImporter)
Imported 'GUID: 487a3b257e365405aedb9687b732e36d' -> (Import Result ID: 'b15f5aeadb1d8b38777ca61d698c3bc8') in 0.013 seconds [static dependencies only]. Details - ImportResultOutputID=41b54561bb7fc5b0e9e38947ae1c44cb DependenciesID=1c0f6ed7a82466c0373fbac31ae30f02 StaticDependenciesID=31aa81a2c94d72b50ad9b45d530d6a0a 
Importing 'GUID: 29dc54692c7d533285c35777955ecf41 - Path: Assets/Resources/World/Characters/QdaoRosterV12/29_he_xiangu/idle' with importer (DefaultImporter)
Imported 'GUID: 29dc54692c7d533285c35777955ecf41' -> (Import Result ID: 'e13482a4a09bf1d27e9e199bb2379243') in 0.017 seconds [static dependencies only]. Details - ImportResultOutputID=40f8194190bba1c4ab6284758446d287 DependenciesID=6e64e6c3a645c8b0241be819c0bba136 StaticDependenciesID=6a0567de79eaf3a315dc97b931d7e912 
Importing 'GUID: bbd9892b99315342a28d488054f00c67 - Path: Assets/Resources/World/Characters/QdaoRosterV12/29_he_xiangu/walk' with importer (DefaultImporter)
Imported 'GUID: bbd9892b99315342a28d488054f00c67' -> (Import Result ID: 'af81bc61cacce94e423b2442e629f90d') in 0.021 seconds [static dependencies only]. Details - ImportResultOutputID=6348ea9c67068d8c3df8d896f07a824f DependenciesID=7604e8629e2596528884789742d8bd5b StaticDependenciesID=846f09b1772e265926e8fa12c46b4b70 
Importing 'GUID: 9dd87fe3d571511db9179f79278687b9 - Path: Assets/Resources/World/Characters/QdaoRosterV12/24_lu_dongbin/walk' with importer (DefaultImporter)
Imported 'GUID: 9dd87fe3d571511db9179f79278687b9' -> (Import Result ID: '00987820d50236bf237caafe4b7ab051') in 0.017 seconds [static dependencies only]. Details - ImportResultOutputID=b2af3c2123d282eee0fb5658612e05e9 DependenciesID=4f0889913a14863beeeaf50bfdba65c7 StaticDependenciesID=fcee50b33da98829acbfa5be7a814f63 
Importing 'GUID: 2ea5d23f32045d6988134b7266e4c95d - Path: Assets/Resources/World/Characters/QdaoRosterV12/26_osmanthus_healer/idle' with importer (DefaultImporter)
Imported 'GUID: 2ea5d23f32045d6988134b7266e4c95d' -> (Import Result ID: '2f246fa8fd146316d802210d08548439') in 0.015 seconds [static dependencies only]. Details - ImportResultOutputID=50a670f4eaa99f2e29321c555cf56bdc DependenciesID=9678fec1cef57cd2d9bc45323f3e2641 StaticDependenciesID=d610f500964c3f030b8057c125b0ff51 
Importing 'GUID: 0f1299bab28652bb9bbc95720e4c1eab - Path: Assets/Resources/World/Characters/QdaoRosterV12/26_osmanthus_healer/walk' with importer (DefaultImporter)
Imported 'GUID: 0f1299bab28652bb9bbc95720e4c1eab' -> (Import Result ID: 'c45890ae752298d2b5aabe18ebf8480f') in 0.022 seconds [static dependencies only]. Details - ImportResultOutputID=c95736b04435dc5d885022c9dde5372a DependenciesID=ee2104478c39f8dc86669b6b20896a95 StaticDependenciesID=e44101919d1a387f4f1b1f169ca17ce2 
Importing 'GUID: b0200c6e745a59168af128032e00c825 - Path: Assets/Resources/World/Characters/QdaoRosterV12/26_osmanthus_healer/walk/NE' with importer (DefaultImporter)
Imported 'GUID: b0200c6e745a59168af128032e00c825' -> (Import Result ID: 'fa9c7dd0dee2c41f3b144d26fba8c6f6') in 0.023 seconds [static dependencies only]. Details - ImportResultOutputID=8e058c182f251712a2bf15fd815bf884 DependenciesID=cfbb321fccdb2ce8e15f78d8fd7ec4a0 StaticDependenciesID=8c21836be30bfe0bdda8ad7650ec5780 
Importing 'GUID: d052d0d505ef5acaa08b08cdcd8d6006 - Path: Assets/Resources/World/Characters/QdaoRosterV12/30_han_xiangzi/walk/SW' with importer (DefaultImporter)
Imported 'GUID: d052d0d505ef5acaa08b08cdcd8d6006' -> (Import Result ID: 'e5bf3cb70fa4c4e2fc5e6044df5741db') in 0.018 seconds [static dependencies only]. Details - ImportResultOutputID=2e1c5cdddabe1df5a0a423260d7b50ff DependenciesID=90881adc6c4ba47b14c06bd23bc60d98 StaticDependenciesID=ecfa76bf92fdc388ada0f568950d9ef5 
Importing 'GUID: 214bc1b7c41e51e7b4471d95eccb935e - Path: Assets/Resources/World/Characters/QdaoRosterV12/24_lu_dongbin/walk/S' with importer (DefaultImporter)
Imported 'GUID: 214bc1b7c41e51e7b4471d95eccb935e' -> (Import Result ID: 'c5ce72bd97be3ff24195d20bfbd5666c') in 0.015 seconds [static dependencies only]. Details - ImportResultOutputID=4454782f91d5377ea5706004edf39c02 DependenciesID=3692e1c2b769ffa9b59bd064256b5e6d StaticDependenciesID=5d9f7d787844049d7017e12ad4604ad9 
Importing 'GUID: 4156e7696be558c2baf04235519551c0 - Path: Assets/Resources/World/Characters/QdaoRosterV12/24_lu_dongbin/walk/N' with importer (DefaultImporter)
Imported 'GUID: 4156e7696be558c2baf04235519551c0' -> (Import Result ID: '9459a43574099cb523ca70910cfa763b') in 0.020 seconds [static dependencies only]. Details - ImportResultOutputID=149141453b26de890c6975ebe5b4e760 DependenciesID=bdfa90246ff83aa4b59b73672e0f2b5f StaticDependenciesID=60f2e12cf838324578dcae11c7e0824f 
Importing 'GUID: 811a799144565605aa246c653f5c9696 - Path: Assets/Resources/World/Characters/QdaoRosterV12/29_he_xiangu/walk/SW' with importer (DefaultImporter)
Imported 'GUID: 811a799144565605aa246c653f5c9696' -> (Import Result ID: 'a9d6ee7b56b50fb3a27e0a89752387bc') in 0.017 seconds [static dependencies only]. Details - ImportResultOutputID=3c2d36e3f0bcbe5ff7c47e8e0edc5ee4 DependenciesID=f58b9a2c6884a9b6a8642ba3442fe9c0 StaticDependenciesID=c1bbf25823e64529fe9afe495fda299c 
Importing 'GUID: 63ad620eca525ea68e483e59f52fc15b - Path: Assets/Resources/World/Characters/QdaoRosterV12/29_he_xiangu/walk/S' with importer (DefaultImporter)
Imported 'GUID: 63ad620eca525ea68e483e59f52fc15b' -> (Import Result ID: '8a9b0fabc44fa184b521ec7fc3fee218') in 0.017 seconds [static dependencies only]. Details - ImportResultOutputID=b281e619b51bba9f4098b940a8e1963d DependenciesID=9f785c533d8820f8ab84259a643aae57 StaticDependenciesID=29859efafb3640c6ac741de340991746 
Importing 'GUID: 1478978cddfc5b39ae39a8f8473876dc - Path: Assets/Resources/World/Characters/QdaoRosterV12/26_osmanthus_healer/walk/N' with importer (DefaultImporter)
Imported 'GUID: 1478978cddfc5b39ae39a8f8473876dc' -> (Import Result ID: '5a73100971c3bff0e431b634820e5145') in 0.023 seconds [static dependencies only]. Details - ImportResultOutputID=10aef44abec8b2630e48ec2d92a5cbaf DependenciesID=fe778ec693019e478288cb81abf8c53b StaticDependenciesID=3d790805e0a45960fc4d02d2418ad652 
Importing 'GUID: a593ccf5a431527d902e4225bf32e898 - Path: Assets/Resources/World/Characters/QdaoRosterV12/24_lu_dongbin/walk/E' with importer (DefaultImporter)
Imported 'GUID: a593ccf5a431527d902e4225bf32e898' -> (Import Result ID: 'd5226fe0c92e37695cbb913d5afa65b0') in 0.020 seconds [static dependencies only]. Details - ImportResultOutputID=3e61cc9941ffb6091b562cc90667e675 DependenciesID=a0bc25fdee58abbe0cfa69bd17c473f9 StaticDependenciesID=c5f9379b2245e0e6cc8fcd52c83b9329 
Importing 'GUID: f53044a7ee245b799242b47e2d429e28 - Path: Assets/Resources/World/Characters/QdaoRosterV12/26_osmanthus_healer/walk/S' with importer (DefaultImporter)
Imported 'GUID: f53044a7ee245b799242b47e2d429e28' -> (Import Result ID: '9d63e772ebdd69a7e1bc08be10f7936b') in 0.017 seconds [static dependencies only]. Details - ImportResultOutputID=01705d288774a8ea3bb1daec29f2c0be DependenciesID=eeb8b1029df1be0aa8382560ffb164da StaticDependenciesID=cebca5a63ff59388be079b84222fe79b 
Importing 'GUID: 86cc1f7135f25138b58c980471667524 - Path: Assets/Resources/World/Characters/QdaoRosterV12/30_han_xiangzi/walk/E' with importer (DefaultImporter)
Imported 'GUID: 86cc1f7135f25138b58c980471667524' -> (Import Result ID: '084a12ae33090347e7b2f3e3c9c03906') in 0.016 seconds [static dependencies only]. Details - ImportResultOutputID=b6f835196b8678c59cc10150d7154a00 DependenciesID=68c74518fbd67bbe66ebd2904362446e StaticDependenciesID=513ae69c7c8accf6811b6a44694ea4e6 
Importing 'GUID: b601a77d575a5596986619b832209092 - Path: Assets/Resources/World/Characters/QdaoRosterV12/26_osmanthus_healer/walk/NW' with importer (DefaultImporter)
Imported 'GUID: b601a77d575a5596986619b832209092' -> (Import Result ID: '17077c2426733d007c69ed1a2a8b0cdb') in 0.018 seconds [static dependencies only]. Details - ImportResultOutputID=d2fdacdd26cf1b2145b2f90c6ee3a225 DependenciesID=52b2b9127cf2df1e013689125d4a6122 StaticDependenciesID=1aa017c59672674364bd7827c17a18b3 
Importing 'GUID: b662984c976f502cb866c15ea07f69ab - Path: Assets/Resources/World/Characters/QdaoRosterV12/24_lu_dongbin/walk/NE' with importer (DefaultImporter)
Imported 'GUID: b662984c976f502cb866c15ea07f69ab' -> (Import Result ID: '47b0cdd658d338edafd3eae523fef7ea') in 0.025 seconds [static dependencies only]. Details - ImportResultOutputID=13264d4b5a968b0c5d9ae734005f7140 DependenciesID=0f2891d05358ee11c8d02347f43c7e91 StaticDependenciesID=68ccae54fdbb6132cb99b7538c5d322f 
Importing 'GUID: 377b3f95119e5a569f63c2d5753782ff - Path: Assets/Resources/World/Characters/QdaoRosterV12/29_he_xiangu/walk/E' with importer (DefaultImporter)
Imported 'GUID: 377b3f95119e5a569f63c2d5753782ff' -> (Import Result ID: '23472756ab6c64ea98f5337050956480') in 0.018 seconds [static dependencies only]. Details - ImportResultOutputID=da04e166310bee22957b40aff9e31798 DependenciesID=e617fbfaa3754ffd1d5dcfd7a7aa631b StaticDependenciesID=9e81dc499911a6cbf96db125ac5936c3 
Importing 'GUID: a7bf9abaa297579e94ff391f0b925657 - Path: Assets/Resources/World/Characters/QdaoRosterV12/26_osmanthus_healer/walk/E' with importer (DefaultImporter)
Imported 'GUID: a7bf9abaa297579e94ff391f0b925657' -> (Import Result ID: '1ef79ce184a0b67467dd9bcbc9463ad3') in 0.020 seconds [static dependencies only]. Details - ImportResultOutputID=73aad16e70b66175c0fec01f1a3fcf3c DependenciesID=b3578c9504800fefae4699ff2aa27df2 StaticDependenciesID=4f7f747f74b8909a0e04f878da6814c3 
Importing 'GUID: 484d8e73bf7855d2868bd7c89b9e5816 - Path: Assets/Resources/World/Characters/QdaoRosterV12/30_han_xiangzi/walk/W' with importer (DefaultImporter)
Imported 'GUID: 484d8e73bf7855d2868bd7c89b9e5816' -> (Import Result ID: 'ea6434f598404be1349fe24eeb1630ad') in 0.013 seconds [static dependencies only]. Details - ImportResultOutputID=d6ca51aef7ea1df194ac8bc053e4df3d DependenciesID=572ae0720fb8b3acd33fc83396d0315e StaticDependenciesID=d91e879e36171357ceb19eade629da4d 
Importing 'GUID: 785646b4e6c751acb8a5420b9dd94f92 - Path: Assets/Resources/World/Characters/QdaoRosterV12/29_he_xiangu/walk/W' with importer (DefaultImporter)
Imported 'GUID: 785646b4e6c751acb8a5420b9dd94f92' -> (Import Result ID: '2c290c6a266a24bf70533eac77e57a06') in 0.013 seconds [static dependencies only]. Details - ImportResultOutputID=107f705e2822d30202a24e217cb2bd3b DependenciesID=3a3b0ab60166bb6007737aaba24c80a5 StaticDependenciesID=9ef61e43db8a118ecacf0377712f4480 
Importing 'GUID: e8b9f493d2425baf9e959d8e251e9e28 - Path: Assets/Resources/World/Characters/QdaoRosterV12/26_osmanthus_healer/walk/SW' with importer (DefaultImporter)
Imported 'GUID: e8b9f493d2425baf9e959d8e251e9e28' -> (Import Result ID: 'e94d837ddb48786b810c0c0f20c7390c') in 0.018 seconds [static dependencies only]. Details - ImportResultOutputID=4a04af0204d67c364127614cb211e3b2 DependenciesID=4e7b3f5cf1fad494eb2287fcb43e0454 StaticDependenciesID=6ac6d19783d8868819663851e5af1676 
Importing 'GUID: 4958aeb7bc935aeca790b56f6d38daf1 - Path: Assets/Resources/World/Characters/QdaoRosterV12/24_lu_dongbin/walk/SW' with importer (DefaultImporter)
Imported 'GUID: 4958aeb7bc935aeca790b56f6d38daf1' -> (Import Result ID: '45a408300a1bf6b0c105bf70a702d935') in 0.014 seconds [static dependencies only]. Details - ImportResultOutputID=6859e3161c336d193001d17885b84271 DependenciesID=cbd335a3c54d00181211bf5f14c69223 StaticDependenciesID=19426d1c70244f35404f5ed530794397 
Importing 'GUID: 59433a20b9f55fb5b7dec459ccacc88f - Path: Assets/Resources/World/Characters/QdaoRosterV12/30_han_xiangzi/walk/SE' with importer (DefaultImporter)
Imported 'GUID: 59433a20b9f55fb5b7dec459ccacc88f' -> (Import Result ID: '5bc789f697799f5936a9dd60126d327d') in 0.015 seconds [static dependencies only]. Details - ImportResultOutputID=2ebcf01c8e3c293626ac41dd58e7e944 DependenciesID=645f1b7d7ec39dab72832b611863045f StaticDependenciesID=07354e100984098e93a61a53861e464a 
Importing 'GUID: 9ab6f5555d1c53f88af0a3563f2183a3 - Path: Assets/Resources/World/Characters/QdaoRosterV12/30_han_xiangzi/walk/S' with importer (DefaultImporter)
Imported 'GUID: 9ab6f5555d1c53f88af0a3563f2183a3' -> (Import Result ID: '19d128f4d9eb7b74a5cbcc60a3895414') in 0.018 seconds [static dependencies only]. Details - ImportResultOutputID=fee2cbe0f4ca72a8affa8a0c31423b95 DependenciesID=75a1d51eab9c712ff040a47fd761b5a4 StaticDependenciesID=cba532305b0d00f97653bb0148d0554b 
Importing 'GUID: fa380b49014259458f820b2675b8fda5 - Path: Assets/Resources/World/Characters/QdaoRosterV12/26_osmanthus_healer/walk/SE' with importer (DefaultImporter)
Imported 'GUID: fa380b49014259458f820b2675b8fda5' -> (Import Result ID: '44b8b1e481d33a58f1dda0ae34981a82') in 0.019 seconds [static dependencies only]. Details - ImportResultOutputID=db782b9a2e71812355721f6f68c67e61 DependenciesID=012271806f4f037e4e118a816cea2467 StaticDependenciesID=603d761471a4bf3da7de67f38540b947 
Importing 'GUID: 5b7511e304425690a4f5dafc55885674 - Path: Assets/Resources/World/Characters/QdaoRosterV12/29_he_xiangu/walk/NW' with importer (DefaultImporter)
Imported 'GUID: 5b7511e304425690a4f5dafc55885674' -> (Import Result ID: '5bddafd3531ec44d194647e5de137247') in 0.023 seconds [static dependencies only]. Details - ImportResultOutputID=219843e867cac26e70a702c70b52ced4 DependenciesID=714a70a13c5d1dffbb08f29bc0f5e71b StaticDependenciesID=e7baea858bc49634a5dc22dba3007f02 
Importing 'GUID: ab15b80b76875d4c98372bdcdbfd8afd - Path: Assets/Resources/World/Characters/QdaoRosterV12/24_lu_dongbin/walk/SE' with importer (DefaultImporter)
Imported 'GUID: ab15b80b76875d4c98372bdcdbfd8afd' -> (Import Result ID: '4fddb1846f8675c78b40568833447e24') in 0.018 seconds [static dependencies only]. Details - ImportResultOutputID=de87a086e9ee11de8cc70314ac23ea5a DependenciesID=2ca055df702e79441e99cd4b94fb905c StaticDependenciesID=c3cc8994ed4d80623cc555f2993adbb0 
Importing 'GUID: 6cb62227b8ca586086c51167d3ba5f18 - Path: Assets/Resources/World/Characters/QdaoRosterV12/29_he_xiangu/walk/SE' with importer (DefaultImporter)
Imported 'GUID: 6cb62227b8ca586086c51167d3ba5f18' -> (Import Result ID: 'cfba4ff96c368a601cdf1b564c694a9a') in 0.016 seconds [static dependencies only]. Details - ImportResultOutputID=b87608fcf1a639a9de6ef2eab2117a51 DependenciesID=826c6d8e5868a440fc3aeb954f8bc1c6 StaticDependenciesID=39d43ac19fc1e23f1f09bc058458ef08 
Importing 'GUID: 8c6ad31ae9a65540a9d9528318b35aa3 - Path: Assets/Resources/World/Characters/QdaoRosterV12/29_he_xiangu/walk/N' with importer (DefaultImporter)
Imported 'GUID: 8c6ad31ae9a65540a9d9528318b35aa3' -> (Import Result ID: '669647ebff846662375d9473a3db8aae') in 0.018 seconds [static dependencies only]. Details - ImportResultOutputID=dfe17212954ca9d08a7f629407220e69 DependenciesID=5e5ee77518ae70e4fe232e2f5618e37c StaticDependenciesID=65b8fe4915e553b4096b8da5d5deb362 
Importing 'GUID: 2d2f318251c7597f9828d7e62d1d1e96 - Path: Assets/Resources/World/Characters/QdaoRosterV12/26_osmanthus_healer/walk/W' with importer (DefaultImporter)
Imported 'GUID: 2d2f318251c7597f9828d7e62d1d1e96' -> (Import Result ID: '51e542bad01ac8cce7ea330e536cf7ed') in 0.017 seconds [static dependencies only]. Details - ImportResultOutputID=137e1be4ea918ea1a3a866078c5ef01f DependenciesID=bd95cb2e98f533a78b4f4c8c0bc671cd StaticDependenciesID=00777577965e5b005a345d859dfd0523 
Importing 'GUID: 7d077289403055b9a1aa604b4b682aba - Path: Assets/Resources/World/Characters/QdaoRosterV12/30_han_xiangzi/walk/N' with importer (DefaultImporter)
Imported 'GUID: 7d077289403055b9a1aa604b4b682aba' -> (Import Result ID: '07f138d47f76324c985539b6f5ec2c85') in 0.018 seconds [static dependencies only]. Details - ImportResultOutputID=7c75b3ef57045bbc55f6ec273424dda0 DependenciesID=ac3a43bd9c25543f17e078838d2279a6 StaticDependenciesID=fe9958f8b3b81c4dd7363b35f8c21556 
Importing 'GUID: ed5cf801e1ec52cc8e77ceb515077762 - Path: Assets/Resources/World/Characters/QdaoRosterV12/24_lu_dongbin/walk/W' with importer (DefaultImporter)
Imported 'GUID: ed5cf801e1ec52cc8e77ceb515077762' -> (Import Result ID: '330868ab1938c038e1d6f9eedc88f815') in 0.031 seconds [static dependencies only]. Details - ImportResultOutputID=64b540064102d4db07025cb233393e36 DependenciesID=662cca3d7038c1edae5903261959fcb3 StaticDependenciesID=f6a3625764fe32a67502efef73797d09 
Importing 'GUID: fd887bcf56af5219b67b882843a86a3f - Path: Assets/Resources/World/Characters/QdaoRosterV12/29_he_xiangu/walk/NE' with importer (DefaultImporter)
Imported 'GUID: fd887bcf56af5219b67b882843a86a3f' -> (Import Result ID: 'e23d2fe467f499f5321838f20caadbc2') in 0.026 seconds [static dependencies only]. Details - ImportResultOutputID=8974384ffde5b5245ac18cd31acd3496 DependenciesID=fd0124dd04f095b5e6160de5b06d7a5a StaticDependenciesID=5381b9aa44ba2b43576a4f0374ccc91d 
Importing 'GUID: 3e6bda5f639950148a12962251e7a609 - Path: Assets/Resources/World/Characters/QdaoRosterV12/24_lu_dongbin/walk/NW' with importer (DefaultImporter)
Imported 'GUID: 3e6bda5f639950148a12962251e7a609' -> (Import Result ID: 'f86c95ee34d5d11bb17dc3dc04e38aaa') in 0.014 seconds [static dependencies only]. Details - ImportResultOutputID=04f14f01c31b63e04a5ae6b4499d6425 DependenciesID=0be5f689f7b6ec8bae1d937b98c13ff8 StaticDependenciesID=19f1ba126be05bd38a12ecc18525aa80 
Importing 'GUID: 1f11a460ae195ba98aadfa89c091690a - Path: Assets/Resources/World/Characters/QdaoRosterV12/30_han_xiangzi/walk/NE' with importer (DefaultImporter)
Imported 'GUID: 1f11a460ae195ba98aadfa89c091690a' -> (Import Result ID: 'abf44ad2548695523a07b57d03bf47c7') in 0.014 seconds [static dependencies only]. Details - ImportResultOutputID=54e9bf0a89b0f9089cfb8c161a0e214f DependenciesID=59a34b30bea449e8631eb406bb758f90 StaticDependenciesID=e57a918f4e6d4f7d5d8856230885bd82 
Importing 'GUID: 7f41fc36399b5b5fb055bd34098481ff - Path: Assets/Resources/World/Characters/QdaoRosterV12/30_han_xiangzi/walk/NW' with importer (DefaultImporter)
Imported 'GUID: 7f41fc36399b5b5fb055bd34098481ff' -> (Import Result ID: '1eb42f3ec3e0f9f105d234e8b990fb4e') in 0.015 seconds [static dependencies only]. Details - ImportResultOutputID=cfe4a2ded990320ac4524691e2b8f97b DependenciesID=e55102e9cb40bf6b808d733218f01838 StaticDependenciesID=b013df32109008d6bca91c6cacff4996 
Importing 'GUID: 83ca18cdabaef724a8eb839d8474c420 - Path: Assets/Editor/Guild/MmorpgClient.Guild.Editor.asmdef' with importer (AssemblyDefinitionImporter)
Imported 'GUID: 83ca18cdabaef724a8eb839d8474c420' -> (Import Result ID: '8e1d45d43a8626074c9e404503becb62') in 0.021 seconds [static dependencies only]. Details - ImportResultOutputID=69db1cdd68e2c4015f9360075fbb058f DependenciesID=fb69b47ece613d1e39d5eddd0a7496c7 StaticDependenciesID=e55a0cc31476a78cfcc5594bdd8555fa 
Importing 'GUID: d6702d6bf8ab7fe439b00eda950d6c8d - Path: Assets/Tests/EditMode/Guild/MmorpgClient.Tests.EditMode.Guild.asmdef' with importer (AssemblyDefinitionImporter)
Imported 'GUID: d6702d6bf8ab7fe439b00eda950d6c8d' -> (Import Result ID: '751a7eb6a9f0f096965333fe81a20f50') in 0.040 seconds [static dependencies only]. Details - ImportResultOutputID=fa1ca060d4c52506301c5b6f278d18d4 DependenciesID=455cfb521afb1055eb9df7b7b3ac44f7 StaticDependenciesID=f83f494a3eee3bb3f2e443afa203a820 
Refreshing native plugins compatible for Editor in 191.71 ms, found 1 plugins.
Native extension for WindowsStandalone target not found
Refreshing native plugins compatible for Editor in 4.55 ms, found 1 plugins.
[Licensing::Client] Error: Code 404 while processing request (status: Found 0 entitlement groups and 0 free entitlements matching requested entitlement ids)
[Licensing::Client] Error: Code 404 while processing request (status: Found 0 entitlement groups and 0 free entitlements matching requested entitlement ids)
[Licensing::Client] Error: Code 404 while processing request (status: Found 0 entitlement groups and 0 free entitlements matching requested entitlement ids)
ScheduleIndexationOnStartup MainProcess:True IndexOnStartup:True
Scripting: successfully reloaded assembly
- Finished resetting the current domain, in  7.324 seconds
Domain Reload Profiling: 11526ms
	BeginReloadAssembly (1080ms)
		DisableScriptedObjects (122ms)
		CreateAndSetChildDomain (180ms)
	RebuildCommonClasses (49ms)
	RebuildNativeTypeToScriptingClass (64ms)
	initialDomainReloadingComplete (332ms)
	LoadAllAssembliesAndSetupDomain (2671ms)
		LoadAssemblies (1602ms)
		TypeCache.Refresh (851ms)
			TypeCache.ScanAssembly (813ms)
		AnalyzeDomain (170ms)
			BuildScriptInfoCaches (162ms)
			ResolveRequiredComponents (4ms)
	FinalizeReload (7330ms)
		SetupLoadedEditorAssemblies (0ms)
			LogAssemblyErrors (8ms)
			InitializePlatformSupportModulesInManaged (6ms)
			BeforeProcessingInitializeOnLoad (902ms)
			ProcessInitializeOnLoadAttributes (3774ms)
			ProcessInitializeOnLoadMethodAttributes (1083ms)
			AfterProcessingInitializeOnLoad (38ms)
			EditorAssembliesLoaded (4ms)
		AwakeInstancesAfterBackupRestoration (143ms)
Starting new worker id: 0 with log in E:/work/tmp/team-ui-verify-20260914/Logs/AssetImportWorkerHW0.log
Importing 'GUID: 0025b251fdcd53cdab2efea4ce396fc8 - Path: Assets/Resources/World/Characters/QdaoRosterV12/26_osmanthus_healer/walk/NW/01.png' with importer (TextureImporter)
Imported 'GUID: 0025b251fdcd53cdab2efea4ce396fc8' -> (Import Result ID: '08734444f4e86b0380b6039cdf435e06') in 0.131 seconds [static and dynamic dependencies]. Details - ImportResultOutputID=5dcaa33911eecff708448dfb86c551d0 DependenciesID=f998083c22464a258ecc298bfe7a4511 StaticDependenciesID=a7e0a4e2372ac51fdac5fe5775b6c478 
Importing 'GUID: 00fd1eda368057119dea58f9c8a5561e - Path: Assets/Resources/World/Characters/QdaoRosterV12/24_lu_dongbin/idle/SW.png' with importer (TextureImporter)
Imported 'GUID: 00fd1eda368057119dea58f9c8a5561e' -> (Import Result ID: '1a3b34d2522fd6ec081aa1692cfb509c') in 0.052 seconds [static and dynamic dependencies]. Details - ImportResultOutputID=0e571db7647fd2c0b8c79a273536add0 DependenciesID=3f3fe57588fae31ebf45b1bedddb4376 StaticDependenciesID=27989646f738a2a9565c1d6252b0f81d 
Importing 'GUID: 106347e7469c51aaa53ab7604e01f049 - Path: Assets/Resources/World/Characters/QdaoRosterV12/30_han_xiangzi/idle/E.png' with importer (TextureImporter)
Imported 'GUID: 106347e7469c51aaa53ab7604e01f049' -> (Import Result ID: '781d9ca60d39b7c63d546a50753594c4') in 0.055 seconds [static and dynamic dependencies]. Details - ImportResultOutputID=638bb0a11767df59edf7ed9962a4f5c8 DependenciesID=f0e2fa8b976848dd53c438948afb0aa4 StaticDependenciesID=8c28eebdba3aff0ddf8334f3c3182a08 
Importing 'GUID: 204206fa44545c4095656d47c975b495 - Path: Assets/Resources/World/Characters/QdaoRosterV12/29_he_xiangu/idle/NE.png' with importer (TextureImporter)
Imported 'GUID: 204206fa44545c4095656d47c975b495' -> (Import Result ID: '3d828e25f76a48fd81db05f5831fca69') in 0.054 seconds [static and dynamic dependencies]. Details - ImportResultOutputID=2299d55ae3047bdf49b603142a6cba0b DependenciesID=e3a1b785c6a8015d1e088e6368fee073 StaticDependenciesID=f28d5fa61dacb5abfbaa3e6958dafa49 
Importing 'GUID: 3005a4fca0e352a0ab9c8efa159e02a6 - Path: Assets/Resources/World/Characters/QdaoRosterV12/30_han_xiangzi/idle/SW.png' with importer (TextureImporter)
Imported 'GUID: 3005a4fca0e352a0ab9c8efa159e02a6' -> (Import Result ID: '888809a051542c6e50de561102384a4f') in 0.048 seconds [static and dynamic dependencies]. Details - ImportResultOutputID=ead73b85d4578ff9abeb88a6d7cf876d DependenciesID=c0948a56c529eace8a4c354096c24bec StaticDependenciesID=4f4794f03aaf63f471437467a7f03c03 
Importing 'GUID: 30a76276c6d75195899561c3784603fa - Path: Assets/Resources/World/Characters/QdaoRosterV12/29_he_xiangu/walk/S/07.png' with importer (TextureImporter)
Imported 'GUID: 30a76276c6d75195899561c3784603fa' -> (Import Result ID: '0815355c9dac17fa8554e4982f8844fb') in 0.050 seconds [static and dynamic dependencies]. Details - ImportResultOutputID=ac9d42e2c63a10410e1ccd3ec9be6ddf DependenciesID=0b7a9f442f24feab3d886283f6cb0111 StaticDependenciesID=f4f512b88f81f12e38b78f1d5fa96c33 
Importing 'GUID: 3008a30cb5b01ae41a74cc74064514fe - Path: Assets/Resources/UI/Ugui/TeamV2/member_row.png' with importer (TextureImporter)
Imported 'GUID: 3008a30cb5b01ae41a74cc74064514fe' -> (Import Result ID: 'e5261cb19d1dc1840960e4958154aa7c') in 0.051 seconds [static and dynamic dependencies]. Details - ImportResultOutputID=739cf03beee8925b08ebf4cf66dc9a38 DependenciesID=1bcc6cf8b9c50b6185fb8f27e8cc08fa StaticDependenciesID=7ce05a18c6cbb0fab3cfd91ba0dc686e 
Importing 'GUID: 308ed16808f45324a587da76a40d24ab - Path: Assets/Resources/World/Characters/QdaoRosterV12/24_lu_dongbin/walk/S/01.png' with importer (TextureImporter)
Imported 'GUID: 308ed16808f45324a587da76a40d24ab' -> (Import Result ID: '15c50f969294cd7fe2fa01fab47567d1') in 0.049 seconds [static and dynamic dependencies]. Details - ImportResultOutputID=915595e9a2b45bd58b06317f232911c4 DependenciesID=6de87404b94f6c54a5da4e8dea6c5460 StaticDependenciesID=31678ddc9f949caa31bd0f8a6ce520b4 
Importing 'GUID: 4081f5b4973051e8ac1d034099671498 - Path: Assets/Resources/World/Characters/QdaoRosterV12/29_he_xiangu/walk/N/04.png' with importer (TextureImporter)
Imported 'GUID: 4081f5b4973051e8ac1d034099671498' -> (Import Result ID: '2a64ede8d5953ad9e77e6b13f0c6bd75') in 0.052 seconds [static and dynamic dependencies]. Details - ImportResultOutputID=3bd326b7ce64573a4b967baf460972d7 DependenciesID=9824d7d39376a7f178b94d56d31cbea2 StaticDependenciesID=098e2533de16357bd9fe9ebeeae3d14a 
Importing 'GUID: 60358284b5445a1a9994e2cbc67e92b3 - Path: Assets/Resources/World/Characters/QdaoRosterV12/26_osmanthus_healer/walk/SW/03.png' with importer (TextureImporter)
Imported 'GUID: 60358284b5445a1a9994e2cbc67e92b3' -> (Import Result ID: 'ef3b5c85a7b0421bc925130a1ea8ec32') in 0.050 seconds [static and dynamic dependencies]. Details - ImportResultOutputID=c884bc144de4cb6e1bba7e5179866a31 DependenciesID=470d5f3321607e0768f44205d5c385c4 StaticDependenciesID=38b991067b81ab52d155ee237198c457 
Importing 'GUID: 7033dfe568a7505e9f8eacdc7e87f761 - Path: Assets/Resources/World/Characters/QdaoRosterV12/29_he_xiangu/walk/NW/08.png' with importer (TextureImporter)
Imported 'GUID: 7033dfe568a7505e9f8eacdc7e87f761' -> (Import Result ID: 'fc66470147a89adabe4a69f027326536') in 0.062 seconds [static and dynamic dependencies]. Details - ImportResultOutputID=941ff00204619b89dd438a4a1bf0510c DependenciesID=7b089ee6a4b4b1a54293233f84bb9362 StaticDependenciesID=2609e10d42bca75454483aab60937b8b 
Importing 'GUID: 802dd8863f72560ba5299d7447ef4b4a - Path: Assets/Resources/World/Characters/QdaoRosterV12/29_he_xiangu/walk/S/03.png' with importer (TextureImporter)
Imported 'GUID: 802dd8863f72560ba5299d7447ef4b4a' -> (Import Result ID: 'c1a13c32dd6e091f80a0432cf39b9150') in 0.063 seconds [static and dynamic dependencies]. Details - ImportResultOutputID=7e767fd1f26ac77917c5f9ff746114aa DependenciesID=074411cda2dd7905966a901a92356898 StaticDependenciesID=5b0aa4891f1b6a9c03dafc9f4a943090 
Importing 'GUID: 908043d0d377563ebbb3d09d55e8c048 - Path: Assets/Resources/World/Characters/QdaoRosterV12/26_osmanthus_healer/walk/S/02.png' with importer (TextureImporter)
Imported 'GUID: 908043d0d377563ebbb3d09d55e8c048' -> (Import Result ID: '093522190feb2ca8fef21852a1f19731') in 0.051 seconds [static and dynamic dependencies]. Details - ImportResultOutputID=44762bfde2459e862d074da980adb01c DependenciesID=fc61ab9e24130a8703bde2793359d542 StaticDependenciesID=f979c2d88f3154273358b526f25a427f 
Importing 'GUID: c0820cdffe3750c38ca9a0941fb7e814 - Path: Assets/Resources/World/Characters/QdaoRosterV12/30_han_xiangzi/walk/S/strip.png' with importer (TextureImporter)
Imported 'GUID: c0820cdffe3750c38ca9a0941fb7e814' -> (Import Result ID: '7f1070c796d2ff3da54b3c98abe4202b') in 0.169 seconds [static and dynamic dependencies]. Details - ImportResultOutputID=eec2cbe06a0580b7f3e47b29c2bf79f3 DependenciesID=9689b38ede2e77c3bb900d43c0b35b30 StaticDependenciesID=bc2d3d9a5367d3f51cceacb145782db7 
Importing 'GUID: c01a13bc15db57ffa2044232d311ac09 - Path: Assets/Resources/World/Characters/QdaoRosterV12/26_osmanthus_healer/walk/N/05.png' with importer (TextureImporter)
Imported 'GUID: c01a13bc15db57ffa2044232d311ac09' -> (Import Result ID: '90e6f112877b5c5ce0e688cebf17a058') in 0.058 seconds [static and dynamic dependencies]. Details - ImportResultOutputID=d5662d9c9265a6c49b213902cae073b3 DependenciesID=831b4c6c32e46ba546dc3e004dff3968 StaticDependenciesID=4cb6ea49d3124c170462656f74ddeddb 
Importing 'GUID: e0f5dcd46e9542f5a441f2bd024751f9 - Path: Assets/Resources/UI/Ugui/GuildV2/pill.png' with importer (TextureImporter)
Imported 'GUID: e0f5dcd46e9542f5a441f2bd024751f9' -> (Import Result ID: '2ed7dc38b7fb0baa0d47cc3da57c2b2d') in 0.087 seconds [static and dynamic dependencies]. Details - ImportResultOutputID=74c60c5edbb990da360c41b10f800ca9 DependenciesID=f9b9f611940b9f7850eea0a2c11f4d32 StaticDependenciesID=2ab38fb31864b436688fb3f569fe2e91 
Importing 'GUID: e0c6dbbc8a35e514f911b08a6808e5b2 - Path: Assets/Resources/UI/Ugui/TeamV2/status_offline.png' with importer (TextureImporter)
Imported 'GUID: e0c6dbbc8a35e514f911b08a6808e5b2' -> (Import Result ID: '6dde638b63bbffe031fb1773dbec8920') in 0.034 seconds [static and dynamic dependencies]. Details - ImportResultOutputID=5eff076d369ddd61929a8edf8fa7200f DependenciesID=9f35ee801c03dee9adcbb594d451efbe StaticDependenciesID=be9dc086f0a9cb7761a5c88274f9e8ae 
Importing 'GUID: e01ba94f40ec5fc29d95f1495ac07ed8 - Path: Assets/Resources/World/Characters/QdaoRosterV12/30_han_xiangzi/idle/SE.png' with importer (TextureImporter)
Imported 'GUID: e01ba94f40ec5fc29d95f1495ac07ed8' -> (Import Result ID: '39d2d5120bb2d7c5d2be11c36da892b4') in 0.059 seconds [static and dynamic dependencies]. Details - ImportResultOutputID=10aad2382c71852affdac6db8f5c44c1 DependenciesID=b57593cfd790f72cd2e10eeba7159c30 StaticDependenciesID=7b319232a2f8bc163c4a2b3de2f68c20 
Importing 'GUID: f0688573473e59d5b30d963d61ae9f30 - Path: Assets/Resources/World/Characters/QdaoRosterV12/24_lu_dongbin/walk/NW/07.png' with importer (TextureImporter)
Imported 'GUID: f0688573473e59d5b30d963d61ae9f30' -> (Import Result ID: 'e7bedda8964585607d972a9c66a23b8c') in 0.059 seconds [static and dynamic dependencies]. Details - ImportResultOutputID=abeac63dfca3b904ad7737feb999baf9 DependenciesID=f3c11e1b40bb05c9e5b2a1f6d115702a StaticDependenciesID=cb3f93ce0cc87bf7ee183d604b127927 
Importing 'GUID: 01d220fa8af65b43a1b4abf039dd464b - Path: Assets/Resources/World/Characters/QdaoRosterV12/24_lu_dongbin/walk/SE/strip.png' with importer (TextureImporter)
Imported 'GUID: 01d220fa8af65b43a1b4abf039dd464b' -> (Import Result ID: '8bb8ed935bb5c1dbce5d3fc4145a960d') in 0.169 seconds [static and dynamic dependencies]. Details - ImportResultOutputID=bf6b3c19dded5e4b9fae2b879403c559 DependenciesID=c5354cf290b3f327c75300cd197f2f6b StaticDependenciesID=c992f058b535cd2284cc165bfac287d6 
Importing 'GUID: 01c3121539515e6e89d64819d10c5d36 - Path: Assets/Resources/World/Characters/QdaoRosterV12/26_osmanthus_healer/idle/N.png' with importer (TextureImporter)
Imported 'GUID: 01c3121539515e6e89d64819d10c5d36' -> (Import Result ID: 'ec957d040d9b940f8ed2d7f5a2566028') in 0.043 seconds [static and dynamic dependencies]. Details - ImportResultOutputID=4ac79c70e67f633629be4fa5c8b2bbb3 DependenciesID=7b86e3e0e58851c54966897256027c1b StaticDependenciesID=c1be477aa7ab802798ae61fdea3ab6a1 
Importing 'GUID: 2165c60acba65073aaab76e98d8b1d3f - Path: Assets/Resources/World/Characters/QdaoRosterV12/29_he_xiangu/idle/N.png' with importer (TextureImporter)
Imported 'GUID: 2165c60acba65073aaab76e98d8b1d3f' -> (Import Result ID: 'a46c27e9a6070b67024c758949f8625b') in 0.051 seconds [static and dynamic dependencies]. Details - ImportResultOutputID=d33f5dc76895286010e89f3e956904b3 DependenciesID=ea02fc91931602a463f8d95ddf46ac48 StaticDependenciesID=3fceb3db4fa15e0dd8945b4fc82a495b 
Importing 'GUID: 210c24cebedb527eacc7244e324bd039 - Path: Assets/Resources/World/Characters/QdaoRosterV12/30_han_xiangzi/walk/NE/04.png' with importer (TextureImporter)
Imported 'GUID: 210c24cebedb527eacc7244e324bd039' -> (Import Result ID: '4525befe3420f6f07c93c0f60faca3e3') in 0.042 seconds [static and dynamic dependencies]. Details - ImportResultOutputID=c9d5969c43671d11d8f03c9ba924dcb8 DependenciesID=bcf9052c19d429eb72b9f9f2ae4e0e9b StaticDependenciesID=69bdb3a5a6fc0e370b6fb8e2384f83fd 
Importing 'GUID: 21ddcc38b6125bdda1c45fb51396d3c2 - Path: Assets/Resources/World/Characters/QdaoRosterV12/26_osmanthus_healer/walk/NE/04.png' with importer (TextureImporter)
Imported 'GUID: 21ddcc38b6125bdda1c45fb51396d3c2' -> (Import Result ID: '82d31d812a053596940330d517eae0c7') in 0.050 seconds [static and dynamic dependencies]. Details - ImportResultOutputID=ec73aedfc7c45f018a30bd4818c8b789 DependenciesID=564bde7de8176cdb1c8446f9ced6991e StaticDependenciesID=9e0a07bafbe771682a3975952f837732 
Importing 'GUID: 31f4955ac6575cc39e5b1119b18f0762 - Path: Assets/Resources/World/Characters/QdaoRosterV12/29_he_xiangu/walk/W/04.png' with importer (TextureImporter)
Imported 'GUID: 31f4955ac6575cc39e5b1119b18f0762' -> (Import Result ID: 'bc2a5bec779f82da2c9b9ac8b19a76c7') in 0.044 seconds [static and dynamic dependencies]. Details - ImportResultOutputID=6fbce2bc26641b19b25677dcee9d53d3 DependenciesID=fad33b22b0164e45af88ccdc6dc9427e StaticDependenciesID=3625fd851a1b2de183408d84d47379ef 
Importing 'GUID: 31275e38713c5b9eada29b633a90cbd6 - Path: Assets/Resources/World/Characters/QdaoRosterV12/26_osmanthus_healer/walk/NW/07.png' with importer (TextureImporter)
Imported 'GUID: 31275e38713c5b9eada29b633a90cbd6' -> (Import Result ID: '4aee935bdaad2a6972cc37198ecd1653') in 0.049 seconds [static and dynamic dependencies]. Details - ImportResultOutputID=2a8738820161b56106ed72515a598a63 DependenciesID=6f5bd4f731baffa27b7ed11e8fcaa542 StaticDependenciesID=997794d3fbcf19c6960f10e18f393717 
Importing 'GUID: 3178ee4845c4524baf651077b4a9d81e - Path: Assets/Resources/World/Characters/QdaoRosterV12/30_han_xiangzi/idle/N.png' with importer (TextureImporter)
Imported 'GUID: 3178ee4845c4524baf651077b4a9d81e' -> (Import Result ID: '8bc4119f2a80ccd4011472bd47c99bf9') in 0.047 seconds [static and dynamic dependencies]. Details - ImportResultOutputID=027e9416821d6138016101762be5f21d DependenciesID=72fc6d53305b0a6e8aa7dc030bc11f71 StaticDependenciesID=1961d637f29baf0cd1ca5ab2e97245ce 
Importing 'GUID: 4180e2b990bf5799b456264b6d04a87c - Path: Assets/Resources/World/Characters/QdaoRosterV12/24_lu_dongbin/walk/SE/05.png' with importer (TextureImporter)
Imported 'GUID: 4180e2b990bf5799b456264b6d04a87c' -> (Import Result ID: '2cf25cdb0ee5834f8992d615b4cbc57c') in 0.050 seconds [static and dynamic dependencies]. Details - ImportResultOutputID=0416244c4179e49e093ddb451dc614b9 DependenciesID=89945bd457485dc3d402975a5d2baa2d StaticDependenciesID=b078552621b694e84c6e82aa66d0b3f2 
Importing 'GUID: 414f346404465a14aa18ab63d8ee0ef1 - Path: Assets/Resources/World/Characters/QdaoRosterV12/30_han_xiangzi/idle/NW.png' with importer (TextureImporter)
Imported 'GUID: 414f346404465a14aa18ab63d8ee0ef1' -> (Import Result ID: '52927803c08e1c0586d1fd74e6de0fdd') in 0.045 seconds [static and dynamic dependencies]. Details - ImportResultOutputID=acbf76ad165b2d62f2bbf52a4234810c DependenciesID=ab2de119943cc32517f33bf476c49e6e StaticDependenciesID=13cc0309c4b7f78161f82431dd97d34a 
Importing 'GUID: 51802b22128857668ec28cb830924795 - Path: Assets/Resources/World/Characters/QdaoRosterV12/30_han_xiangzi/walk/S/01.png' with importer (TextureImporter)
Imported 'GUID: 51802b22128857668ec28cb830924795' -> (Import Result ID: 'a1072e3f7af7199f8a645d2d578e63e7') in 0.052 seconds [static and dynamic dependencies]. Details - ImportResultOutputID=44b9bb46ef9989aae862488a89712784 DependenciesID=8b4a7acf8651387dd5cd72081e2596d0 StaticDependenciesID=40308b3bf4e1672d5f5236793e698320 
Importing 'GUID: 51f5fc3846b456f5ae5dbee76a253441 - Path: Assets/Resources/World/Characters/QdaoRosterV12/29_he_xiangu/walk/W/02.png' with importer (TextureImporter)
Imported 'GUID: 51f5fc3846b456f5ae5dbee76a253441' -> (Import Result ID: 'f45bbe636224250141809627c360aac1') in 0.054 seconds [static and dynamic dependencies]. Details - ImportResultOutputID=bc459805be11059bc397d136076310d9 DependenciesID=24e194553336c8f1d6fcf4682f0f0ce5 StaticDependenciesID=08145369dbfb8dc33913170597e9509e 
Importing 'GUID: 517b24e57605530890ec214449e65907 - Path: Assets/Resources/World/Characters/QdaoRosterV12/24_lu_dongbin/walk/N/07.png' with importer (TextureImporter)
Imported 'GUID: 517b24e57605530890ec214449e65907' -> (Import Result ID: '1da585ff3d92749dc7c1b3c4271fe2b0') in 0.054 seconds [static and dynamic dependencies]. Details - ImportResultOutputID=49d9401da120669ea7372ea74b74ad16 DependenciesID=1df41651db79936790db1cd8701391bb StaticDependenciesID=4579a5f9d8467ed0054b8d4c729fba54 
Importing 'GUID: 512e7ea089e455c888f2f005ad858085 - Path: Assets/Resources/World/Characters/QdaoRosterV12/24_lu_dongbin/walk/W/05.png' with importer (TextureImporter)
Imported 'GUID: 512e7ea089e455c888f2f005ad858085' -> (Import Result ID: 'a29a2e9f67427ae712f498f8b1ab392b') in 0.048 seconds [static and dynamic dependencies]. Details - ImportResultOutputID=98c313352cf9fd200de9dac3c4f0a43a DependenciesID=0629a7e35a6f63ed376d1eef0662a2d5 StaticDependenciesID=669c9a17f62ed853c22cb83f6566da39 
Importing 'GUID: 61947c00411ef7f47bf4331c180eb6ab - Path: Assets/Resources/UI/Ugui/GuildV2/button_secondary.png' with importer (TextureImporter)
Imported 'GUID: 61947c00411ef7f47bf4331c180eb6ab' -> (Import Result ID: 'f43c7b99fe4fbd3532a1487c7d0fdf64') in 0.022 seconds [static and dynamic dependencies]. Details - ImportResultOutputID=27fffe6cb4687f33e3dd25de658b2bba DependenciesID=4767e9c48f8b56f61b3ade7ce07b91f3 StaticDependenciesID=6ccacdb1a332ff57e265fa4a0890db84 
Importing 'GUID: 7128bb71201d5570b7ed6f2bd98f2521 - Path: Assets/Resources/World/Characters/QdaoRosterV12/30_han_xiangzi/walk/S/07.png' with importer (TextureImporter)
Imported 'GUID: 7128bb71201d5570b7ed6f2bd98f2521' -> (Import Result ID: 'a973df94bd3b0934969a8a484118a83f') in 0.048 seconds [static and dynamic dependencies]. Details - ImportResultOutputID=8c54f078fcd5d4f2eb981b3f8d4e6de7 DependenciesID=cf14f53c0afec6002138f649782857b7 StaticDependenciesID=9d27c74f8c7701c65fb354b1bc53c7d5 
Importing 'GUID: 718a3123f4a958359d277eeb618ce1ab - Path: Assets/Resources/World/Characters/QdaoRosterV12/24_lu_dongbin/walk/NE/03.png' with importer (TextureImporter)
Imported 'GUID: 718a3123f4a958359d277eeb618ce1ab' -> (Import Result ID: 'b6c934ddf1b78e98321da0b7b453ae7c') in 0.053 seconds [static and dynamic dependencies]. Details - ImportResultOutputID=e34ce6f5804945981e467d27d4d08954 DependenciesID=8fabb4a9c96f99d8cc1a2b975046a725 StaticDependenciesID=29b97b80842c6d60b0720bde2e02ce6e 
Importing 'GUID: 719f48cfd6035f85beb7dc45deba5e66 - Path: Assets/Resources/World/Characters/QdaoRosterV12/26_osmanthus_healer/walk/NW/02.png' with importer (TextureImporter)
Imported 'GUID: 719f48cfd6035f85beb7dc45deba5e66' -> (Import Result ID: '914fbbb4bf825be60a27ea93c9dd4c27') in 0.048 seconds [static and dynamic dependencies]. Details - ImportResultOutputID=9177a368df60f549e282ad310cfdc110 DependenciesID=fe5555a229217cb7e6016c1a978d5f8b StaticDependenciesID=73803ff1695480dec216ef1fd327259c 
Importing 'GUID: 8190e466b0e25f46ac5e62805d070979 - Path: Assets/Resources/World/Characters/QdaoRosterV12/30_han_xiangzi/walk/S/04.png' with importer (TextureImporter)
Imported 'GUID: 8190e466b0e25f46ac5e62805d070979' -> (Import Result ID: '01f5f8a7856d465a8637e2e123c32a8f') in 0.043 seconds [static and dynamic dependencies]. Details - ImportResultOutputID=c4daa4d298a24f1855732a365e305adc DependenciesID=84f87f2f8187dc4642d2201955f71923 StaticDependenciesID=73c22da1b38b25625aac97ba02a30f1b 
Importing 'GUID: 81b21316e992560d98ac1dbd84087ddc - Path: Assets/Resources/World/Characters/QdaoRosterV12/29_he_xiangu/walk/NE/04.png' with importer (TextureImporter)
Imported 'GUID: 81b21316e992560d98ac1dbd84087ddc' -> (Import Result ID: '83d12a38d0da8bff8cccf7ba3f04c514') in 0.042 seconds [static and dynamic dependencies]. Details - ImportResultOutputID=638029871aedf2834ec9d2d7cc413611 DependenciesID=28a0ac951bf4d1e165b461d94a91c78d StaticDependenciesID=7be3db121c2b6594eca4cdf57c663103 
Importing 'GUID: 81ac22bd61f55f1696208e127ba20e0d - Path: Assets/Resources/World/Characters/QdaoRosterV12/30_han_xiangzi/walk/NW/strip.png' with importer (TextureImporter)
Imported 'GUID: 81ac22bd61f55f1696208e127ba20e0d' -> (Import Result ID: 'd8266d9bc69a2250fc2a6db29a3fc5e3') in 0.139 seconds [static and dynamic dependencies]. Details - ImportResultOutputID=e816ab888822d7aa77068b3f332f9ddf DependenciesID=e27dda1b8727ec3b56099966bf2b57a0 StaticDependenciesID=51ddf2f8eff888b2982376a52e8d20f1 
Importing 'GUID: 81ade18affd557229e7ffd5dc56dec46 - Path: Assets/Resources/World/Characters/QdaoRosterV12/29_he_xiangu/walk/S/05.png' with importer (TextureImporter)
Imported 'GUID: 81ade18affd557229e7ffd5dc56dec46' -> (Import Result ID: 'bb9dca99e2f076369962fcc45266dfdb') in 0.048 seconds [static and dynamic dependencies]. Details - ImportResultOutputID=80f6b1ee7ceedd022c2c3ad85f4a71db DependenciesID=12cd05478ac081271b6debb342178114 StaticDependenciesID=000f087457b9b00c9378d80e0092bfaf 
Importing 'GUID: a1c0b230076659b5a93c4e8fa9aa1c3e - Path: Assets/Resources/World/Characters/QdaoRosterV12/24_lu_dongbin/walk/SE/06.png' with importer (TextureImporter)
Imported 'GUID: a1c0b230076659b5a93c4e8fa9aa1c3e' -> (Import Result ID: '7c1802416c95daeeaf3f1393a44f1a49') in 0.048 seconds [static and dynamic dependencies]. Details - ImportResultOutputID=e563333aab6161cec5bf8b8be2db407c DependenciesID=924dc0296cfd0f3f46a36f24525979fe StaticDependenciesID=82f71adfbede35d947e011183e264830 
Importing 'GUID: a1f0934f42fd5c3c95b0cb66a1e192bb - Path: Assets/Resources/World/Characters/QdaoRosterV12/24_lu_dongbin/walk/SW/01.png' with importer (TextureImporter)
Imported 'GUID: a1f0934f42fd5c3c95b0cb66a1e192bb' -> (Import Result ID: 'ce8e351565b9e474612664a8679d43b0') in 0.044 seconds [static and dynamic dependencies]. Details - ImportResultOutputID=49e50e3eac574560ea5f61ce29fba5a2 DependenciesID=1b76f1667629be2075a15ee22a5a8634 StaticDependenciesID=9ed3754f12f5bde38e91232724e7e68a 
Importing 'GUID: a153828816045d5581fd7cdc4ca00fc8 - Path: Assets/Resources/World/Characters/QdaoRosterV12/24_lu_dongbin/walk/W/03.png' with importer (TextureImporter)
Imported 'GUID: a153828816045d5581fd7cdc4ca00fc8' -> (Import Result ID: '1bf4e18ffe7980509248b3a1e809f99e') in 0.047 seconds [static and dynamic dependencies]. Details - ImportResultOutputID=e4b30fe3d38fcf8944b808bb90f67518 DependenciesID=ebfe443e315670153cdb713b35f5e887 StaticDependenciesID=06b3b5a20ee6b7a9aba7308d16046748 
Importing 'GUID: a16ff742668f574a9657c67729214014 - Path: Assets/Resources/World/Characters/QdaoRosterV12/29_he_xiangu/walk/NE/05.png' with importer (TextureImporter)
Imported 'GUID: a16ff742668f574a9657c67729214014' -> (Import Result ID: '064470cde4b70aa820d133784ffd923b') in 0.051 seconds [static and dynamic dependencies]. Details - ImportResultOutputID=05d2cf442e60f15229dcc08547f56df1 DependenciesID=f6504b8c6f45deb5f4c992db79baf67f StaticDependenciesID=db1aee215406eacaec4aba9f784d6eb9 
Importing 'GUID: b164c392819d5bcb906fe8e56aacefc4 - Path: Assets/Resources/World/Characters/QdaoRosterV12/26_osmanthus_healer/walk/W/strip.png' with importer (TextureImporter)
Imported 'GUID: b164c392819d5bcb906fe8e56aacefc4' -> (Import Result ID: '204d44b91dfe6d77e859f80972967668') in 0.194 seconds [static and dynamic dependencies]. Details - ImportResultOutputID=75cec45925cb2ecbc81b76f469cc761e DependenciesID=ba1fd78c42aff75f1213f3b7b763e357 StaticDependenciesID=2ee0698a8758df110da1034fa358673c 
Importing 'GUID: b135609595f84bb40b68d26a062ab2d2 - Path: Assets/Resources/UI/Ugui/TeamV2/badge_leader.png' with importer (TextureImporter)
Imported 'GUID: b135609595f84bb40b68d26a062ab2d2' -> (Import Result ID: 'abb0ffb919c5d94fc739a23f4ec12271') in 0.061 seconds [static and dynamic dependencies]. Details - ImportResultOutputID=413855359446bc02d2727f81c68d9f87 DependenciesID=ece550ab954059e0978f53ef9955e7c5 StaticDependenciesID=3826db035da662ff36a879bf291f094f 
Importing 'GUID: b1d508bee4f05da490ec97538a58f5a7 - Path: Assets/Resources/World/Characters/QdaoRosterV12/24_lu_dongbin/walk/NE/07.png' with importer (TextureImporter)
Imported 'GUID: b1d508bee4f05da490ec97538a58f5a7' -> (Import Result ID: '219a9ef4b5ea44363f3b25c247104d85') in 0.065 seconds [static and dynamic dependencies]. Details - ImportResultOutputID=72b1ed65b95c0bafea6cd5d2abee15f5 DependenciesID=da627a43048e00dd1e4b7b6b15403079 StaticDependenciesID=29f77440a97e24ea7b5dba72e7c980e2 
Importing 'GUID: b19e38bf1e705ddd9730ef067910f35f - Path: Assets/Resources/World/Characters/QdaoRosterV12/30_han_xiangzi/walk/SW/05.png' with importer (TextureImporter)
Imported 'GUID: b19e38bf1e705ddd9730ef067910f35f' -> (Import Result ID: 'e54f8676d056b684208c87108f4d104b') in 0.056 seconds [static and dynamic dependencies]. Details - ImportResultOutputID=7af0dcea3c8a2f8b4bb7e59b16dd0a8d DependenciesID=e911d0a358dd44a9d63ac3767abf6cc7 StaticDependenciesID=26cfa254ef5a0b25897efddf027f4d76 
Importing 'GUID: d18a7ada53345f0c838d6ab8bc6a79ef - Path: Assets/Resources/World/Characters/QdaoRosterV12/29_he_xiangu/walk/E/01.png' with importer (TextureImporter)
Imported 'GUID: d18a7ada53345f0c838d6ab8bc6a79ef' -> (Import Result ID: '2c61b53b2de8d10b301cf785533922f7') in 0.047 seconds [static and dynamic dependencies]. Details - ImportResultOutputID=4cc7aaabc3f27e9ee68530e570922351 DependenciesID=050c79ac72f0f03580f76e40a66ab012 StaticDependenciesID=9d18a6eab05412729d27b813f595adf0 
Importing 'GUID: d1ade60acd7d56f6bc46bc814d92a29f - Path: Assets/Resources/World/Characters/QdaoRosterV12/26_osmanthus_healer/walk/S/strip.png' with importer (TextureImporter)
Imported 'GUID: d1ade60acd7d56f6bc46bc814d92a29f' -> (Import Result ID: 'ba80bc858289724bacbe35c55c730cc5') in 0.131 seconds [static and dynamic dependencies]. Details - ImportResultOutputID=0ca4b3f4edbd2fea2afc12d0621b4851 DependenciesID=29731ad4b7273127ec87f825bf8bba23 StaticDependenciesID=2f822a30204fba98dfdb95f763fa99f4 
Importing 'GUID: e15e67c48ce152fb8fd248bc36aff087 - Path: Assets/Resources/World/Characters/QdaoRosterV12/26_osmanthus_healer/idle/SW.png' with importer (TextureImporter)
Imported 'GUID: e15e67c48ce152fb8fd248bc36aff087' -> (Import Result ID: 'ec713527aabe1d9879ca9c2daad1b87d') in 0.043 seconds [static and dynamic dependencies]. Details - ImportResultOutputID=114764e41431145be3f8d755869d17cc DependenciesID=f9206046d9530d4744315b5da6d8be18 StaticDependenciesID=0d74fc157524dd124c83ae0616cac64a 
Importing 'GUID: f1ba7c8e5b3a5e86ade751629469ada1 - Path: Assets/Resources/World/Characters/QdaoRosterV12/29_he_xiangu/walk/S/02.png' with importer (TextureImporter)
Imported 'GUID: f1ba7c8e5b3a5e86ade751629469ada1' -> (Import Result ID: '067a2a3f936dc4b3cc79b765bc094e2f') in 0.028 seconds [static and dynamic dependencies]. Details - ImportResultOutputID=3bb70491ab3bff77c313b3ed49ed2fe9 DependenciesID=c0e563f36538a52a8ca585738981d6f6 StaticDependenciesID=f797d59179d7732449d00b138185efae 
Importing 'GUID: 02ccf102a829511fb2612210cd0580cc - Path: Assets/Resources/World/Characters/QdaoRosterV12/26_osmanthus_healer/walk/S/08.png' with importer (TextureImporter)
Imported 'GUID: 02ccf102a829511fb2612210cd0580cc' -> (Import Result ID: '6d410b9c23dfc04a82f09ca05ce9e0f9') in 0.046 seconds [static and dynamic dependencies]. Details - ImportResultOutputID=b0b0eaa775c5e7156f74ef19a108feca DependenciesID=6c0b6780fac0d38454c2a94b8fb01483 StaticDependenciesID=51f18d798cc8f08b9ab647c61d55e7d0 
Importing 'GUID: 12e6311c7996556e9efcb1bab7bf1c97 - Path: Assets/Resources/World/Characters/QdaoRosterV12/29_he_xiangu/walk/N/08.png' with importer (TextureImporter)
Imported 'GUID: 12e6311c7996556e9efcb1bab7bf1c97' -> (Import Result ID: 'c07a3271efc8140e41e4607e1d660021') in 0.038 seconds [static and dynamic dependencies]. Details - ImportResultOutputID=cec3862edde04f77fa64c295cf6b2cd2 DependenciesID=797c35f5d5f01111b998dbf78a4162b7 StaticDependenciesID=ab6e979da4e8132faecf9011a322da0e 
Importing 'GUID: 22f7adcce7e85fe99cebccc854fd6f28 - Path: Assets/Resources/World/Characters/QdaoRosterV12/30_han_xiangzi/walk/NW/04.png' with importer (TextureImporter)
Imported 'GUID: 22f7adcce7e85fe99cebccc854fd6f28' -> (Import Result ID: '05ca6d502d321f1dafa95faca4898677') in 0.037 seconds [static and dynamic dependencies]. Details - ImportResultOutputID=6d03c2a245eda9c283345501c3bb98f3 DependenciesID=c1d67bb85e4a67843f5b7cb5f296a83a StaticDependenciesID=f9c5248a09643c7c0623d7cb7dfe30c7 
Importing 'GUID: 2278ac567494503790d31f1cf1999951 - Path: Assets/Resources/World/Characters/QdaoRosterV12/24_lu_dongbin/walk/NE/02.png' with importer (TextureImporter)
Imported 'GUID: 2278ac567494503790d31f1cf1999951' -> (Import Result ID: 'fd1eb1fe8755f4b60910c427a3154868') in 0.048 seconds [static and dynamic dependencies]. Details - ImportResultOutputID=0ecc5fc60f9014cb8bc012c81e5a5242 DependenciesID=c460479f2310abccce88a5c49be55b1d StaticDependenciesID=065e983139333b7a103165dc777e09f2 
Importing 'GUID: 222ea377df565decba280b4a5c15b52a - Path: Assets/Resources/World/Characters/QdaoRosterV12/26_osmanthus_healer/idle/E.png' with importer (TextureImporter)
Imported 'GUID: 222ea377df565decba280b4a5c15b52a' -> (Import Result ID: '44c27ed09e2c40a08fcf7983a4264938') in 0.042 seconds [static and dynamic dependencies]. Details - ImportResultOutputID=589c6c6d680d6571f7e12c792d5cd8f6 DependenciesID=f0dfdbf1ac56c80e9d4d11d19c1e3d91 StaticDependenciesID=a53054943cd99fca3e6273cb433aabfc 
Importing 'GUID: 32dc469ae98753d49597b4042262db9a - Path: Assets/Resources/World/Characters/QdaoRosterV12/24_lu_dongbin/walk/NW/08.png' with importer (TextureImporter)
Imported 'GUID: 32dc469ae98753d49597b4042262db9a' -> (Import Result ID: '026d8e3600ad08d2c2ed8179d1a17b13') in 0.041 seconds [static and dynamic dependencies]. Details - ImportResultOutputID=20dc48f5205da7d2aa71167d539462b9 DependenciesID=0b5d129f465a8d86417678782a44da1d StaticDependenciesID=ef8907698e63193706ebc9aba7ae7f88 
Importing 'GUID: 42d8bedc20375fffacf8deef61481f3d - Path: Assets/Resources/World/Characters/QdaoRosterV12/30_han_xiangzi/walk/SE/02.png' with importer (TextureImporter)
Imported 'GUID: 42d8bedc20375fffacf8deef61481f3d' -> (Import Result ID: 'd7d2306084be2b5d1c5a27ebcdc875d2') in 0.039 seconds [static and dynamic dependencies]. Details - ImportResultOutputID=5c7d3ba6865b0e1d30091cf4e0fa3d30 DependenciesID=2a0335e850db143a1b3012fb2ec8c77d StaticDependenciesID=1390dd468a564bc41d5bb7b2527659c9 
Importing 'GUID: 420d5ec0da51527babc1b9403cd34b56 - Path: Assets/Resources/World/Characters/QdaoRosterV12/24_lu_dongbin/walk/N/03.png' with importer (TextureImporter)
Imported 'GUID: 420d5ec0da51527babc1b9403cd34b56' -> (Import Result ID: '833348e1dea7a1985f107b6d3b99af28') in 0.038 seconds [static and dynamic dependencies]. Details - ImportResultOutputID=d9826c011e6ef221bd780c21fb36484a DependenciesID=5fa2eb490946d962127612118a289b63 StaticDependenciesID=37540dc5186db76aca3e08da920004bc 
Importing 'GUID: 52789f59380158dbab1bfc0e5ceed1d0 - Path: Assets/Resources/World/Characters/QdaoRosterV12/30_han_xiangzi/walk/SW/08.png' with importer (TextureImporter)
Imported 'GUID: 52789f59380158dbab1bfc0e5ceed1d0' -> (Import Result ID: 'aad0f4bde820145468d9f1d28a46fce8') in 0.041 seconds [static and dynamic dependencies]. Details - ImportResultOutputID=4769ec72ec111506665dd8cc4e852c00 DependenciesID=53e6a1f722019fccf66f2cc039c5dc69 StaticDependenciesID=ea5c395693e41c9e24a59dcd6fafafb0 
Importing 'GUID: 6253adfb37e65197bdf0c071c8d6af81 - Path: Assets/Resources/World/Characters/QdaoRosterV12/24_lu_dongbin/walk/S/strip.png' with importer (TextureImporter)
Imported 'GUID: 6253adfb37e65197bdf0c071c8d6af81' -> (Import Result ID: '181d269ca8a359672384ce0610d5e0ef') in 0.137 seconds [static and dynamic dependencies]. Details - ImportResultOutputID=afe81a314b0c06ae9518675ac360198e DependenciesID=019fccf88d121f126905be84e9041b60 StaticDependenciesID=a6097571da610ffb3eb7f40d9526ee98 
Importing 'GUID: 7220a91bd1d85764a3ccd6c94cd633e3 - Path: Assets/Resources/World/Characters/QdaoRosterV12/29_he_xiangu/walk/E/07.png' with importer (TextureImporter)
Imported 'GUID: 7220a91bd1d85764a3ccd6c94cd633e3' -> (Import Result ID: '3ffc690754d9b2c31ab38ee0d44bb540') in 0.045 seconds [static and dynamic dependencies]. Details - ImportResultOutputID=e9635fb0444cda522db32c816afd5cfe DependenciesID=7aaf4b000f0095a6f5a59f6b3be9f366 StaticDependenciesID=bce259902f39b6c365c10f0301518c5c 
Importing 'GUID: 7213a381719c517e95da87723986d2d2 - Path: Assets/Resources/World/Characters/QdaoRosterV12/26_osmanthus_healer/walk/NE/02.png' with importer (TextureImporter)
Imported 'GUID: 7213a381719c517e95da87723986d2d2' -> (Import Result ID: '186cf485a59d27ba3ce2b42fa28571ae') in 0.046 seconds [static and dynamic dependencies]. Details - ImportResultOutputID=d7fabca9861ac80ee5f2155461804d0e DependenciesID=fc4351e29649959cd10ac90d646f0eb5 StaticDependenciesID=f142457fc5c38fe1a11107b3084bff7f 
Importing 'GUID: 82e9422f60045757981da6bcb8bbe752 - Path: Assets/Resources/World/Characters/QdaoRosterV12/29_he_xiangu/walk/NE/02.png' with importer (TextureImporter)
Imported 'GUID: 82e9422f60045757981da6bcb8bbe752' -> (Import Result ID: '35f7ab32e9e3aee0ce3f3a0a20d8c04f') in 0.047 seconds [static and dynamic dependencies]. Details - ImportResultOutputID=f8bbba8b10bd50ea7afd0af51273df84 DependenciesID=7060abc7d6700d8e9a62f2bec3f1f176 StaticDependenciesID=20f3f4f32c7c83e6e8fa6c8ebaf9594a 
Importing 'GUID: 821f561014d15e341a9a3ffe4c83ebb8 - Path: Assets/Resources/UI/Ugui/GuildV2/round_badge_mountain.png' with importer (TextureImporter)
Imported 'GUID: 821f561014d15e341a9a3ffe4c83ebb8' -> (Import Result ID: '584699d4c717782f84aa48c9ce081449') in 0.022 seconds [static and dynamic dependencies]. Details - ImportResultOutputID=f0ca3bfebf6825c16b765bd37e71b577 DependenciesID=9878cdf7d89157d2b3992a4f3d1101d7 StaticDependenciesID=405980d85693c4db792e20ba096f54f6 
Importing 'GUID: 92f36abad58c9964e8535457bddee7b8 - Path: Assets/Resources/UI/Ugui/GuildV2/tab_horizontal.png' with importer (TextureImporter)
Imported 'GUID: 92f36abad58c9964e8535457bddee7b8' -> (Import Result ID: '0285f6718180d013c12b68749f03cdaf') in 0.019 seconds [static and dynamic dependencies]. Details - ImportResultOutputID=ab91c1c8185e892fc482ac3a2333fcaf DependenciesID=e2479f959778a234c5543fe05bb735bf StaticDependenciesID=76d8e9238efdae19a035e5f8c33b0a54 
Importing 'GUID: 92d84ede1ebb588baf88c5f6ebd080c5 - Path: Assets/Resources/World/Characters/QdaoRosterV12/30_han_xiangzi/walk/NW/07.png' with importer (TextureImporter)
Imported 'GUID: 92d84ede1ebb588baf88c5f6ebd080c5' -> (Import Result ID: '4e5fdfc06921338bd5e543b36c486f7c') in 0.043 seconds [static and dynamic dependencies]. Details - ImportResultOutputID=38b64cf046751d53a9c7011d52c08f14 DependenciesID=a7074866e4f324a7a9c2b3fcc6a6b87b StaticDependenciesID=09e635235db3dbdd70c3789b1add6305 
Importing 'GUID: a2e61ddc38e75f95b429a8534fe93ea3 - Path: Assets/Resources/World/Characters/QdaoRosterV12/30_han_xiangzi/walk/NE/02.png' with importer (TextureImporter)
Imported 'GUID: a2e61ddc38e75f95b429a8534fe93ea3' -> (Import Result ID: 'ccad7494c9f7e272f641965da222ffc8') in 0.040 seconds [static and dynamic dependencies]. Details - ImportResultOutputID=5fa50f7606571ede615d2821ecec5f44 DependenciesID=b1bf56f771c0745c418ed230a6d13f5d StaticDependenciesID=62bdb4fbf90adb77d2a2d4540cd5f616 
Importing 'GUID: b230d172335147c49701a2adb6064f62 - Path: Assets/Resources/UI/Ugui/GuildV2/notice.png' with importer (TextureImporter)
Imported 'GUID: b230d172335147c49701a2adb6064f62' -> (Import Result ID: 'd5230e7aba4d0c6f1e8ef8aceaaaeb58') in 0.007 seconds [static and dynamic dependencies]. Details - ImportResultOutputID=4a61d47d62e1fc4f746d81f614bfdbf3 DependenciesID=10ca4a6b6e172a1c5efd760e7d3b1861 StaticDependenciesID=a7fe2171ca74bb1052eb5b3bbd729288 
Importing 'GUID: c2d49261bc09539c9b2b10046c33785b - Path: Assets/Resources/World/Characters/QdaoRosterV12/24_lu_dongbin/walk/NE/01.png' with importer (TextureImporter)
Imported 'GUID: c2d49261bc09539c9b2b10046c33785b' -> (Import Result ID: '33297d4fafdac39ac16cf80a694d451c') in 0.043 seconds [static and dynamic dependencies]. Details - ImportResultOutputID=71131d2f1a20ba332ab48bf1a43eb1de DependenciesID=41ee0087df8a1811fc4c7e4d3a8a8a89 StaticDependenciesID=21895a45135399cf079ad2b4c495d055 
Importing 'GUID: c2185e4682c45674bf824f81f205aa42 - Path: Assets/Resources/World/Characters/QdaoRosterV12/29_he_xiangu/idle/W.png' with importer (TextureImporter)
Imported 'GUID: c2185e4682c45674bf824f81f205aa42' -> (Import Result ID: 'd14af9f85f0313b92c75e0b88f509bf5') in 0.041 seconds [static and dynamic dependencies]. Details - ImportResultOutputID=a558d3638658376ec14eff1ed6ef51b4 DependenciesID=38c95c35b4603b647c144fd289931c30 StaticDependenciesID=8df008fb4998cc78b77df043173ace99 
Importing 'GUID: c28f64634ce55ede8cc4711375debb12 - Path: Assets/Resources/World/Characters/QdaoRosterV12/30_han_xiangzi/walk/NE/03.png' with importer (TextureImporter)
Imported 'GUID: c28f64634ce55ede8cc4711375debb12' -> (Import Result ID: 'c320f3017c9aa5aee367d2a4bd549d07') in 0.039 seconds [static and dynamic dependencies]. Details - ImportResultOutputID=ddb9eb85b97928388d5b9f25f90b7b26 DependenciesID=1ebfcd6f87c64e3f1765f46f792ff7c0 StaticDependenciesID=a9ca4e24165cbfa09529915f295b67de 
Importing 'GUID: d2d29b6c149c5491a95bfd3425e65636 - Path: Assets/Resources/World/Characters/QdaoRosterV12/30_han_xiangzi/walk/N/01.png' with importer (TextureImporter)
Imported 'GUID: d2d29b6c149c5491a95bfd3425e65636' -> (Import Result ID: 'b9034762f0737cc64b0ef399d6bd5538') in 0.039 seconds [static and dynamic dependencies]. Details - ImportResultOutputID=f517c4dbac853cc419cea91cd14bc069 DependenciesID=acbbef9094cce2764f04153208b1f4ea StaticDependenciesID=691fedf50c8454ea62c1145339ecda2c 
Importing 'GUID: d26677ac939553139d4f09abe16c90f0 - Path: Assets/Resources/World/Characters/QdaoRosterV12/29_he_xiangu/walk/SE/strip.png' with importer (TextureImporter)
Imported 'GUID: d26677ac939553139d4f09abe16c90f0' -> (Import Result ID: '4feb98f6a108618553adf2f41b8b8071') in 0.132 seconds [static and dynamic dependencies]. Details - ImportResultOutputID=d95ad8fc729e7bc7cfc90cb943b68ec9 DependenciesID=5c8e4216ecbb7d20a418049eea534973 StaticDependenciesID=267fcb8943d04f0430b2e5903dd0bb3e 
Importing 'GUID: e2e236f1ad625052babd098c7d0c1d89 - Path: Assets/Resources/World/Characters/QdaoRosterV12/26_osmanthus_healer/walk/E/04.png' with importer (TextureImporter)
Imported 'GUID: e2e236f1ad625052babd098c7d0c1d89' -> (Import Result ID: '77f77c6c24ed24337f70bee18742b7bf') in 0.045 seconds [static and dynamic dependencies]. Details - ImportResultOutputID=d0f7e35e7071d877e56f8c129b427cff DependenciesID=091bad6083819b89105f15311545219f StaticDependenciesID=cf13c1c87ae5dc1c5712fb7910772a9a 
Importing 'GUID: e2f820a3f27250139efaab5858bdab5a - Path: Assets/Resources/World/Characters/QdaoRosterV12/26_osmanthus_healer/idle/NW.png' with importer (TextureImporter)
Imported 'GUID: e2f820a3f27250139efaab5858bdab5a' -> (Import Result ID: '22a2ed177d375d852d2fff3ab191d5e3') in 0.043 seconds [static and dynamic dependencies]. Details - ImportResultOutputID=66945c52f8dccf66628693bafb8acdc6 DependenciesID=a28fb9be513b93fe4fcd7b12b5f5fefd StaticDependenciesID=bafddef7c0a77b5f0113ccf71823153b 
Importing 'GUID: e2f8ebf68f43508c82865414f3691609 - Path: Assets/Resources/World/Characters/QdaoRosterV12/24_lu_dongbin/walk/NE/08.png' with importer (TextureImporter)
Imported 'GUID: e2f8ebf68f43508c82865414f3691609' -> (Import Result ID: '565815db31583935cd1137d24b31a5a5') in 0.039 seconds [static and dynamic dependencies]. Details - ImportResultOutputID=158ef8ad61c78878161c553d2db5899b DependenciesID=d695ff54f9cc17f8fc1642169955618e StaticDependenciesID=83cfed731f485ba122c3b9ad77ca8e1e 
Importing 'GUID: f290255adf1e563fa456c7762581e0a0 - Path: Assets/Resources/World/Characters/QdaoRosterV12/30_han_xiangzi/walk/E/strip.png' with importer (TextureImporter)
Imported 'GUID: f290255adf1e563fa456c7762581e0a0' -> (Import Result ID: 'f7f7773188842a4b4dcd1b4422738013') in 0.140 seconds [static and dynamic dependencies]. Details - ImportResultOutputID=c81551553df786a38f3943bee7da4a6e DependenciesID=fa7186ed52955473f6189fac3309275f StaticDependenciesID=35c188dee3899d1cebbd40fd4f267d34 
Importing 'GUID: f2f7f0ee48e75c1cb5e9798c1a445376 - Path: Assets/Resources/World/Characters/QdaoRosterV12/29_he_xiangu/walk/W/03.png' with importer (TextureImporter)
Imported 'GUID: f2f7f0ee48e75c1cb5e9798c1a445376' -> (Import Result ID: '168c339acaa3294704d456f0cd4ce16a') in 0.043 seconds [static and dynamic dependencies]. Details - ImportResultOutputID=d1818e0f92bfb0c2bc7f48e087f72803 DependenciesID=26f5c8f1d1e49e9c105973f15d9f2fac StaticDependenciesID=c076a16a3d12cb7849e8dcac45079558 
Importing 'GUID: 03832e2aaeef454daf62dd391f727fb8 - Path: Assets/Resources/UI/Ugui/GuildV2/scroll.png' with importer (TextureImporter)
Imported 'GUID: 03832e2aaeef454daf62dd391f727fb8' -> (Import Result ID: 'd687f14025ac87d68361f550d4e3ca5b') in 0.065 seconds [static and dynamic dependencies]. Details - ImportResultOutputID=cad1c43de14b3b7b47f7df836c5c98a4 DependenciesID=784119cdf2ace2260e2a4e424abe6a48 StaticDependenciesID=52309dc1b590297ef39d13052ef4bed2 
Importing 'GUID: 03fc6cec583c513cba682e6aacd09e73 - Path: Assets/Resources/World/Characters/QdaoRosterV12/26_osmanthus_healer/walk/NW/05.png' with importer (TextureImporter)
Imported 'GUID: 03fc6cec583c513cba682e6aacd09e73' -> (Import Result ID: 'f714b267a749cd90efea7dddb73d6981') in 0.088 seconds [static and dynamic dependencies]. Details - ImportResultOutputID=9bd82d75df0128bdb6a68873a49f8662 DependenciesID=e02ca501070e7e7bf3bad750f047c70f StaticDependenciesID=0b1b35cebd631865090ad391780ebe63 
Importing 'GUID: 2323628ea35f58cab51b8f4a75a99a29 - Path: Assets/Resources/World/Characters/QdaoRosterV12/24_lu_dongbin/walk/SW/05.png' with importer (TextureImporter)
Imported 'GUID: 2323628ea35f58cab51b8f4a75a99a29' -> (Import Result ID: '509e090a13c53226fe9516dedb1226d7') in 0.065 seconds [static and dynamic dependencies]. Details - ImportResultOutputID=73364de4d644f9f95c96e02219f5152a DependenciesID=6fca91eb238c54e49346112a49e62a9f StaticDependenciesID=ff5916e158b206e211756bee18f57540 
Importing 'GUID: 23acaa81f21d58058c8adba49442dc43 - Path: Assets/Resources/World/Characters/QdaoRosterV12/26_osmanthus_healer/walk/E/06.png' with importer (TextureImporter)
Imported 'GUID: 23acaa81f21d58058c8adba49442dc43' -> (Import Result ID: '54f1566b27fa1d4e50c3d6a0caf343c4') in 0.061 seconds [static and dynamic dependencies]. Details - ImportResultOutputID=8e7b835b035888b3e62a6921581e65bf DependenciesID=64d7432af41d8774091c4142c02a0515 StaticDependenciesID=62e9f8f59768e53305fd42101eac1279 
Importing 'GUID: 33bbc1e3be7156d69fdbaf04858b8065 - Path: Assets/Resources/World/Characters/QdaoRosterV12/24_lu_dongbin/walk/N/strip.png' with importer (TextureImporter)
Imported 'GUID: 33bbc1e3be7156d69fdbaf04858b8065' -> (Import Result ID: '83a72c38b15d64ceff75d8ba9843f0b6') in 0.166 seconds [static and dynamic dependencies]. Details - ImportResultOutputID=bd7e73f9b5cd6de8002c67b05e6b04a2 DependenciesID=65be1408e25542133f62bb75ec4405c7 StaticDependenciesID=d210ee5722fd172c7d2646c803cc83b1 
Importing 'GUID: 335f7066551553b49b6b2baba29b67d6 - Path: Assets/Resources/World/Characters/QdaoRosterV12/24_lu_dongbin/walk/SW/08.png' with importer (TextureImporter)
Imported 'GUID: 335f7066551553b49b6b2baba29b67d6' -> (Import Result ID: 'c8d1081a2e67fecfa9515b8096934365') in 0.045 seconds [static and dynamic dependencies]. Details - ImportResultOutputID=35a8378fd7a98a0c1a005587aab8b04a DependenciesID=343a97344602f98c8e9b356733422e27 StaticDependenciesID=ab533d5e1a9ef1797292f4b9ccda4501 
Importing 'GUID: 43d49a4cfeec53e89919f55438a115e9 - Path: Assets/Resources/World/Characters/QdaoRosterV12/29_he_xiangu/walk/NW/07.png' with importer (TextureImporter)
Imported 'GUID: 43d49a4cfeec53e89919f55438a115e9' -> (Import Result ID: '5116e603fe5a2bf38f43a457f449c583') in 0.050 seconds [static and dynamic dependencies]. Details - ImportResultOutputID=7b7d651e950ad733313a592149c12b55 DependenciesID=c10cc0056e6b0a78cedeab1c639918ed StaticDependenciesID=a66983605e188966b1699a78b701f167 
Importing 'GUID: 434cce744aa35d0a8a583cc16ae0f98e - Path: Assets/Resources/World/Characters/QdaoRosterV12/30_han_xiangzi/portrait.png' with importer (TextureImporter)
Imported 'GUID: 434cce744aa35d0a8a583cc16ae0f98e' -> (Import Result ID: 'f4f5e67dcb04c78ebaeefe955d596760') in 0.078 seconds [static and dynamic dependencies]. Details - ImportResultOutputID=903f81fdad38ad69f31f0c4807bf7fde DependenciesID=1aef26e0da05b27f86f246c2f24e5ce8 StaticDependenciesID=f60c64830e2caaa9b3d8c7e4f225c5d6 
Importing 'GUID: 63ca68da0ea5504f81f1b54c391c6d4e - Path: Assets/Resources/World/Characters/QdaoRosterV12/26_osmanthus_healer/walk/N/01.png' with importer (TextureImporter)
Imported 'GUID: 63ca68da0ea5504f81f1b54c391c6d4e' -> (Import Result ID: 'd9244d2ece104068c951f8138c7308f9') in 0.038 seconds [static and dynamic dependencies]. Details - ImportResultOutputID=004f2f5642ce387858754cbadb9b9c76 DependenciesID=2da95f2c575fa1164d28ebbed4a1ffe0 StaticDependenciesID=05bff71aa6a39abb258a44fb4d6f6846 
Importing 'GUID: 636b97ffd0675780bb573d83e71440bc - Path: Assets/Resources/World/Characters/QdaoRosterV12/30_han_xiangzi/walk/N/strip.png' with importer (TextureImporter)
Imported 'GUID: 636b97ffd0675780bb573d83e71440bc' -> (Import Result ID: '609d98acd3d1fc1151557653f71b097c') in 0.116 seconds [static and dynamic dependencies]. Details - ImportResultOutputID=061b8aab5885be95185c80a425a6786a DependenciesID=3d9478a5fdb962398c43435296712c91 StaticDependenciesID=7b4702419b6185a94a518c5e508e3f6e 
Importing 'GUID: 632d6ea5cadd5a85b0d92647ba97a17a - Path: Assets/Resources/World/Characters/QdaoRosterV12/30_han_xiangzi/walk/NW/02.png' with importer (TextureImporter)
Imported 'GUID: 632d6ea5cadd5a85b0d92647ba97a17a' -> (Import Result ID: '61462ab937763d12fee75a3f76c681b7') in 0.036 seconds [static and dynamic dependencies]. Details - ImportResultOutputID=a6b1111c60341e2258485f8d3362e193 DependenciesID=9f30e18919e4aad67fa414354f7e1af9 StaticDependenciesID=3c27f4f3184c9586eec4dd514259f115 
Importing 'GUID: 7396b40e83f6512289f12ab17922677d - Path: Assets/Resources/World/Characters/QdaoRosterV12/30_han_xiangzi/walk/SE/06.png' with importer (TextureImporter)
Imported 'GUID: 7396b40e83f6512289f12ab17922677d' -> (Import Result ID: 'bedc89556bce7b464c9b1dc599a7bba4') in 0.037 seconds [static and dynamic dependencies]. Details - ImportResultOutputID=0605694a840fb06db0bb1b453917b699 DependenciesID=cf56dcca58a327b4ba995d28c5bb7ae6 StaticDependenciesID=3fb4a7d12d9b8a86aed190f5b7713e8f 
Importing 'GUID: 83d2e880f3d59474a82fdd8ad97f9547 - Path: Assets/Resources/UI/Ugui/TeamV2/title_plate.png' with importer (TextureImporter)
Imported 'GUID: 83d2e880f3d59474a82fdd8ad97f9547' -> (Import Result ID: 'afa0a22883b6e0f3e37e77272ea6dc19') in 0.048 seconds [static and dynamic dependencies]. Details - ImportResultOutputID=2c84169fcca438d0946c0f0557df00b3 DependenciesID=31253ba348998bd136bd394ab4a3e3e9 StaticDependenciesID=c11a05c0353aa72794e515b113013574 
Importing 'GUID: 939550f3b71a556bb09527c061c68941 - Path: Assets/Resources/World/Characters/QdaoRosterV12/29_he_xiangu/walk/N/05.png' with importer (TextureImporter)
Imported 'GUID: 939550f3b71a556bb09527c061c68941' -> (Import Result ID: '60965b363324ae57a92401eb590da915') in 0.041 seconds [static and dynamic dependencies]. Details - ImportResultOutputID=360ac2bfa7683e4afd186c73212079a7 DependenciesID=f558eca782e65e991a238db6833c9eab StaticDependenciesID=6b749b2c91d8999771547ac8d00a8dd9 
Importing 'GUID: 930d7d8831ed5787aebfca2526257d80 - Path: Assets/Resources/World/Characters/QdaoRosterV12/24_lu_dongbin/walk/E/05.png' with importer (TextureImporter)
Imported 'GUID: 930d7d8831ed5787aebfca2526257d80' -> (Import Result ID: 'e4ca4daa0031ef8b1339714b32000472') in 0.038 seconds [static and dynamic dependencies]. Details - ImportResultOutputID=88c1484b05bc288618299c488da2c684 DependenciesID=b1432793a29bad68d75bb328768a33ae StaticDependenciesID=770fee9824d5351363c888dbbb19aa5e 
Importing 'GUID: 937f7f74b80f538cbf53b6a6aa2244f0 - Path: Assets/Resources/World/Characters/QdaoRosterV12/26_osmanthus_healer/walk/SE/01.png' with importer (TextureImporter)
Imported 'GUID: 937f7f74b80f538cbf53b6a6aa2244f0' -> (Import Result ID: 'fab157999b8efbbf5e488e50cf659770') in 0.037 seconds [static and dynamic dependencies]. Details - ImportResultOutputID=1f7677a8075f88fa0db36cfa49a9ab90 DependenciesID=048939a71301037eab569530678463d0 StaticDependenciesID=88d79c0b6f9bd08ca0a70ab36d349261 
Importing 'GUID: b3e29f4aa1d558d2a9bf04a5f71e3564 - Path: Assets/Resources/World/Characters/QdaoRosterV12/30_han_xiangzi/walk/W/08.png' with importer (TextureImporter)
Imported 'GUID: b3e29f4aa1d558d2a9bf04a5f71e3564' -> (Import Result ID: '4bc89af4f4692c4c34ce35b249e99d21') in 0.035 seconds [static and dynamic dependencies]. Details - ImportResultOutputID=67b1b1c62898ac82cbd831fe413b5838 DependenciesID=60876ce22390bdbc97570d3bd376a902 StaticDependenciesID=3c0f2d8e25f8fd2f554db9fc6a66eb10 
Importing 'GUID: c30797970ff15fb084c011331f6b32f3 - Path: Assets/Resources/World/Characters/QdaoRosterV12/29_he_xiangu/walk/N/06.png' with importer (TextureImporter)
Imported 'GUID: c30797970ff15fb084c011331f6b32f3' -> (Import Result ID: '42505ec2cc89c5046d86f1efde34c873') in 0.039 seconds [static and dynamic dependencies]. Details - ImportResultOutputID=86783faa565725c95113026c6caaac48 DependenciesID=b6d054ba27b5c090c9c8e74bfcf3d423 StaticDependenciesID=ad522e37a73318920447518c481aaf43 
Importing 'GUID: e3202be7aeca5d229191ccf9f9d233e6 - Path: Assets/Resources/World/Characters/QdaoRosterV12/29_he_xiangu/idle/SE.png' with importer (TextureImporter)
Imported 'GUID: e3202be7aeca5d229191ccf9f9d233e6' -> (Import Result ID: '02d1c5e59729f2aa356cce4aa569a35b') in 0.045 seconds [static and dynamic dependencies]. Details - ImportResultOutputID=f9933c88c18750064460bacb10506e61 DependenciesID=56cbbec086112e5bf983e3cb8c8b6718 StaticDependenciesID=d364024d2a038f593956a2383d52fe6f 
Importing 'GUID: f3b12252b8c050b6a2be5b7d196a4496 - Path: Assets/Resources/World/Characters/QdaoRosterV12/29_he_xiangu/walk/N/strip.png' with importer (TextureImporter)
Imported 'GUID: f3b12252b8c050b6a2be5b7d196a4496' -> (Import Result ID: 'b2906b1e07bff05d363718b424df7e71') in 0.132 seconds [static and dynamic dependencies]. Details - ImportResultOutputID=315cee82f6078c96944bf985c306eabc DependenciesID=4e1d7e5c47ae4535c99f4361861c069c StaticDependenciesID=6192b93b09228e92f619feb02d70308c 
Importing 'GUID: f3eaeb82d5055d96bacc293ce516217c - Path: Assets/Resources/World/Characters/QdaoRosterV12/26_osmanthus_healer/walk/S/07.png' with importer (TextureImporter)
Imported 'GUID: f3eaeb82d5055d96bacc293ce516217c' -> (Import Result ID: '7eabc1021ca9f1b3d9f976b1378e6769') in 0.041 seconds [static and dynamic dependencies]. Details - ImportResultOutputID=8ef0422d26d5a264a644a6d20c0fbf82 DependenciesID=21dbbd9e99ff18fadbd6f04628471fdd StaticDependenciesID=13098d28a3d199f1c2618f392dc9118f 
Importing 'GUID: f33cece1916f5d1e870b44f083cfc2ba - Path: Assets/Resources/World/Characters/QdaoRosterV12/24_lu_dongbin/walk/SW/06.png' with importer (TextureImporter)
Imported 'GUID: f33cece1916f5d1e870b44f083cfc2ba' -> (Import Result ID: '8bd6d8ced624682b2d13a0072aa7f43d') in 0.045 seconds [static and dynamic dependencies]. Details - ImportResultOutputID=2d67feef9a2dcada56fd13d4c9d1fbc2 DependenciesID=f64964cd45e45c588a59d41e75002bda StaticDependenciesID=8397eacc04099d87345c057428de4017 
Importing 'GUID: 044252dc6f8f5dc697ac0e12a5472542 - Path: Assets/Resources/World/Characters/QdaoRosterV12/26_osmanthus_healer/portrait.png' with importer (TextureImporter)
Imported 'GUID: 044252dc6f8f5dc697ac0e12a5472542' -> (Import Result ID: '03940f8772b45d7880ccccb7382548ac') in 0.072 seconds [static and dynamic dependencies]. Details - ImportResultOutputID=d901a3a45b445f2119a1ff32bb419168 DependenciesID=ffd1c1c01747970994a6f2f5fcb75fc5 StaticDependenciesID=f6da71e6b92e85c5996f523555c5e985 
Importing 'GUID: 04e7cffbc9a55ba58ce5f23d1561986f - Path: Assets/Resources/World/Characters/QdaoRosterV12/26_osmanthus_healer/walk/SW/05.png' with importer (TextureImporter)
Imported 'GUID: 04e7cffbc9a55ba58ce5f23d1561986f' -> (Import Result ID: '4d4ca16793093dde130d69c22d3bf3d7') in 0.036 seconds [static and dynamic dependencies]. Details - ImportResultOutputID=c4e4a5e483d500b6b7898777c88b2fdd DependenciesID=f38b9edd9be7585cd6df2ee636b5d6ca StaticDependenciesID=2b8c4c8407a2688cdf76b3811cfbf025 
Importing 'GUID: 04aa84e4253057558b6d7c3ef31c7d92 - Path: Assets/Resources/World/Characters/QdaoRosterV12/30_han_xiangzi/walk/SW/strip.png' with importer (TextureImporter)
Imported 'GUID: 04aa84e4253057558b6d7c3ef31c7d92' -> (Import Result ID: '2bac6ed08681de7af73e47f4519cff0f') in 0.140 seconds [static and dynamic dependencies]. Details - ImportResultOutputID=df24201a86fda802d18e7c985b89d95d DependenciesID=dfff4b6233d97775d599cc1abb81875c StaticDependenciesID=27b1d0e748978b285301aa3bd7a247c0 
Importing 'GUID: 1405294b112450b7adc2a5a24e3d604e - Path: Assets/Resources/World/Characters/QdaoRosterV12/26_osmanthus_healer/walk/W/01.png' with importer (TextureImporter)
Imported 'GUID: 1405294b112450b7adc2a5a24e3d604e' -> (Import Result ID: 'da5f879656147f9bc857eea476157e1e') in 0.042 seconds [static and dynamic dependencies]. Details - ImportResultOutputID=24d0fcadca469ac4c8bce044794d1628 DependenciesID=78e3556f9f409b9071b482dfd7fdf02f StaticDependenciesID=99caa7d81cc35df31940604334aa2e31 
Importing 'GUID: 242e0764a6f852cb8cb339767293f272 - Path: Assets/Resources/World/Characters/QdaoRosterV12/24_lu_dongbin/walk/N/04.png' with importer (TextureImporter)
Imported 'GUID: 242e0764a6f852cb8cb339767293f272' -> (Import Result ID: '1ba6f36aff8f5b192299b3c96b2f87b9') in 0.043 seconds [static and dynamic dependencies]. Details - ImportResultOutputID=18b83408f05d157a7d156b18542c84e2 DependenciesID=4be361dab60d7cde90b168a451be871f StaticDependenciesID=bc6c22cf17efca48105a1eeba5b9e93e 
Importing 'GUID: 3492dd49111a5510bc2b46cb254c93a3 - Path: Assets/Resources/World/Characters/QdaoRosterV12/24_lu_dongbin/walk/E/strip.png' with importer (TextureImporter)
Imported 'GUID: 3492dd49111a5510bc2b46cb254c93a3' -> (Import Result ID: '6d070be8807c9f76a410c19eaf35aa24') in 0.132 seconds [static and dynamic dependencies]. Details - ImportResultOutputID=1f1c004900aea91173e0407f69285444 DependenciesID=d6840510cd3f0745117c3928364f94a8 StaticDependenciesID=06101674bc229e83f49ae64849f380fc 
Importing 'GUID: 34a29470e0ba5b16a8743936afcb8cae - Path: Assets/Resources/World/Characters/QdaoRosterV12/26_osmanthus_healer/walk/E/08.png' with importer (TextureImporter)
Imported 'GUID: 34a29470e0ba5b16a8743936afcb8cae' -> (Import Result ID: '2a8506fa32cffb4c31f7cb08a34b9b5a') in 0.039 seconds [static and dynamic dependencies]. Details - ImportResultOutputID=9eb0b0b034e8a378147213334c640688 DependenciesID=a9df23c1ad01ba86e1cbaf5d0788115a StaticDependenciesID=9722eee3acdbbce39fbeba91f5543a6f 
Importing 'GUID: 34971a1ec8e4561c9ef77774b2caccc4 - Path: Assets/Resources/World/Characters/QdaoRosterV12/30_han_xiangzi/walk/N/04.png' with importer (TextureImporter)
Imported 'GUID: 34971a1ec8e4561c9ef77774b2caccc4' -> (Import Result ID: '4e7927ab3416f56f40ec9c350c4285d4') in 0.047 seconds [static and dynamic dependencies]. Details - ImportResultOutputID=1b794951842dd889124b7a26b2a4bdd6 DependenciesID=1ae799d389f668521207c41aedcf857c StaticDependenciesID=eab2de7bcc9b6b90d39866b50072632f 
Importing 'GUID: 44c5b17c357752759869ae11c0dbad63 - Path: Assets/Resources/World/Characters/QdaoRosterV12/30_han_xiangzi/walk/SE/03.png' with importer (TextureImporter)
Imported 'GUID: 44c5b17c357752759869ae11c0dbad63' -> (Import Result ID: '6dcf1b05d360ce113b06af24eebebb17') in 0.038 seconds [static and dynamic dependencies]. Details - ImportResultOutputID=cf448862b64fb0e853d16244f4e0e60d DependenciesID=5a911167562e1a9654c12f0f77a82bf4 StaticDependenciesID=91c17f84216ba3e96e263f7c3182b83e 
Importing 'GUID: 54ed481cd92c5808baa1a00e928ab0a4 - Path: Assets/Resources/World/Characters/QdaoRosterV12/26_osmanthus_healer/walk/NW/03.png' with importer (TextureImporter)
Imported 'GUID: 54ed481cd92c5808baa1a00e928ab0a4' -> (Import Result ID: 'e111e1d7be267dc70cd5497dbc418685') in 0.041 seconds [static and dynamic dependencies]. Details - ImportResultOutputID=09c0ac4d764fa68443fbd52914c35199 DependenciesID=63ed40c740776a1528111934789338b0 StaticDependenciesID=094b69537955515d9af56e921c0808f7 
Importing 'GUID: 54ae6441a0e351ef9c6dc74d4c25c979 - Path: Assets/Resources/World/Characters/QdaoRosterV12/26_osmanthus_healer/walk/E/01.png' with importer (TextureImporter)
Imported 'GUID: 54ae6441a0e351ef9c6dc74d4c25c979' -> (Import Result ID: '4689ce3312f85b7474517c84230c1ea6') in 0.036 seconds [static and dynamic dependencies]. Details - ImportResultOutputID=c448f05934be80986ced4e4ac3b9db3e DependenciesID=0950f59d847a39374d8a93736fb810b9 StaticDependenciesID=37b886d1a8ad8c12395af90003d94168 
Importing 'GUID: 640a538562e75648a2e012aa4d5343ba - Path: Assets/Resources/World/Characters/QdaoRosterV12/26_osmanthus_healer/walk/SW/04.png' with importer (TextureImporter)
Imported 'GUID: 640a538562e75648a2e012aa4d5343ba' -> (Import Result ID: '70b1fe08dc9de02497ee32d2c729ed0c') in 0.037 seconds [static and dynamic dependencies]. Details - ImportResultOutputID=1cdf0d32d1f6156f8569857dc62b3e77 DependenciesID=c8870e3ddca797928b131933a8649d36 StaticDependenciesID=2b81983924707308e780878e0bf06263 
Importing 'GUID: 646bea7e418b595ba06c23b783992fad - Path: Assets/Resources/World/Characters/QdaoRosterV12/30_han_xiangzi/walk/E/05.png' with importer (TextureImporter)
Imported 'GUID: 646bea7e418b595ba06c23b783992fad' -> (Import Result ID: '9a06f01b88ae117f29d89d97e964f275') in 0.041 seconds [static and dynamic dependencies]. Details - ImportResultOutputID=eb8a6ffac4f02f85564d2730fa56054b DependenciesID=551bc5cbaa53deacc953d9e072202466 StaticDependenciesID=8bd48046e0db55173533e068b65080b9 
Importing 'GUID: 74120a0f3c3208b4d9bc7f90dcd9afad - Path: Assets/Resources/UI/Ugui/GuildV2/avatar-1.png' with importer (TextureImporter)
Imported 'GUID: 74120a0f3c3208b4d9bc7f90dcd9afad' -> (Import Result ID: 'c451d2ebcf6a13ade400132bdc690830') in 0.104 seconds [static and dynamic dependencies]. Details - ImportResultOutputID=c1f00396dbcb0bed88c889188b177dcc DependenciesID=0168a4691b5b350ce8443f5195b67c21 StaticDependenciesID=d3c13404e40cc77814599b5f9d7740ac 
Importing 'GUID: 846fdfaa17345697a7b7f60409819f5f - Path: Assets/Resources/World/Characters/QdaoRosterV12/26_osmanthus_healer/walk/NE/strip.png' with importer (TextureImporter)
Imported 'GUID: 846fdfaa17345697a7b7f60409819f5f' -> (Import Result ID: '096812dd2f647ab399dcfd1f849c172c') in 0.126 seconds [static and dynamic dependencies]. Details - ImportResultOutputID=99303735046f7757f121e2a646ebb06b DependenciesID=7c3092196174aa92752ad09154f6b0fd StaticDependenciesID=f82654c9b1a1123e4356b4aa5d46e2bc 
Importing 'GUID: 849f58480b6956859838ddd4f8fb028f - Path: Assets/Resources/World/Characters/QdaoRosterV12/30_han_xiangzi/walk/SW/03.png' with importer (TextureImporter)
Imported 'GUID: 849f58480b6956859838ddd4f8fb028f' -> (Import Result ID: '4482dd1f81c7ccdb9bda869360bb4ebe') in 0.038 seconds [static and dynamic dependencies]. Details - ImportResultOutputID=367867069192ec7271db1c2fd28918f8 DependenciesID=b231063df572043126173cb4c5d45a38 StaticDependenciesID=3bd3b0de5d640668ea3d5d2acb9084fb 
Importing 'GUID: 94916c86169e506aa064641882426724 - Path: Assets/Resources/World/Characters/QdaoRosterV12/24_lu_dongbin/walk/SW/strip.png' with importer (TextureImporter)
Imported 'GUID: 94916c86169e506aa064641882426724' -> (Import Result ID: '64cee629f1e08aed041cf590de25b89e') in 0.115 seconds [static and dynamic dependencies]. Details - ImportResultOutputID=ae8cfdcbc49a2ae6783c3ae105eaea04 DependenciesID=f2b3bdb3abc6e9fcf4f68751f6186e9c StaticDependenciesID=7a22a68739ff1a3ec0c7c1fbea33da3a 
Importing 'GUID: a4102f640d8e5716b25108ed3c028a82 - Path: Assets/Resources/World/Characters/QdaoRosterV12/24_lu_dongbin/walk/S/02.png' with importer (TextureImporter)
Imported 'GUID: a4102f640d8e5716b25108ed3c028a82' -> (Import Result ID: '75b7fd801ea29e58ad82be5ed7c26c6f') in 0.040 seconds [static and dynamic dependencies]. Details - ImportResultOutputID=e10ec31afa57338b17d9f5a6ac7bc889 DependenciesID=5d19d12e08870839d47142713cf4201c StaticDependenciesID=4f98eef2e41dae158f56768ced0a919c 
Importing 'GUID: b418a8c2f7525b4590bf38e84a7c98e2 - Path: Assets/Resources/World/Characters/QdaoRosterV12/26_osmanthus_healer/walk/SW/08.png' with importer (TextureImporter)
Imported 'GUID: b418a8c2f7525b4590bf38e84a7c98e2' -> (Import Result ID: '247a4aebe94026f5c9b051a4bc0e59dc') in 0.037 seconds [static and dynamic dependencies]. Details - ImportResultOutputID=a24225fa3bc6b03f073f50e960d07313 DependenciesID=6241d2ea6dc7fcffb3259623fb86fc18 StaticDependenciesID=0b6e329c0ff97ef84dbec9814a4f0e08 
Importing 'GUID: c4e9235074eb53aba0b4539820abcdb6 - Path: Assets/Resources/World/Characters/QdaoRosterV12/24_lu_dongbin/walk/E/03.png' with importer (TextureImporter)
Imported 'GUID: c4e9235074eb53aba0b4539820abcdb6' -> (Import Result ID: '601c6ed837bb3b6743ebff5bbf1302ae') in 0.050 seconds [static and dynamic dependencies]. Details - ImportResultOutputID=5f2fe5eb8e810a9dbcc2d8fdaf79ecc8 DependenciesID=3f3e382844d1a972b8d676daa39d1ebc StaticDependenciesID=5112a402a261818ba14b4d79f5080dad 
Importing 'GUID: c48e552729305484ba08210e152cdc2c - Path: Assets/Resources/World/Characters/QdaoRosterV12/26_osmanthus_healer/walk/E/strip.png' with importer (TextureImporter)
Imported 'GUID: c48e552729305484ba08210e152cdc2c' -> (Import Result ID: 'd2f55613eb93d0b2860d923fbb4e21eb') in 0.146 seconds [static and dynamic dependencies]. Details - ImportResultOutputID=c84be42dad1cb96cfa8f02a6987bfe90 DependenciesID=5f0c67099e7aef998f81b713ad74b81e StaticDependenciesID=f9a961b6b72989d6385ac6e678ba1fc2 
Importing 'GUID: d495d4831c92516d8395b379df21aaff - Path: Assets/Resources/World/Characters/QdaoRosterV12/26_osmanthus_healer/walk/E/03.png' with importer (TextureImporter)
Imported 'GUID: d495d4831c92516d8395b379df21aaff' -> (Import Result ID: '64a99943eee1efd3a826c8f3f58bdf2b') in 0.042 seconds [static and dynamic dependencies]. Details - ImportResultOutputID=60963d18fcf682a61b0f8edb9d56cbe3 DependenciesID=206abd4d3d55298aa229789e98216b32 StaticDependenciesID=8227ee61ea5a473391423e3d0842616c 
Importing 'GUID: d40cdc53f0fa5dcabfd29cde89291dbd - Path: Assets/Resources/World/Characters/QdaoRosterV12/29_he_xiangu/walk/NW/04.png' with importer (TextureImporter)
Imported 'GUID: d40cdc53f0fa5dcabfd29cde89291dbd' -> (Import Result ID: '798e04a4ca5ed21ca5cad98e015d805d') in 0.046 seconds [static and dynamic dependencies]. Details - ImportResultOutputID=b8d1c2d74c39be5c37e55fd6dc532a94 DependenciesID=a2d47a73b31cb62e9d5c88ef322bd720 StaticDependenciesID=028082f97187b9e23fcecd19f779e42b 
Importing 'GUID: d4ad5115d22c5deeb95bc49701249736 - Path: Assets/Resources/World/Characters/QdaoRosterV12/26_osmanthus_healer/walk/S/06.png' with importer (TextureImporter)
Imported 'GUID: d4ad5115d22c5deeb95bc49701249736' -> (Import Result ID: 'a24bfc7f0703ebf2ca632b3c88649059') in 0.051 seconds [static and dynamic dependencies]. Details - ImportResultOutputID=b2f093754c0375510d644f3fcb4349a9 DependenciesID=6cb363c569acf5de62d74c2a057ff4ca StaticDependenciesID=32e83f9300a237624f2018e700d2f047 
Importing 'GUID: f497789ed6b05171b7c9aa1479ec2825 - Path: Assets/Resources/World/Characters/QdaoRosterV12/29_he_xiangu/walk/E/02.png' with importer (TextureImporter)
Imported 'GUID: f497789ed6b05171b7c9aa1479ec2825' -> (Import Result ID: '94917bedb613c39caf436be44b85ebd5') in 0.040 seconds [static and dynamic dependencies]. Details - ImportResultOutputID=7d99f5566c522dbda4e68714b7846744 DependenciesID=921be291349a339a768a8cd097b15d08 StaticDependenciesID=149dd3902dab58178ade57ecbfab7668 
Importing 'GUID: f49f49cf476752baa52d2af8b4e7934e - Path: Assets/Resources/World/Characters/QdaoRosterV12/29_he_xiangu/walk/W/05.png' with importer (TextureImporter)
Imported 'GUID: f49f49cf476752baa52d2af8b4e7934e' -> (Import Result ID: '064411774f85db3518a6425bdef3853a') in 0.042 seconds [static and dynamic dependencies]. Details - ImportResultOutputID=6eaa0f0503724f7d6d458768ab8e8f97 DependenciesID=b8c05ed41cd4f2dc52205d7c3e2e4c99 StaticDependenciesID=da58456ddc6508c9528d0df81079d419 
Importing 'GUID: 05f93e3af14c590fae50abc3d53e809e - Path: Assets/Resources/World/Characters/QdaoRosterV12/29_he_xiangu/walk/W/08.png' with importer (TextureImporter)
Imported 'GUID: 05f93e3af14c590fae50abc3d53e809e' -> (Import Result ID: '47b206462edaa8f5028680974f789ab5') in 0.042 seconds [static and dynamic dependencies]. Details - ImportResultOutputID=5d7486f310160a494226f18bca24ec76 DependenciesID=264432ef07dca851dc98ac308bc92ce0 StaticDependenciesID=da6fa05c2c7b838f1af527010458c142 
Importing 'GUID: 1563bf58babf5752b73e48ecf5f138be - Path: Assets/Resources/World/Characters/QdaoRosterV12/29_he_xiangu/walk/NE/03.png' with importer (TextureImporter)
Imported 'GUID: 1563bf58babf5752b73e48ecf5f138be' -> (Import Result ID: '5bd06a8cc6047d268baa2f4328b76bc8') in 0.038 seconds [static and dynamic dependencies]. Details - ImportResultOutputID=37562784bd12c957cd838ae9df530488 DependenciesID=514ef3a872c2947de6fe0ca0a717f21d StaticDependenciesID=b4af848c43a6ae45abad223330ff2d64 
Importing 'GUID: 459c5d49deda5aa7a8b404f2d90d701d - Path: Assets/Resources/World/Characters/QdaoRosterV12/26_osmanthus_healer/walk/NE/01.png' with importer (TextureImporter)
Imported 'GUID: 459c5d49deda5aa7a8b404f2d90d701d' -> (Import Result ID: '676eb3b017c4adbca86b3eb6a4466cb0') in 0.037 seconds [static and dynamic dependencies]. Details - ImportResultOutputID=53ed07b78de5c45ebb4e25bc1642f13c DependenciesID=fbddcad721e86f4065b11beccadd2720 StaticDependenciesID=43cf6a02a39fa221dd5d47c782a22230 
Importing 'GUID: 453eb3a45d2451a4a26d364324c7395f - Path: Assets/Resources/World/Characters/QdaoRosterV12/26_osmanthus_healer/walk/NE/07.png' with importer (TextureImporter)
Imported 'GUID: 453eb3a45d2451a4a26d364324c7395f' -> (Import Result ID: '3c6e089dab29dfc2a75d8da66cb04f9f') in 0.041 seconds [static and dynamic dependencies]. Details - ImportResultOutputID=eae53e73a582338842601f3126afb2f3 DependenciesID=10f4efcb07c64b90f127e7b19265f264 StaticDependenciesID=67853ed6432084584b62ac0d062482e2 
Importing 'GUID: 65801a635ca0555c87b53a8ed746118a - Path: Assets/Resources/World/Characters/QdaoRosterV12/29_he_xiangu/walk/S/strip.png' with importer (TextureImporter)
Imported 'GUID: 65801a635ca0555c87b53a8ed746118a' -> (Import Result ID: '05f88fe0cd8169e61ad111dd06c1fe75') in 0.131 seconds [static and dynamic dependencies]. Details - ImportResultOutputID=8f85361b6418565095168b7189bc5e97 DependenciesID=8215faff2365e807d3d0a67f0a296c33 StaticDependenciesID=690de5a1538a7efdf4c72ca120c44924 
Importing 'GUID: 65f0bf022ee15251aaba7dbaaaf35c39 - Path: Assets/Resources/World/Characters/QdaoRosterV12/30_han_xiangzi/walk/SE/05.png' with importer (TextureImporter)
Imported 'GUID: 65f0bf022ee15251aaba7dbaaaf35c39' -> (Import Result ID: 'bd5e15f8a2b7b2b88ac0d514ad82bd7c') in 0.040 seconds [static and dynamic dependencies]. Details - ImportResultOutputID=b1534488ab58ef847569630752494243 DependenciesID=ca5cbceb1c4d2ef1da84ae49f255b79a StaticDependenciesID=422b6bab288f1544ee62e1fbc2771b87 
Importing 'GUID: 653740727b568be49a9036d826b8d38b - Path: Assets/Resources/UI/Ugui/GuildV2/title_plate.png' with importer (TextureImporter)
Imported 'GUID: 653740727b568be49a9036d826b8d38b' -> (Import Result ID: '856e2dbd79a57ba61e709ba8622189ec') in 0.023 seconds [static and dynamic dependencies]. Details - ImportResultOutputID=b1cdb52f0556738dd153bb79c1c68d81 DependenciesID=b71ad51f20296060f8bcc2d697d5ab96 StaticDependenciesID=a2a7162dcf02a70ccde2072ab28109ce 
Importing 'GUID: 657e79f86632524faa3d4d904e43bfdd - Path: Assets/Resources/World/Characters/QdaoRosterV12/30_han_xiangzi/walk/SW/06.png' with importer (TextureImporter)
Imported 'GUID: 657e79f86632524faa3d4d904e43bfdd' -> (Import Result ID: 'f1bc2e0eb01eb9d0461405fc127eba95') in 0.044 seconds [static and dynamic dependencies]. Details - ImportResultOutputID=8af241d57d3f57af7abe0c860d6df50b DependenciesID=dcc1341b071dba9037920656738838ea StaticDependenciesID=d6903c808dcb5d1625226214c60d016a 
Importing 'GUID: 75a5acf1f0bf585f9826582ec52e5331 - Path: Assets/Resources/World/Characters/QdaoRosterV12/30_han_xiangzi/walk/E/06.png' with importer (TextureImporter)
Imported 'GUID: 75a5acf1f0bf585f9826582ec52e5331' -> (Import Result ID: '702df10dec30f030d3dc7f14a3985888') in 0.036 seconds [static and dynamic dependencies]. Details - ImportResultOutputID=fdfcc7752512a9ed68e96c347fb2d46f DependenciesID=2b8e2b3c63d01fbeef702af45f4d4764 StaticDependenciesID=fd37005a55edf7a6e9599c93c25ed906 
Importing 'GUID: 75bb7c2f551c5f8e9af0cb7e62fed341 - Path: Assets/Resources/World/Characters/QdaoRosterV12/26_osmanthus_healer/walk/N/03.png' with importer (TextureImporter)
Imported 'GUID: 75bb7c2f551c5f8e9af0cb7e62fed341' -> (Import Result ID: '471165143e617ebe4b6d82f6313244a5') in 0.040 seconds [static and dynamic dependencies]. Details - ImportResultOutputID=0775fc39ab579a9aabd7c3799dbeb715 DependenciesID=7da92fb1404ff9036095a48d0f798c2a StaticDependenciesID=9b521b41a76a403992502fb928f5a9d0 
Importing 'GUID: 8500ca26e4a45093bbd1001b572e1c5d - Path: Assets/Resources/World/Characters/QdaoRosterV12/29_he_xiangu/walk/E/05.png' with importer (TextureImporter)
Imported 'GUID: 8500ca26e4a45093bbd1001b572e1c5d' -> (Import Result ID: 'dba49efc8fc7aca1c70dc427528f263c') in 0.038 seconds [static and dynamic dependencies]. Details - ImportResultOutputID=6593401d29b8103883fd012d3346d009 DependenciesID=02645505082911ccaa3a17927a23e49b StaticDependenciesID=477f2ce6e48fe135ba142f03e30ddb62 
Importing 'GUID: 8574a2914b7b526c8a99e7669e552862 - Path: Assets/Resources/World/Characters/QdaoRosterV12/30_han_xiangzi/walk/NW/01.png' with importer (TextureImporter)
Imported 'GUID: 8574a2914b7b526c8a99e7669e552862' -> (Import Result ID: 'd826b8dc429557e063deabd63e38a4e7') in 0.040 seconds [static and dynamic dependencies]. Details - ImportResultOutputID=49520a20058ae93af2af11b064f8ba98 DependenciesID=6eb54284d17020e8daa5f99aa4f66d6a StaticDependenciesID=59607473194f59bd1e99e896d9601182 
Importing 'GUID: 852960124e605e0ca81de4060da631c0 - Path: Assets/Resources/World/Characters/QdaoRosterV12/29_he_xiangu/walk/N/02.png' with importer (TextureImporter)
Imported 'GUID: 852960124e605e0ca81de4060da631c0' -> (Import Result ID: '0815efe70d4ffa3ea2b627d10ef32f13') in 0.050 seconds [static and dynamic dependencies]. Details - ImportResultOutputID=40a1a7bdaf908a78f118bf3de0526afb DependenciesID=3df35a40eaa217e4170e2f7b7673367e StaticDependenciesID=1fb11a904ccefc611816b25dcf73be0e 
Importing 'GUID: 85cd73b2c6a4573f96d8b8b13c1fc589 - Path: Assets/Resources/World/Characters/QdaoRosterV12/26_osmanthus_healer/walk/NW/04.png' with importer (TextureImporter)
Imported 'GUID: 85cd73b2c6a4573f96d8b8b13c1fc589' -> (Import Result ID: 'a2e85029b49f4f1672d0b6475735948a') in 0.070 seconds [static and dynamic dependencies]. Details - ImportResultOutputID=be5e0e67b679a5b59a4bd0c3f6c96adc DependenciesID=3c81536c0e6bad36267cdc2d1a81b022 StaticDependenciesID=ec0e61515876ebe3b1822e4ceeee7a13 
Importing 'GUID: b5411f28a3135a9daa6643fb21568916 - Path: Assets/Resources/World/Characters/QdaoRosterV12/24_lu_dongbin/walk/E/06.png' with importer (TextureImporter)
Imported 'GUID: b5411f28a3135a9daa6643fb21568916' -> (Import Result ID: '8d72da3fe35d22ae5f98182464be2499') in 0.053 seconds [static and dynamic dependencies]. Details - ImportResultOutputID=1a5c92e4741fcabb156de78d523e0ec0 DependenciesID=b925bc85a16121ab89e7123ec574e717 StaticDependenciesID=d8458747a5b986a7aaa10a4293c69e6a 
Importing 'GUID: c5e7d3d702cb539eaa95a9d4f4c3031a - Path: Assets/Resources/World/Characters/QdaoRosterV12/29_he_xiangu/walk/E/04.png' with importer (TextureImporter)
Imported 'GUID: c5e7d3d702cb539eaa95a9d4f4c3031a' -> (Import Result ID: '03b32b3ba44934763302ceff647a3593') in 0.056 seconds [static and dynamic dependencies]. Details - ImportResultOutputID=aa1ab506cb5c36c71b57c4150e918bd1 DependenciesID=7a6b8f70d48f3fc7d2903975c357eca7 StaticDependenciesID=ac61ac364085631bc512187973d14e6f 
Importing 'GUID: c5394da072f21f048ac6da21e531bba4 - Path: Assets/Resources/UI/Ugui/TeamV2/badge_self.png' with importer (TextureImporter)
Imported 'GUID: c5394da072f21f048ac6da21e531bba4' -> (Import Result ID: 'b76a956da561fe3eea07af7addc5408f') in 0.012 seconds [static and dynamic dependencies]. Details - ImportResultOutputID=abd8aca3b262e351e8ab925c4e548232 DependenciesID=894ed51321cf639e343bbeb602d6bf17 StaticDependenciesID=a93f76605455419bcb3aeaa6a2131bf8 
Importing 'GUID: d5b16c863bb75ba487ece38297464256 - Path: Assets/Resources/World/Characters/QdaoRosterV12/26_osmanthus_healer/walk/S/01.png' with importer (TextureImporter)
Imported 'GUID: d5b16c863bb75ba487ece38297464256' -> (Import Result ID: '7d44d8a03854d953b12ce27a2b3f2a1b') in 0.059 seconds [static and dynamic dependencies]. Details - ImportResultOutputID=245cc4224c764454a15607c9667b5c3d DependenciesID=bbd3d8b8285a4dc9b0d3943f20c04563 StaticDependenciesID=fa893ba64eceba76d317937904282f04 
Importing 'GUID: d5ca1da2bef04a44e8ee02860a0c569e - Path: Assets/Resources/UI/Ugui/TeamV2/button_secondary.png' with importer (TextureImporter)
Imported 'GUID: d5ca1da2bef04a44e8ee02860a0c569e' -> (Import Result ID: 'a56d3d112b17ef6a100473158bfc8c99') in 0.032 seconds [static and dynamic dependencies]. Details - ImportResultOutputID=c0d8d4f621b7a3f723ca29a0efb363a0 DependenciesID=5cfe28e405d645ea48147ea28797c383 StaticDependenciesID=02341c2baab2d59f80fa8fd8cfcc6f2e 
Importing 'GUID: d5cbd66eeddf59e283b905d6df8588ff - Path: Assets/Resources/World/Characters/QdaoRosterV12/30_han_xiangzi/walk/N/07.png' with importer (TextureImporter)
Imported 'GUID: d5cbd66eeddf59e283b905d6df8588ff' -> (Import Result ID: '0e2115f213d786bcabaa1bbdaae94637') in 0.058 seconds [static and dynamic dependencies]. Details - ImportResultOutputID=63607ed5fc74f7eeedaf991503449009 DependenciesID=0b11c51b3660dfbb3a148e6fca2b8d81 StaticDependenciesID=252b50b00cb37d3ef713d0a1bb5eb266 
Importing 'GUID: e52e0895ee625743ad586ff0da460654 - Path: Assets/Resources/World/Characters/QdaoRosterV12/24_lu_dongbin/walk/NE/05.png' with importer (TextureImporter)
Imported 'GUID: e52e0895ee625743ad586ff0da460654' -> (Import Result ID: 'fc8467db5dd8368ec7404df5ea34fb2c') in 0.049 seconds [static and dynamic dependencies]. Details - ImportResultOutputID=ea56c27d6d7d71c173c44415da03beaa DependenciesID=4f66e93bbd7fed7b0d8a6ce2351c8b2c StaticDependenciesID=d4a2ee1e37154cc6e58d63ab1bf32954 
Importing 'GUID: e55fb60ff29754cf8307e2d2ff3a0fea - Path: Assets/Resources/World/Characters/QdaoRosterV12/30_han_xiangzi/walk/NE/06.png' with importer (TextureImporter)
Imported 'GUID: e55fb60ff29754cf8307e2d2ff3a0fea' -> (Import Result ID: '6958f81a42afe1930b26669d9c5b194d') in 0.057 seconds [static and dynamic dependencies]. Details - ImportResultOutputID=239aac9a41fb71c081b76b70a450ef98 DependenciesID=1096ff9ae9aac02c9afb8768f8785e7d StaticDependenciesID=75b37960363ce69fb9d1c1f70d5cf0e2 
Importing 'GUID: 062c59c6fd7f5754dbc7676c516d3564 - Path: Assets/Resources/UI/Ugui/TeamV2/status_online.png' with importer (TextureImporter)
Imported 'GUID: 062c59c6fd7f5754dbc7676c516d3564' -> (Import Result ID: '48e033ecff3b2824a3ba02ecaaaf1a18') in 0.009 seconds [static and dynamic dependencies]. Details - ImportResultOutputID=afd53c8ee2502d830511ea6135cf9c20 DependenciesID=c85955581dede1b8d59201fb9c0a80b4 StaticDependenciesID=d775a7d8d28df5bc4ce780b3c18791ed 
Importing 'GUID: 061e0c7e17365cbc87d21baed1d13d21 - Path: Assets/Resources/World/Characters/QdaoRosterV12/24_lu_dongbin/walk/N/08.png' with importer (TextureImporter)
Imported 'GUID: 061e0c7e17365cbc87d21baed1d13d21' -> (Import Result ID: 'af790b77d0457bfc07724a479f646bfc') in 0.049 seconds [static and dynamic dependencies]. Details - ImportResultOutputID=35fe5044c44247c8e901f30b7a21ef5f DependenciesID=33b68027c6df1debf55c0e867b101e1e StaticDependenciesID=934e0d28169a3b910efa12a59368ea26 
Importing 'GUID: 2606bfd58cbd5849a8d9853bb3bff800 - Path: Assets/Resources/World/Characters/QdaoRosterV12/26_osmanthus_healer/walk/SE/strip.png' with importer (TextureImporter)
Imported 'GUID: 2606bfd58cbd5849a8d9853bb3bff800' -> (Import Result ID: '8ddbd7b18362700cd60045ca7c9b466f') in 0.183 seconds [static and dynamic dependencies]. Details - ImportResultOutputID=ef5626bac52cfb8beacc2fdcf92dcd9f DependenciesID=cf6f5367a151223c1a4e18abcb278d5e StaticDependenciesID=d214b2f7f89006c563f6fda12b95f253 
Importing 'GUID: 269bd6ad672559ecb7d587ffb43dfffc - Path: Assets/Resources/World/Characters/QdaoRosterV12/26_osmanthus_healer/walk/N/02.png' with importer (TextureImporter)
Imported 'GUID: 269bd6ad672559ecb7d587ffb43dfffc' -> (Import Result ID: 'e082e163b6bfd41e7a2f1b2ca73c6f71') in 0.050 seconds [static and dynamic dependencies]. Details - ImportResultOutputID=350bf053cf7baec4853f69f0de786e3c DependenciesID=f1d2a0141c84c3f34eec646d27d2b689 StaticDependenciesID=a79c3538393af69b69f708bed202cf66 
Importing 'GUID: 462434d134dd4b0aa01b79725c231708 - Path: Assets/Resources/UI/Ugui/GuildV2/talisman.png' with importer (TextureImporter)
Imported 'GUID: 462434d134dd4b0aa01b79725c231708' -> (Import Result ID: '7803815ddf9d76215e12865508243226') in 0.060 seconds [static and dynamic dependencies]. Details - ImportResultOutputID=51b110e151731fcb207d2c24629d222e DependenciesID=a171fdb9de6f0a3c2a4ec63e5daa22be StaticDependenciesID=e45e7c16adf5aeb0aa066cb83d04abc8 
Importing 'GUID: 46da526599b25e4290880af9a420c6d9 - Path: Assets/Resources/World/Characters/QdaoRosterV12/24_lu_dongbin/walk/W/08.png' with importer (TextureImporter)
Imported 'GUID: 46da526599b25e4290880af9a420c6d9' -> (Import Result ID: 'd83743bf05c69f237496ca5021c7f7d2') in 0.043 seconds [static and dynamic dependencies]. Details - ImportResultOutputID=51bc0951eed1b61e16f7e3ad790b1528 DependenciesID=e1154087eb282aa87ee512cd743bdf28 StaticDependenciesID=4e3951eaeb61e5b93987d3b4f56aa114 
Importing 'GUID: 56c07a3db08c5721981b9e079cbb2a83 - Path: Assets/Resources/World/Characters/QdaoRosterV12/29_he_xiangu/walk/NE/01.png' with importer (TextureImporter)
Imported 'GUID: 56c07a3db08c5721981b9e079cbb2a83' -> (Import Result ID: '9633f8f957894cfd7c3508abe4849596') in 0.045 seconds [static and dynamic dependencies]. Details - ImportResultOutputID=f18fe3b76740a7f704dbd5d4dd51db59 DependenciesID=f1384f0e16254752d5b63d6856b5b5b8 StaticDependenciesID=61f6c6cc2d1e48fd23b82755ec672724 
Importing 'GUID: 669712ca08a5529d9b2a85ee96c46334 - Path: Assets/Resources/World/Characters/QdaoRosterV12/24_lu_dongbin/walk/S/03.png' with importer (TextureImporter)
Imported 'GUID: 669712ca08a5529d9b2a85ee96c46334' -> (Import Result ID: '25ea7d3ccccfaeb70577ed014105548e') in 0.050 seconds [static and dynamic dependencies]. Details - ImportResultOutputID=279445a9814730c7a891839b30655503 DependenciesID=032df36e322dc2451a574202dbe19318 StaticDependenciesID=97672a60670ec4166c0bef7ec63be93f 
Importing 'GUID: 666f796430485b2bbccff6c457e7d0a1 - Path: Assets/Resources/World/Characters/QdaoRosterV12/26_osmanthus_healer/idle/W.png' with importer (TextureImporter)
Imported 'GUID: 666f796430485b2bbccff6c457e7d0a1' -> (Import Result ID: 'ddaed02b522927460d29467bfe302d7e') in 0.045 seconds [static and dynamic dependencies]. Details - ImportResultOutputID=62bdb35eee990cc70292a3007b2a6931 DependenciesID=03580533bbf7741dcd66d02b1caf1e06 StaticDependenciesID=51478b6422135de8ab00a7a7db0f0915 
Importing 'GUID: 762896086bf15c038e2a5b84f4d902dc - Path: Assets/Resources/World/Characters/QdaoRosterV12/29_he_xiangu/walk/NW/02.png' with importer (TextureImporter)
Imported 'GUID: 762896086bf15c038e2a5b84f4d902dc' -> (Import Result ID: '5fbc3aebbf76c2973c118e1789f9707d') in 0.050 seconds [static and dynamic dependencies]. Details - ImportResultOutputID=53338e862784e22a9ed591e40950ced6 DependenciesID=8f7bda8e2fb43bd2bfa17ad5a6c191b8 StaticDependenciesID=7f22f2c69844f296da29e9dae30b2a23 
Importing 'GUID: 76e95b600e65584dad066d8855194ce2 - Path: Assets/Resources/World/Characters/QdaoRosterV12/29_he_xiangu/walk/NE/06.png' with importer (TextureImporter)
Imported 'GUID: 76e95b600e65584dad066d8855194ce2' -> (Import Result ID: '6d96b9096eca39d723557f857d5a4ec1') in 0.044 seconds [static and dynamic dependencies]. Details - ImportResultOutputID=734e8b8d212b9321d937e9966140ad63 DependenciesID=3f19adc60afc05382e60b60d42524e5a StaticDependenciesID=d8d631a839f7832a3aa1e1f269213590 
Importing 'GUID: 86e11b663b8a59c6a6a3ef4aa5659a09 - Path: Assets/Resources/World/Characters/QdaoRosterV12/24_lu_dongbin/walk/S/06.png' with importer (TextureImporter)
Imported 'GUID: 86e11b663b8a59c6a6a3ef4aa5659a09' -> (Import Result ID: '8f8b436ade2a0c165545f1aac834e3a7') in 0.051 seconds [static and dynamic dependencies]. Details - ImportResultOutputID=a0542609d28f9ecb396da6d330eebcc5 DependenciesID=ad548a4231b83c74008f03d936ffd65d StaticDependenciesID=fb2211c1fd8e7d8bcc9ae6df8dc95233 
Importing 'GUID: 86941996bdff5c7a88f6259ca73ac87c - Path: Assets/Resources/World/Characters/QdaoRosterV12/29_he_xiangu/walk/NE/08.png' with importer (TextureImporter)
Imported 'GUID: 86941996bdff5c7a88f6259ca73ac87c' -> (Import Result ID: '7014fcf89ce76dac7c8e43a93aa32812') in 0.052 seconds [static and dynamic dependencies]. Details - ImportResultOutputID=19373164063c29edade09834149e63aa DependenciesID=0b4d6239cda6ad5047a1e2ff618e680b StaticDependenciesID=41a30943fce7cd8c16823a6dad960bc0 
Importing 'GUID: 86e74e3e11105b72b8b42caddb510d97 - Path: Assets/Resources/World/Characters/QdaoRosterV12/26_osmanthus_healer/walk/W/07.png' with importer (TextureImporter)
Imported 'GUID: 86e74e3e11105b72b8b42caddb510d97' -> (Import Result ID: '8ea57d933568c1338a6345c4b2deec78') in 0.054 seconds [static and dynamic dependencies]. Details - ImportResultOutputID=5f2456ba07839e5034337346e5bb4288 DependenciesID=854367cd9ba509c2e156e948d126d454 StaticDependenciesID=b7bfb83d20a613fce581cd22aa8c493c 
Importing 'GUID: 86f7ca1f08c75a1c8ee4289f83f1ef3b - Path: Assets/Resources/World/Characters/QdaoRosterV12/24_lu_dongbin/idle/W.png' with importer (TextureImporter)
Imported 'GUID: 86f7ca1f08c75a1c8ee4289f83f1ef3b' -> (Import Result ID: 'bd5f0623e65560ca02b015b7d11d1fe7') in 0.052 seconds [static and dynamic dependencies]. Details - ImportResultOutputID=aecbbfd75ab45700b5b706f555d480d0 DependenciesID=04253bb6c152e7763538542950d95fde StaticDependenciesID=39daf6b2a01bd66a2e3387cad602a89e 
Importing 'GUID: 96da8090717456ae8c87c6f5339abf3e - Path: Assets/Resources/World/Characters/QdaoRosterV12/24_lu_dongbin/idle/SE.png' with importer (TextureImporter)
Imported 'GUID: 96da8090717456ae8c87c6f5339abf3e' -> (Import Result ID: '918e497b4f5d4453f31fa2cd5c5ebdde') in 0.051 seconds [static and dynamic dependencies]. Details - ImportResultOutputID=be788337a0312c2c9a46cbeba2852541 DependenciesID=aae9c9bee5033a6142199140314ac63f StaticDependenciesID=af13cf3e43a54c02b6de57959e0782ee 
Importing 'GUID: a6cfd4f897a455d3b2d7e7bd26ed7e16 - Path: Assets/Resources/World/Characters/QdaoRosterV12/24_lu_dongbin/idle/S.png' with importer (TextureImporter)
Imported 'GUID: a6cfd4f897a455d3b2d7e7bd26ed7e16' -> (Import Result ID: '739e50bb289199936e8a6de450cf86ab') in 0.051 seconds [static and dynamic dependencies]. Details - ImportResultOutputID=8790ef35a294993e5e5f48ec616a99cd DependenciesID=9f6fa590fbd66215f44e9b11d1adaec3 StaticDependenciesID=b14bdb62314d1397a27b9dad4c528846 
Importing 'GUID: b663a0ef7bf9513e955e8e29a4e22435 - Path: Assets/Resources/World/Characters/QdaoRosterV12/29_he_xiangu/walk/SW/03.png' with importer (TextureImporter)
Imported 'GUID: b663a0ef7bf9513e955e8e29a4e22435' -> (Import Result ID: '71ac3a2d67bc9a715db1e3fa603a11ec') in 0.065 seconds [static and dynamic dependencies]. Details - ImportResultOutputID=5791e8f64a96d9a5e78de510b68d657e DependenciesID=ec71a5d6724c8c3ce3e79a74c8390590 StaticDependenciesID=338d2757fa77c142429a173abfefec98 
Importing 'GUID: b6c9c2562e5b55449a6270766bf9743b - Path: Assets/Resources/World/Characters/QdaoRosterV12/30_han_xiangzi/walk/E/07.png' with importer (TextureImporter)
Imported 'GUID: b6c9c2562e5b55449a6270766bf9743b' -> (Import Result ID: 'ee4fd5fe959c94e4e4a19387ecffa663') in 0.075 seconds [static and dynamic dependencies]. Details - ImportResultOutputID=5a946c22e4b77ba49c377aa23e8ac333 DependenciesID=6b4fb7e9621618504dce0d974c9546ad StaticDependenciesID=8ee36c98211856b4c46addfde1b64392 
Importing 'GUID: c6f89d318d745ff08e7ca63fa20035e6 - Path: Assets/Resources/World/Characters/QdaoRosterV12/26_osmanthus_healer/idle/SE.png' with importer (TextureImporter)
Imported 'GUID: c6f89d318d745ff08e7ca63fa20035e6' -> (Import Result ID: 'eab3b6f65ff779fb3babf0bd5e36c105') in 0.055 seconds [static and dynamic dependencies]. Details - ImportResultOutputID=24886ce018c82026f3389c83fcb2ef02 DependenciesID=7fa4634e78e0842c28bcd6e91f108ec2 StaticDependenciesID=304d0dd4918b2bf1015b40d557b7f4a3 
Importing 'GUID: d626d134de2f5f0693fd088e31cd52e0 - Path: Assets/Resources/World/Characters/QdaoRosterV12/26_osmanthus_healer/walk/SE/02.png' with importer (TextureImporter)
Imported 'GUID: d626d134de2f5f0693fd088e31cd52e0' -> (Import Result ID: '8199665033c0fdcdb0a767562a16a025') in 0.052 seconds [static and dynamic dependencies]. Details - ImportResultOutputID=c130c4f9ba82eea41367676738e21d23 DependenciesID=922d4e277943f008aab624be4ae07f5c StaticDependenciesID=8f7a869611c48d99e3a54aa3d8b0a7bb 
Importing 'GUID: d63a758811bb5e67a84dac6b7139fd32 - Path: Assets/Resources/World/Characters/QdaoRosterV12/29_he_xiangu/walk/SE/08.png' with importer (TextureImporter)
Imported 'GUID: d63a758811bb5e67a84dac6b7139fd32' -> (Import Result ID: '8fdcfcc2d6a3bc48beccb241a35bb82b') in 0.051 seconds [static and dynamic dependencies]. Details - ImportResultOutputID=20811d06ee378662c485ee9a7adb8cee DependenciesID=1ca7439fdaae0438b015e0fc0e9d25b5 StaticDependenciesID=338da107f5536245cfa9e60fa5534180 
Importing 'GUID: f699731771e6e3e4b88fabc68f959b17 - Path: Assets/Resources/UI/Ugui/GuildV2/avatar-2.png' with importer (TextureImporter)
Imported 'GUID: f699731771e6e3e4b88fabc68f959b17' -> (Import Result ID: '0cfd498aa873fa538abd6207e4fb9d51') in 0.166 seconds [static and dynamic dependencies]. Details - ImportResultOutputID=a4a0b1fc8bc9155d3733dca549e48714 DependenciesID=086ab1936299793c213debda8379c154 StaticDependenciesID=8eda5e50bdcdbcec6f187b09dc146ce2 
Importing 'GUID: 07a4001ca4a957b4924b0464d95b179e - Path: Assets/Resources/World/Characters/QdaoRosterV12/24_lu_dongbin/walk/W/strip.png' with importer (TextureImporter)
Imported 'GUID: 07a4001ca4a957b4924b0464d95b179e' -> (Import Result ID: 'dfb8106b71f4fda9d941d14e38bd629e') in 0.172 seconds [static and dynamic dependencies]. Details - ImportResultOutputID=5e58c48acdd75e25a5ce68976a88cdd0 DependenciesID=25b7ae26f42480a466cde9df259399ea StaticDependenciesID=c76975d9b16636f476ec19a4ce58c311 
Importing 'GUID: 07c56fb1db9f518ea8711314faea3bfb - Path: Assets/Resources/World/Characters/QdaoRosterV12/24_lu_dongbin/walk/N/05.png' with importer (TextureImporter)
Imported 'GUID: 07c56fb1db9f518ea8711314faea3bfb' -> (Import Result ID: 'de4e86c51113f8aefc886da893cf8ac6') in 0.049 seconds [static and dynamic dependencies]. Details - ImportResultOutputID=ec033777665adf41ae219ad873398f5e DependenciesID=55ca34bfcafdcf105363b0360a2d01ef StaticDependenciesID=d5b4163f89dbe52c1e4ae6198fb1ba1d 
Importing 'GUID: 07fcab878a5c5fbeb70132a8217f145c - Path: Assets/Resources/World/Characters/QdaoRosterV12/26_osmanthus_healer/walk/W/08.png' with importer (TextureImporter)
Imported 'GUID: 07fcab878a5c5fbeb70132a8217f145c' -> (Import Result ID: '24f0ec09fc1af028fa75492576f3660b') in 0.067 seconds [static and dynamic dependencies]. Details - ImportResultOutputID=6d447b4fc0b3b81dc3d985641cd098d9 DependenciesID=4a24dde2950833895a465746a196786a StaticDependenciesID=d2cb787e750651950f7d7b4cbc6733d9 
Importing 'GUID: 17ef4b449ae5a324b9c3dd9b96cbcc63 - Path: Assets/Resources/UI/Ugui/GuildV2/button_primary.png' with importer (TextureImporter)
Imported 'GUID: 17ef4b449ae5a324b9c3dd9b96cbcc63' -> (Import Result ID: 'a80cf380494b879c83d9607e66f8119f') in 0.041 seconds [static and dynamic dependencies]. Details - ImportResultOutputID=427c3ee3b0c7ebff93250dcfa2dbe647 DependenciesID=3541360da6c9f3cb3ddf3ec966f215ae StaticDependenciesID=aeb5789ed3510b3ef847fa35b86432d5 
Importing 'GUID: 2787054af39e5391987ffd98c09093fc - Path: Assets/Resources/World/Characters/QdaoRosterV12/26_osmanthus_healer/walk/W/06.png' with importer (TextureImporter)
Imported 'GUID: 2787054af39e5391987ffd98c09093fc' -> (Import Result ID: '89e75e3dc603166789103850e225227d') in 0.044 seconds [static and dynamic dependencies]. Details - ImportResultOutputID=4b88745a965b78dfe059756994148454 DependenciesID=23928aedf60d5cf8e7beca36c77d8411 StaticDependenciesID=c2063a877101cb5fdc353344351d114b 
Importing 'GUID: 278b783cdf2e5190b00f1fb6ed005784 - Path: Assets/Resources/World/Characters/QdaoRosterV12/26_osmanthus_healer/idle/S.png' with importer (TextureImporter)
Imported 'GUID: 278b783cdf2e5190b00f1fb6ed005784' -> (Import Result ID: '39004084a2acf2798188c63da6f5e44f') in 0.051 seconds [static and dynamic dependencies]. Details - ImportResultOutputID=b9bf65dfc0ce9217c1d6121447a6c939 DependenciesID=a86e051abf13898f72b969efd1375b08 StaticDependenciesID=62f914075655c27fa2835a5159b3fd92 
Importing 'GUID: 3757011d0885510fb205a029d200105c - Path: Assets/Resources/World/Characters/QdaoRosterV12/29_he_xiangu/walk/SW/06.png' with importer (TextureImporter)
Imported 'GUID: 3757011d0885510fb205a029d200105c' -> (Import Result ID: '189a5c2134a756fb0bd0b2882bfb3bc0') in 0.058 seconds [static and dynamic dependencies]. Details - ImportResultOutputID=70645019fd61cd160332b8083c72cdab DependenciesID=e83ee1f689df27d36ac039cb7fee64e8 StaticDependenciesID=de106e49ffc2167cb179b49f4bb22c52 
Importing 'GUID: 4792fde7d1c71cc4e9e272bbe74477a5 - Path: Assets/Resources/UI/Ugui/GuildV2/avatar-5.png' with importer (TextureImporter)
Worker ready: AssetImportWorkerHW0 0
Imported 'GUID: 4792fde7d1c71cc4e9e272bbe74477a5' -> (Import Result ID: 'f507ede9fd8c2a15c1cc7813648cc139') in 0.212 seconds [static and dynamic dependencies]. Details - ImportResultOutputID=59f691f27072d926dc97dc548151fb7d DependenciesID=5065d9b3b65871fcf374a9a79bc41d4c StaticDependenciesID=b43eef48bf400c667d7f999deed36de0 
Importing 'GUID: 470949be6c505d5db94d4fc7ef1a099e - Path: Assets/Resources/World/Characters/QdaoRosterV12/24_lu_dongbin/walk/S/08.png' with importer (TextureImporter)
Imported 'GUID: 470949be6c505d5db94d4fc7ef1a099e' -> (Import Result ID: '9a53277ce5b2def93fffb6fd4ade328a') in 0.057 seconds [static and dynamic dependencies]. Details - ImportResultOutputID=54afd48d09027a1691fbaa1fa03d726b DependenciesID=6bb9fcf8a703b13cb2fa46faee2364b3 StaticDependenciesID=0772ce9d3072eb1907caeda1ba175ede 
Importing 'GUID: 67a4121e9dee2ec4e833f3058506cf90 - Path: Assets/Resources/UI/Ugui/TeamV2/close.png' with importer (TextureImporter)
Imported 'GUID: 67a4121e9dee2ec4e833f3058506cf90' -> (Import Result ID: 'cfa595c346ef3bd3872a5c46fc2f7529') in 0.023 seconds [static and dynamic dependencies]. Details - ImportResultOutputID=8e604eb76ace6f67cda9c6c521578134 DependenciesID=574377a5dbff9fc9ef9aa136a09ae76c StaticDependenciesID=dc20cfe53d25e5cf3a6196767f89c132 
Importing 'GUID: 676b3a169b6975e4bbcab13d65e0ce88 - Path: Assets/Resources/UI/Ugui/GuildV2/close_button.png' with importer (TextureImporter)
Imported 'GUID: 676b3a169b6975e4bbcab13d65e0ce88' -> (Import Result ID: '72657e41431e1ef52f1e23c37d12ebb1') in 0.038 seconds [static and dynamic dependencies]. Details - ImportResultOutputID=a3842550741e862cd6c72bcebf6afae7 DependenciesID=e90b4aa6c4d1131f73040e48fb0b67da StaticDependenciesID=1cecc6b269764bb0490732940da5d7e2 
Importing 'GUID: 67ddb3f98dcf1b84d90971db74b4e400 - Path: Assets/Resources/UI/Ugui/GuildV2/icon-chest.png' with importer (TextureImporter)
Imported 'GUID: 67ddb3f98dcf1b84d90971db74b4e400' -> (Import Result ID: 'e4be964bf0f04dacdd59e50d3b0b04b7') in 0.025 seconds [static and dynamic dependencies]. Details - ImportResultOutputID=4f46c3a5de9b3a0e9bce93a9abde3cc6 DependenciesID=4f02b7e4a10e3bc8c6f7f231b1f72e25 StaticDependenciesID=fd976bc6237a0a8087f85336fabbc175 
Importing 'GUID: 7712ebaa47295ef38aa1eabac4fac4d2 - Path: Assets/Resources/World/Characters/QdaoRosterV12/30_han_xiangzi/walk/N/03.png' with importer (TextureImporter)
Imported 'GUID: 7712ebaa47295ef38aa1eabac4fac4d2' -> (Import Result ID: '101582f0e53764a0524c713e2df693a9') in 0.053 seconds [static and dynamic dependencies]. Details - ImportResultOutputID=352d63a090fbd442cc89d45f47dc2a07 DependenciesID=06f05464ad879f1727845ca4b888965f StaticDependenciesID=1883c5418ef52c1b08d466975d7fb2e1 
Importing 'GUID: 774480bae2725a1e914788cf930ef08e - Path: Assets/Resources/World/Characters/QdaoRosterV12/30_han_xiangzi/walk/NW/05.png' with importer (TextureImporter)
Imported 'GUID: 774480bae2725a1e914788cf930ef08e' -> (Import Result ID: '9f0a8b4beb454957c03df2c8d89daa39') in 0.058 seconds [static and dynamic dependencies]. Details - ImportResultOutputID=513d0f58da19ef3d3b5a0e564318aeba DependenciesID=112b97d2de29489c21cbd6cfc3766865 StaticDependenciesID=17f62b863776a1a167024637ece76eca 
Importing 'GUID: 77b893ddd1225844b48a1e876c748b2c - Path: Assets/Resources/World/Characters/QdaoRosterV12/30_han_xiangzi/walk/SE/08.png' with importer (TextureImporter)
Imported 'GUID: 77b893ddd1225844b48a1e876c748b2c' -> (Import Result ID: '5da41d41a6f6f4af4d740ffe86b2f722') in 0.058 seconds [static and dynamic dependencies]. Details - ImportResultOutputID=cba598fcda41e9d3606271f8a813a461 DependenciesID=49d8beecbdfc2fe34674f6cd47230683 StaticDependenciesID=4eb0ebb29810c61ae069afe7cde66902 
Importing 'GUID: 87f3731f5bf25f978526b8a274f4f12c - Path: Assets/Resources/World/Characters/QdaoRosterV12/26_osmanthus_healer/walk/S/04.png' with importer (TextureImporter)
Imported 'GUID: 87f3731f5bf25f978526b8a274f4f12c' -> (Import Result ID: '358df53a78b130bf1176a0cb1d1fbc22') in 0.064 seconds [static and dynamic dependencies]. Details - ImportResultOutputID=880addd59a06edd874e4a4ad250382ff DependenciesID=322ad230acb6f1474a94f0c8348c74b4 StaticDependenciesID=d6c586423ef1a9b082d688183ae5fea3 
Importing 'GUID: 87a65370ef725fdabd9aba899fb2fb4a - Path: Assets/Resources/World/Characters/QdaoRosterV12/29_he_xiangu/walk/N/01.png' with importer (TextureImporter)
Imported 'GUID: 87a65370ef725fdabd9aba899fb2fb4a' -> (Import Result ID: '08d9b181900638bbf0a8902c1efaff40') in 0.054 seconds [static and dynamic dependencies]. Details - ImportResultOutputID=965add4e9cd9028ef85cf14a7aa4b656 DependenciesID=b306454af2b5f6ca9978b4e8039a0642 StaticDependenciesID=68f6e02fde22acc15825f23496ed855b 
Importing 'GUID: 8778dbe76f0a568fadde43b9086f5551 - Path: Assets/Resources/World/Characters/QdaoRosterV12/24_lu_dongbin/idle/NE.png' with importer (TextureImporter)
Imported 'GUID: 8778dbe76f0a568fadde43b9086f5551' -> (Import Result ID: 'f5ea01e9f88f7892dfbdbd1078beb74a') in 0.076 seconds [static and dynamic dependencies]. Details - ImportResultOutputID=4ed7b8f5c87bc30261cd2d069714fc86 DependenciesID=9ffa9f44f1fa3844752d5758e8108ff6 StaticDependenciesID=58d0078b855f10f7f1537536cd086337 
Importing 'GUID: 97a9dc17f96252eab8cfabe508636f2f - Path: Assets/Resources/World/Characters/QdaoRosterV12/24_lu_dongbin/walk/E/01.png' with importer (TextureImporter)
Imported 'GUID: 97a9dc17f96252eab8cfabe508636f2f' -> (Import Result ID: '105d8d9d162d4884d7c157542539b223') in 0.063 seconds [static and dynamic dependencies]. Details - ImportResultOutputID=2194bc5fcab02372065c4f0f31da99c4 DependenciesID=42e8e745e75a53263b84f3e6c24bc21c StaticDependenciesID=89a68345c8b1c1014f0fdd9b3d3fee88 
Importing 'GUID: b7399d55deaa53f19b4bc81bc2f5846c - Path: Assets/Resources/World/Characters/QdaoRosterV12/30_han_xiangzi/walk/SW/01.png' with importer (TextureImporter)
Imported 'GUID: b7399d55deaa53f19b4bc81bc2f5846c' -> (Import Result ID: 'ee9d5ad32438498fbc96cddae6526902') in 0.051 seconds [static and dynamic dependencies]. Details - ImportResultOutputID=7dfff3546a92ecbae11887a42685e782 DependenciesID=e41819b7f47d9687aa8d8559b2bac2d7 StaticDependenciesID=2d698d2ede0073b54a3f2e4ac924ec65 
Importing 'GUID: c752df309188559f92603d08bb90d548 - Path: Assets/Resources/World/Characters/QdaoRosterV12/29_he_xiangu/walk/W/07.png' with importer (TextureImporter)
Imported 'GUID: c752df309188559f92603d08bb90d548' -> (Import Result ID: 'd821c130ec69925fa217b1964acc6bdd') in 0.038 seconds [static and dynamic dependencies]. Details - ImportResultOutputID=0e152717899a71678621e2c141f58a33 DependenciesID=15d584fa5ca14cb5c86925387b9fca3b StaticDependenciesID=365998da352d5fee77718a9403b81b00 
Importing 'GUID: c7e49cd60fbf5def81a5d83ab9b0f336 - Path: Assets/Resources/World/Characters/QdaoRosterV12/26_osmanthus_healer/walk/SE/03.png' with importer (TextureImporter)
Imported 'GUID: c7e49cd60fbf5def81a5d83ab9b0f336' -> (Import Result ID: 'f67ec731d3cda87089846f8d17e85b5e') in 0.049 seconds [static and dynamic dependencies]. Details - ImportResultOutputID=afff3587bae39cae7f9eb90c72e62a28 DependenciesID=15c724f4b8a59b9f9491b5e0c5556054 StaticDependenciesID=5a7485754362635fb99fc454ece45b80 
Importing 'GUID: d7e62177b72aad5479a3a6a69da1e593 - Path: Assets/Resources/UI/Ugui/GuildV2/window_frame.png' with importer (TextureImporter)
Imported 'GUID: d7e62177b72aad5479a3a6a69da1e593' -> (Import Result ID: 'dcd1e73a3a35a5b8753b27375fcdfa08') in 0.162 seconds [static and dynamic dependencies]. Details - ImportResultOutputID=62128626de3e10d1f9614382c8c1c950 DependenciesID=1fa527de4c922c68223030424b1d4f82 StaticDependenciesID=0bdad17a5c60d71c5746d40702c85a36 
Importing 'GUID: e7dcb79505a05babb5b310d7918f4580 - Path: Assets/Resources/World/Characters/QdaoRosterV12/29_he_xiangu/walk/E/08.png' with importer (TextureImporter)
Imported 'GUID: e7dcb79505a05babb5b310d7918f4580' -> (Import Result ID: '7c4c642e14acfa8bbcb8cc6bc7de8be3') in 0.069 seconds [static and dynamic dependencies]. Details - ImportResultOutputID=acc5d4ee7050f831a44d80be56cb6b09 DependenciesID=7a2a47d8e87088bce0dfb24fc989582c StaticDependenciesID=1bebd79bb6ded1af1a54d9fcc829a810 
Importing 'GUID: f79013c27b1a5822980b9ca2b4358af7 - Path: Assets/Resources/World/Characters/QdaoRosterV12/24_lu_dongbin/walk/N/01.png' with importer (TextureImporter)
Imported 'GUID: f79013c27b1a5822980b9ca2b4358af7' -> (Import Result ID: 'ab885564403a833cf4ec438d39d1a8f5') in 0.058 seconds [static and dynamic dependencies]. Details - ImportResultOutputID=9403560732dca2ba76519ceb53f7a9b9 DependenciesID=864087c7d185bfb8c03f4a09dd67159e StaticDependenciesID=2db2950997d95937cfd3a4d0d57853fd 
Importing 'GUID: f7c0347fe58c5d6a8b9b5bcb14adcfdb - Path: Assets/Resources/World/Characters/QdaoRosterV12/24_lu_dongbin/walk/E/02.png' with importer (TextureImporter)
Imported 'GUID: f7c0347fe58c5d6a8b9b5bcb14adcfdb' -> (Import Result ID: '3e55053782cb98a5e21a020c149ed0dd') in 0.050 seconds [static and dynamic dependencies]. Details - ImportResultOutputID=2de43c963bca15ba1928e10376b81961 DependenciesID=d9f9ba128088cf3cda7d64fe6a64c39a StaticDependenciesID=a3e8c34b6ceeb53ac27e7cbf2c956aa2 
Importing 'GUID: 08b45e407dd75434b8d2e0e6bc8cb144 - Path: Assets/Resources/World/Characters/QdaoRosterV12/29_he_xiangu/idle/NW.png' with importer (TextureImporter)
Imported 'GUID: 08b45e407dd75434b8d2e0e6bc8cb144' -> (Import Result ID: 'a17c3ea2cb09834894553e9ea355845b') in 0.045 seconds [static and dynamic dependencies]. Details - ImportResultOutputID=0cd5336ffd2fe2b85f9c00b4638ad6e0 DependenciesID=f867f4b3caca1bdb47baecec94aa0490 StaticDependenciesID=fbd3451b9e206e87c46c4ce221b518de 
Importing 'GUID: 0887ad70c49250b8bd9a77bc8b19e032 - Path: Assets/Resources/World/Characters/QdaoRosterV12/30_han_xiangzi/walk/W/02.png' with importer (TextureImporter)
Imported 'GUID: 0887ad70c49250b8bd9a77bc8b19e032' -> (Import Result ID: '4f224e503faf18d97d3d995c60a14e83') in 0.070 seconds [static and dynamic dependencies]. Details - ImportResultOutputID=ac18a1a228ad3aa9a04c5b84cdcb1cc4 DependenciesID=37fca5a980a1d17e6c82ba0196161f69 StaticDependenciesID=b3d3f2d90f4cb98488859263e8c21aac 
Importing 'GUID: 08d79c0464de593b820e6627ab12d217 - Path: Assets/Resources/World/Characters/QdaoRosterV12/30_han_xiangzi/walk/N/08.png' with importer (TextureImporter)
Imported 'GUID: 08d79c0464de593b820e6627ab12d217' -> (Import Result ID: '0eb1b9eeec17c3673a30a320f4c75746') in 0.050 seconds [static and dynamic dependencies]. Details - ImportResultOutputID=25e65dd099116a319b2aab1089501d33 DependenciesID=17afcd23f0dd5b8c27c786853d4ee34b StaticDependenciesID=69b688ae695a9092d4c561e7eb468627 
Importing 'GUID: 08e750232da3564a9e04278840958834 - Path: Assets/Resources/World/Characters/QdaoRosterV12/24_lu_dongbin/walk/S/05.png' with importer (TextureImporter)
Imported 'GUID: 08e750232da3564a9e04278840958834' -> (Import Result ID: '71f91003ab5807c7a12c0eb707803ceb') in 0.052 seconds [static and dynamic dependencies]. Details - ImportResultOutputID=a584cf759a0dd5a48808ff064d86e4ec DependenciesID=b9ca87d7430b15a8beb8ac2171463432 StaticDependenciesID=e3adc5911c9445ece708122680d41b19 
Importing 'GUID: 08fa4f8b058b50efacba09b13d8c944c - Path: Assets/Resources/World/Characters/QdaoRosterV12/24_lu_dongbin/walk/W/01.png' with importer (TextureImporter)
Imported 'GUID: 08fa4f8b058b50efacba09b13d8c944c' -> (Import Result ID: 'a0c982f59df9f0ca0dbecf6cf4f55939') in 0.056 seconds [static and dynamic dependencies]. Details - ImportResultOutputID=1a35a68ac2ebdd7d64869453054695e2 DependenciesID=c66b811c2724731c2932973b761fcb1a StaticDependenciesID=b908a02cf4e51120fdf0a35ebc9bc5c1 
Importing 'GUID: 081ba02d434a5b65a8855d1c20d39bbc - Path: Assets/Resources/World/Characters/QdaoRosterV12/30_han_xiangzi/walk/NE/strip.png' with importer (TextureImporter)
Imported 'GUID: 081ba02d434a5b65a8855d1c20d39bbc' -> (Import Result ID: 'cf213761f2383ff65b0253f9816036ed') in 0.189 seconds [static and dynamic dependencies]. Details - ImportResultOutputID=6989d665d840bf19fec2b2fcadae6049 DependenciesID=9dc4037d9dfe3ba20f930430584a3831 StaticDependenciesID=5afe3acd81d76138090f95dc48393a76 
Importing 'GUID: 18578b4bf44c57c1b9a949b96909dde1 - Path: Assets/Resources/World/Characters/QdaoRosterV12/29_he_xiangu/walk/E/06.png' with importer (TextureImporter)
Imported 'GUID: 18578b4bf44c57c1b9a949b96909dde1' -> (Import Result ID: '9e5263b5a33ec699ee0ae457cc9586e9') in 0.071 seconds [static and dynamic dependencies]. Details - ImportResultOutputID=db793702dd6747d13a334c64680984d2 DependenciesID=cfc77664b23871064eadb30d777e6e43 StaticDependenciesID=9c0e703d99b5ea974765835879a9da48 
Importing 'GUID: 181c44176e815b6e93c5ece71a6dba5c - Path: Assets/Resources/World/Characters/QdaoRosterV12/24_lu_dongbin/walk/E/07.png' with importer (TextureImporter)
Imported 'GUID: 181c44176e815b6e93c5ece71a6dba5c' -> (Import Result ID: '3630616f975718312c2c9a1d6fdcc464') in 0.048 seconds [static and dynamic dependencies]. Details - ImportResultOutputID=3af4a62391cbd4fbf7ebdd8a9c1bf2ee DependenciesID=8e3597cb17e7ea7ad5dc583309c248c2 StaticDependenciesID=62c7ae00562d78906bdaf27233c6f700 
Importing 'GUID: 189eb077634b57368f0c7497c253be10 - Path: Assets/Resources/World/Characters/QdaoRosterV12/29_he_xiangu/walk/N/07.png' with importer (TextureImporter)
Imported 'GUID: 189eb077634b57368f0c7497c253be10' -> (Import Result ID: '22fc6315cab0bb380f7f3a8773c9d14e') in 0.044 seconds [static and dynamic dependencies]. Details - ImportResultOutputID=31b391e807eb8e5b35aa07a21861f505 DependenciesID=be015f2c8671fab780d4c730924fc845 StaticDependenciesID=7f439e1abf0d36c3c8fc3ec772aa9a62 
Importing 'GUID: 28c0ec9c906b572ead157409f001dbac - Path: Assets/Resources/World/Characters/QdaoRosterV12/26_osmanthus_healer/walk/NE/06.png' with importer (TextureImporter)
Imported 'GUID: 28c0ec9c906b572ead157409f001dbac' -> (Import Result ID: '563336afb88f1f7685b58a674158fea9') in 0.089 seconds [static and dynamic dependencies]. Details - ImportResultOutputID=347a259335cd8e62c6cc622a72864ab0 DependenciesID=55ac7507bcc5936eeaa098f7baea4285 StaticDependenciesID=a1dcb3751ba6d649cbeb093fafaec903 
Importing 'GUID: 28d36502f22c5166b67f677c680c2fc9 - Path: Assets/Resources/World/Characters/QdaoRosterV12/26_osmanthus_healer/walk/SE/06.png' with importer (TextureImporter)
Imported 'GUID: 28d36502f22c5166b67f677c680c2fc9' -> (Import Result ID: 'f0c3b00d85919b90120c04d06a0e57b9') in 0.092 seconds [static and dynamic dependencies]. Details - ImportResultOutputID=3179e52bb0577acf00225d6c93b9ad30 DependenciesID=0b38c104179f1e79c64854d65000d8b3 StaticDependenciesID=1a8a3e1c180f020673418999a4e6e2af 
Importing 'GUID: 38c1bc44a6f7512d9cc7bf7271cf0efd - Path: Assets/Resources/World/Characters/QdaoRosterV12/26_osmanthus_healer/walk/NE/08.png' with importer (TextureImporter)
Imported 'GUID: 38c1bc44a6f7512d9cc7bf7271cf0efd' -> (Import Result ID: 'fc82d8ea0468bb461f35ba373e4ff22e') in 0.106 seconds [static and dynamic dependencies]. Details - ImportResultOutputID=2272fb52fa274200dc51d52f280ac93c DependenciesID=0f3e1f418c6e34d0f664ec08e578934c StaticDependenciesID=cb2104d2c9813081b8399748ff142d6e 
Importing 'GUID: 388225999729562eb42e64fb3749088d - Path: Assets/Resources/World/Characters/QdaoRosterV12/29_he_xiangu/walk/W/01.png' with importer (TextureImporter)
Imported 'GUID: 388225999729562eb42e64fb3749088d' -> (Import Result ID: '73c2245e5b8e7f17d96d38d2cb8b8b87') in 0.073 seconds [static and dynamic dependencies]. Details - ImportResultOutputID=a461227507e95dfd8b98f00c1fb2d2e8 DependenciesID=bd019264d5df9251952e3818462b501b StaticDependenciesID=db13f387598f8005d1a535dd3fbe52c7 
Importing 'GUID: 48888363f7b955789841167102c4958a - Path: Assets/Resources/World/Characters/QdaoRosterV12/30_han_xiangzi/walk/S/02.png' with importer (TextureImporter)
Imported 'GUID: 48888363f7b955789841167102c4958a' -> (Import Result ID: '00fd43c38fb9b59ee908cd921f60cbc6') in 0.073 seconds [static and dynamic dependencies]. Details - ImportResultOutputID=2ed62cb75f1ba32117e5c6a7e3fb206d DependenciesID=772f83cc496af44bb0bb0545c7340047 StaticDependenciesID=71be181b11bd4c18727db32985881779 
Importing 'GUID: 48aff1c64e165a06aec2ccb899bb171b - Path: Assets/Resources/World/Characters/QdaoRosterV12/26_osmanthus_healer/walk/SW/07.png' with importer (TextureImporter)
Imported 'GUID: 48aff1c64e165a06aec2ccb899bb171b' -> (Import Result ID: '5fd7d9319360bf2862a59bf61bd1adf3') in 0.053 seconds [static and dynamic dependencies]. Details - ImportResultOutputID=5ee474f0f8b98963e9be0c6b66ee7882 DependenciesID=da02729b490d7cee4757edb625f4e2e8 StaticDependenciesID=7e20114d6049cd3922e9a547bf2c6bcb 
Importing 'GUID: 582798d6a8235115a4820aad12d9f730 - Path: Assets/Resources/World/Characters/QdaoRosterV12/26_osmanthus_healer/walk/N/04.png' with importer (TextureImporter)
Imported 'GUID: 582798d6a8235115a4820aad12d9f730' -> (Import Result ID: 'a48be96dd7d3e5bd24acdd6dd3f5b48d') in 0.065 seconds [static and dynamic dependencies]. Details - ImportResultOutputID=904d9c2d0ff42cca84d6c9ea4b50952f DependenciesID=347adfcb8864acdc76496416fcba7364 StaticDependenciesID=f1c2e3d16c1bfad16aa6197e7e0bbcad 
Importing 'GUID: 58cb7ffd13c65aa7a0937a8aa7ee9d02 - Path: Assets/Resources/World/Characters/QdaoRosterV12/24_lu_dongbin/walk/SE/08.png' with importer (TextureImporter)
Imported 'GUID: 58cb7ffd13c65aa7a0937a8aa7ee9d02' -> (Import Result ID: '37e6e39abf1b41b056fa7c215c20213c') in 0.064 seconds [static and dynamic dependencies]. Details - ImportResultOutputID=ab89f7241ab7a9aa4f74130e21839250 DependenciesID=a6b759bc4680ecf49ebad4c0c0c40a6e StaticDependenciesID=d7bcd1a4d309ef896798132b83afcde6 
Importing 'GUID: 98f53f0c1ba3522d94d1dcee0b4cb764 - Path: Assets/Resources/World/Characters/QdaoRosterV12/30_han_xiangzi/walk/N/02.png' with importer (TextureImporter)
Imported 'GUID: 98f53f0c1ba3522d94d1dcee0b4cb764' -> (Import Result ID: 'f492cf4ab4862ed360585f7b69a5918a') in 0.066 seconds [static and dynamic dependencies]. Details - ImportResultOutputID=b9465e84fcec2a263138708e10cd724c DependenciesID=f258bce9414e345e91cb24deb71d7f75 StaticDependenciesID=2329bbeb457f150db3604fd4e7615754 
Importing 'GUID: 98bf110ce7335aae8b9c9c73bb9aaa64 - Path: Assets/Resources/World/Characters/QdaoRosterV12/26_osmanthus_healer/walk/W/03.png' with importer (TextureImporter)
Imported 'GUID: 98bf110ce7335aae8b9c9c73bb9aaa64' -> (Import Result ID: '4aaeca58720fa6ee4fee5d06c9ea1841') in 0.086 seconds [static and dynamic dependencies]. Details - ImportResultOutputID=f94d5c03a81ff32d4f8d9901b91f3781 DependenciesID=82586bb7db9cc7309536cf24de34de60 StaticDependenciesID=c11acae4af3da6164490203cb0012567 
Importing 'GUID: b8223e5dae7650cba78065236f966737 - Path: Assets/Resources/World/Characters/QdaoRosterV12/29_he_xiangu/idle/E.png' with importer (TextureImporter)
Imported 'GUID: b8223e5dae7650cba78065236f966737' -> (Import Result ID: 'b6952d047394943be076f46b8c222e08') in 0.061 seconds [static and dynamic dependencies]. Details - ImportResultOutputID=c6400a1191d48617d411d937144466c7 DependenciesID=0a73125df24dcfb736a5e5dcbe0faf19 StaticDependenciesID=eee269f2a0ee9ef6aedd1472720dc12e 
Importing 'GUID: b825161ca72f5a94b739b8d9bca96606 - Path: Assets/Resources/World/Characters/QdaoRosterV12/29_he_xiangu/idle/S.png' with importer (TextureImporter)
Imported 'GUID: b825161ca72f5a94b739b8d9bca96606' -> (Import Result ID: '12fae952e62b520b79d334eab613e392') in 0.056 seconds [static and dynamic dependencies]. Details - ImportResultOutputID=f62e479f45054fe702c67762bf3bf36d DependenciesID=be39e3fc4899a8a09f0524d5e7d9e352 StaticDependenciesID=aeb2e8b1ede65c107f98c7dad937382c 
Importing 'GUID: b8aac173d15c560ba766488703694bd2 - Path: Assets/Resources/World/Characters/QdaoRosterV12/30_han_xiangzi/idle/S.png' with importer (TextureImporter)
Imported 'GUID: b8aac173d15c560ba766488703694bd2' -> (Import Result ID: 'ff027a5ceff32b0ac179b994b02567d6') in 0.074 seconds [static and dynamic dependencies]. Details - ImportResultOutputID=62a4d9c35dfb7a496209354fbef722db DependenciesID=22918e9d07531a49aaa054369b033211 StaticDependenciesID=189e5133b99fc19ff89e882f52e9914c 
Importing 'GUID: b8ec141eaf845bf1bd92218e4683fcef - Path: Assets/Resources/World/Characters/QdaoRosterV12/24_lu_dongbin/walk/NE/strip.png' with importer (TextureImporter)
Imported 'GUID: b8ec141eaf845bf1bd92218e4683fcef' -> (Import Result ID: '6695907582a673605c66553e5ae7d7bb') in 0.187 seconds [static and dynamic dependencies]. Details - ImportResultOutputID=76b6b1e2c5c81f155a8fab4fb0f12585 DependenciesID=225b720fa1cc06d00f11547a7007c382 StaticDependenciesID=adfa193c7059bada05a3a53749c025d8 
Importing 'GUID: f84f7f8576c0f2e47a0df1414bfd63b2 - Path: Assets/Resources/UI/Ugui/TeamV2/portrait_frame.png' with importer (TextureImporter)
Imported 'GUID: f84f7f8576c0f2e47a0df1414bfd63b2' -> (Import Result ID: '7e4ce21a3db3ef9193ed24aa3a236223') in 0.047 seconds [static and dynamic dependencies]. Details - ImportResultOutputID=ee371532e619aa1adb0aadadc1205c1c DependenciesID=4a9fc90cdde8d2ff63b6e0e829186e40 StaticDependenciesID=bd4bcb969c91ce69ae8206174c1bef4b 
Importing 'GUID: 09238b7b54b35ec5a5b94192872bbb44 - Path: Assets/Resources/World/Characters/QdaoRosterV12/29_he_xiangu/walk/NW/strip.png' with importer (TextureImporter)
Imported 'GUID: 09238b7b54b35ec5a5b94192872bbb44' -> (Import Result ID: 'e27e780190201b5694a556617f4eea55') in 0.193 seconds [static and dynamic dependencies]. Details - ImportResultOutputID=e5c19ab8dcd57c2cd2a7d86be31dc33c DependenciesID=b6842e04fc19199de06dbf10eaa0dda7 StaticDependenciesID=0bc32e6aff7afcf5b4d174faf50ae6ee 
Importing 'GUID: 2974e4675e555d6cac1d35a5e1945372 - Path: Assets/Resources/World/Characters/QdaoRosterV12/30_han_xiangzi/walk/S/03.png' with importer (TextureImporter)
Imported 'GUID: 2974e4675e555d6cac1d35a5e1945372' -> (Import Result ID: 'c94b78c4eec25de00d236697c5514ff4') in 0.051 seconds [static and dynamic dependencies]. Details - ImportResultOutputID=4aaa5696e5899a9ef7bd1dceebb46b9f DependenciesID=9ceb7ac532e8dd2be13d5246b8d5a062 StaticDependenciesID=341e786c06b04f3c348e4317799f775d 
Importing 'GUID: 29d9a7d745a15182b5d4d64380f9330e - Path: Assets/Resources/World/Characters/QdaoRosterV12/30_han_xiangzi/walk/NW/08.png' with importer (TextureImporter)
Imported 'GUID: 29d9a7d745a15182b5d4d64380f9330e' -> (Import Result ID: '33d46bf09373af6678ef563c7b9c2740') in 0.064 seconds [static and dynamic dependencies]. Details - ImportResultOutputID=fcbc378e30d6aa4c6bbb951475dbeccf DependenciesID=4520e8578316a47e05e8b6a4ba6e341b StaticDependenciesID=ba28b4430fdfb39715ad8ed990d44d21 
Importing 'GUID: 299c3e637b255302a76f7d48d6653b2b - Path: Assets/Resources/World/Characters/QdaoRosterV12/29_he_xiangu/walk/NW/06.png' with importer (TextureImporter)
Imported 'GUID: 299c3e637b255302a76f7d48d6653b2b' -> (Import Result ID: '07cc7f07580dbfccbd06d031e61bfc92') in 0.061 seconds [static and dynamic dependencies]. Details - ImportResultOutputID=a279db9ff56dfe128146a348b608628e DependenciesID=70f5fa675b91362ec6945879baa687a8 StaticDependenciesID=8fcd7cd48e7b898f87fb1713f381203b 
Importing 'GUID: 59c47c23ff465a5cbebf5ea8535a57f7 - Path: Assets/Resources/World/Characters/QdaoRosterV12/29_he_xiangu/walk/W/06.png' with importer (TextureImporter)
Imported 'GUID: 59c47c23ff465a5cbebf5ea8535a57f7' -> (Import Result ID: '315e72402a73d83749db36d027263530') in 0.058 seconds [static and dynamic dependencies]. Details - ImportResultOutputID=06788d18b806d41aa6bf11f1827c0ddf DependenciesID=d5c415ac0d20de10bae2e84157f61362 StaticDependenciesID=1e9991298b461ce0b419c1e928d54976 
Importing 'GUID: 592e262b08fd5c2cbf5866f0a61cbe8f - Path: Assets/Resources/World/Characters/QdaoRosterV12/30_han_xiangzi/walk/NW/03.png' with importer (TextureImporter)
Imported 'GUID: 592e262b08fd5c2cbf5866f0a61cbe8f' -> (Import Result ID: 'da981dff6f23cc88f2cc40d58f244682') in 0.049 seconds [static and dynamic dependencies]. Details - ImportResultOutputID=3aa01890e6dda3bb4ab97f5c0f333ee6 DependenciesID=cd9b61ae5275ec23bebdfcfe2bf914a5 StaticDependenciesID=6343dce34c5e5e36ac85de33371275b1 
Importing 'GUID: 698eb746677c557d970d977f2aa94c97 - Path: Assets/Resources/World/Characters/QdaoRosterV12/24_lu_dongbin/walk/SE/02.png' with importer (TextureImporter)
Imported 'GUID: 698eb746677c557d970d977f2aa94c97' -> (Import Result ID: 'e0833058352692cfffb648d6ecf63fa6') in 0.086 seconds [static and dynamic dependencies]. Details - ImportResultOutputID=732e7199ca81f9c08f55c5a17c624b53 DependenciesID=9d19aea3dd84ed34c057834e3e30834b StaticDependenciesID=353fdc470ceed60ed3e7e540e6be01c3 
Importing 'GUID: 69de824516755e33b009731b8cee3fab - Path: Assets/Resources/World/Characters/QdaoRosterV12/29_he_xiangu/walk/NE/07.png' with importer (TextureImporter)
Imported 'GUID: 69de824516755e33b009731b8cee3fab' -> (Import Result ID: '44c8e87fc128c6d6c0c9c890ceb265a9') in 0.062 seconds [static and dynamic dependencies]. Details - ImportResultOutputID=a889f0201e985b892f81e3f95a24bb76 DependenciesID=2063dcc0928b740c13fecf09e3e6fcb4 StaticDependenciesID=44c91debb01474cd38c2998909cbc1a3 
Importing 'GUID: 79657144d0645ada9fef31dfcba9e7b3 - Path: Assets/Resources/World/Characters/QdaoRosterV12/30_han_xiangzi/idle/W.png' with importer (TextureImporter)
Imported 'GUID: 79657144d0645ada9fef31dfcba9e7b3' -> (Import Result ID: '8f43d92e486d00c4ab3fbc5273b0fbc1') in 0.067 seconds [static and dynamic dependencies]. Details - ImportResultOutputID=61e0e80f2f7e0356155dfdc0d8e8c716 DependenciesID=13109e35d0eee47fbf9ed179c63fcd6f StaticDependenciesID=8ec392814b4b8255d151cc08736f5ece 
Importing 'GUID: a960707a0031510ba4c2af68f8629f0a - Path: Assets/Resources/World/Characters/QdaoRosterV12/24_lu_dongbin/walk/N/06.png' with importer (TextureImporter)
Imported 'GUID: a960707a0031510ba4c2af68f8629f0a' -> (Import Result ID: '26103437e3bee41dfa4364f4f274fb24') in 0.058 seconds [static and dynamic dependencies]. Details - ImportResultOutputID=a2f53e89230cc7b452a8a77ba3d0083a DependenciesID=31e052de38cdb432ac11c7a635ff8302 StaticDependenciesID=8d549e8d4a80fb71b76e803e54f746ff 
Importing 'GUID: a90f8158afc9add4eaa8b434979368cf - Path: Assets/Resources/UI/Ugui/GuildV2/portrait_frame.png' with importer (TextureImporter)
Imported 'GUID: a90f8158afc9add4eaa8b434979368cf' -> (Import Result ID: 'a701381a2c89d4080ae907f9d97298e3') in 0.026 seconds [static and dynamic dependencies]. Details - ImportResultOutputID=7f891ea2228033b6c04b4c88ec074ffc DependenciesID=cfa1131a023d8d289d4f47eff84a39d6 StaticDependenciesID=70a64358b36390168015f6e578dd6529 
Importing 'GUID: b963a339872c5f229a5fd441f06f0079 - Path: Assets/Resources/World/Characters/QdaoRosterV12/29_he_xiangu/walk/NW/03.png' with importer (TextureImporter)
Imported 'GUID: b963a339872c5f229a5fd441f06f0079' -> (Import Result ID: 'bd72850abff773293a819e8081f2066e') in 0.053 seconds [static and dynamic dependencies]. Details - ImportResultOutputID=3c72b2536d2b21bb5744b09bba91bb0c DependenciesID=cdf25a38bef189f484e5ade088fd6322 StaticDependenciesID=664d72252999a4a7243c7487efd660d9 
Importing 'GUID: b984a036412550cab5bac4bc5595d333 - Path: Assets/Resources/World/Characters/QdaoRosterV12/24_lu_dongbin/walk/SW/03.png' with importer (TextureImporter)
Imported 'GUID: b984a036412550cab5bac4bc5595d333' -> (Import Result ID: '1d45ae269cd10f7f77ddee3e826aa674') in 0.066 seconds [static and dynamic dependencies]. Details - ImportResultOutputID=72584fb73119c3858dfa6d0b49a173a3 DependenciesID=b59979bfb05ebceeee669bf3f575d72a StaticDependenciesID=f469b16e4e8a558d4b494ab0551b290e 
Importing 'GUID: b90664bffbeb5cfdb25b5993a54cacb5 - Path: Assets/Resources/World/Characters/QdaoRosterV12/30_han_xiangzi/walk/E/04.png' with importer (TextureImporter)
Imported 'GUID: b90664bffbeb5cfdb25b5993a54cacb5' -> (Import Result ID: '283b7fcb6e8c02c8b5513a1ddf5418d5') in 0.074 seconds [static and dynamic dependencies]. Details - ImportResultOutputID=40d9b6a55d287e415b1880a449f378d6 DependenciesID=287ab0b05ea63ff8fe0760d9db72d897 StaticDependenciesID=60bb737f03bf52f14594454a6537aad2 
Importing 'GUID: b93e52eab7e457f58b0c814a60efa9e2 - Path: Assets/Resources/World/Characters/QdaoRosterV12/29_he_xiangu/walk/SE/05.png' with importer (TextureImporter)
Imported 'GUID: b93e52eab7e457f58b0c814a60efa9e2' -> (Import Result ID: '028df7cf24c83bbd64860e919360de30') in 0.064 seconds [static and dynamic dependencies]. Details - ImportResultOutputID=5b53e42529cf4aceafa8ceccf40c3a7b DependenciesID=53c4f3fda4d1b700feffb4ac656638a1 StaticDependenciesID=f03c83b167e80b18fd04a69151a9138a 
Importing 'GUID: c96cc9c189845eb29655e7439eff77bc - Path: Assets/Resources/World/Characters/QdaoRosterV12/24_lu_dongbin/walk/SW/02.png' with importer (TextureImporter)
Imported 'GUID: c96cc9c189845eb29655e7439eff77bc' -> (Import Result ID: '60f048232ebbfe19966f53d68dca4c01') in 0.052 seconds [static and dynamic dependencies]. Details - ImportResultOutputID=645e0c1e7e26ef4994ab651da19211e9 DependenciesID=5b116271310d65693a416b39b99bf1ed StaticDependenciesID=a7339b80ed444f9aac8ca074cbf1c9a1 
Importing 'GUID: d9d87786462a5222b60950dd0935b140 - Path: Assets/Resources/World/Characters/QdaoRosterV12/26_osmanthus_healer/walk/SW/02.png' with importer (TextureImporter)
Imported 'GUID: d9d87786462a5222b60950dd0935b140' -> (Import Result ID: '5c71923cbf5d2dd0f8efe4258180fbc8') in 0.063 seconds [static and dynamic dependencies]. Details - ImportResultOutputID=d51a5245db0a37d105a56819d1d50e92 DependenciesID=38f7194795345cf1f02ec3c6dcbcf88d StaticDependenciesID=6ace9981b32ee62e210a3d8c2718b053 
Importing 'GUID: e9828054d59b59efb91824bd9d0f826d - Path: Assets/Resources/World/Characters/QdaoRosterV12/24_lu_dongbin/walk/SE/03.png' with importer (TextureImporter)
Imported 'GUID: e9828054d59b59efb91824bd9d0f826d' -> (Import Result ID: 'c2e4512a5b4dc968c8bec21c7e0ae18b') in 0.066 seconds [static and dynamic dependencies]. Details - ImportResultOutputID=bd93e3816050b40a2f42411d6c00004b DependenciesID=71ee4dd7abe3715fcf70869c832a8860 StaticDependenciesID=a50ee92c7997efbf654200ca8dbc7d72 
Importing 'GUID: e9f2ab60bc3a547b95e6e668ac3f5c13 - Path: Assets/Resources/World/Characters/QdaoRosterV12/24_lu_dongbin/walk/NW/03.png' with importer (TextureImporter)
Imported 'GUID: e9f2ab60bc3a547b95e6e668ac3f5c13' -> (Import Result ID: '13fa22939d180a0dc9b875704b325a79') in 0.117 seconds [static and dynamic dependencies]. Details - ImportResultOutputID=478fa939f55974b0a41c5949a0cc8e2e DependenciesID=46dfe9bde228bda7d2326a948a511878 StaticDependenciesID=290ae602d4af8c8f9ee341aa381ecfe2 
Importing 'GUID: e938d3ad4efa56db942114449bf1fed6 - Path: Assets/Resources/World/Characters/QdaoRosterV12/26_osmanthus_healer/walk/E/02.png' with importer (TextureImporter)
Imported 'GUID: e938d3ad4efa56db942114449bf1fed6' -> (Import Result ID: '14e2a08698150b3037d0ad893818ed5b') in 0.065 seconds [static and dynamic dependencies]. Details - ImportResultOutputID=e2723c5e38b2c26c90897e5f072eba03 DependenciesID=418b0077fb816a9ab3849015856aa519 StaticDependenciesID=f80aa48b5805be6dc4c404206d41c747 
Importing 'GUID: e9a92b8f47805b91b9295d0e2d1d7c3c - Path: Assets/Resources/World/Characters/QdaoRosterV12/30_han_xiangzi/walk/W/06.png' with importer (TextureImporter)
Imported 'GUID: e9a92b8f47805b91b9295d0e2d1d7c3c' -> (Import Result ID: 'd6485a6482ac7c725a1a8d0cbe9b460b') in 0.057 seconds [static and dynamic dependencies]. Details - ImportResultOutputID=593352c15d8337c629973cb62a46ba82 DependenciesID=7c7ad55b75319fc0b4a547979782e643 StaticDependenciesID=41d89fec13e094573c0936c4ade0c1df 
Importing 'GUID: f9e3f3c3aab45907bb838c472cee1509 - Path: Assets/Resources/World/Characters/QdaoRosterV12/30_han_xiangzi/walk/S/05.png' with importer (TextureImporter)
Imported 'GUID: f9e3f3c3aab45907bb838c472cee1509' -> (Import Result ID: 'ffffa96f49571e92aa4fdbbe9f507448') in 0.059 seconds [static and dynamic dependencies]. Details - ImportResultOutputID=1a3beeb46e5347dccbfda36f1e0371ef DependenciesID=b909f476ac48a17db7ae9075442b6610 StaticDependenciesID=3e09b7521960fe1c1ff25d0bad5e0627 
Importing 'GUID: f9553af4fb57535da2871e5420bf2979 - Path: Assets/Resources/World/Characters/QdaoRosterV12/24_lu_dongbin/walk/SE/07.png' with importer (TextureImporter)
Imported 'GUID: f9553af4fb57535da2871e5420bf2979' -> (Import Result ID: '3ace51e2211f0e4603b569d4ddc0cbda') in 0.055 seconds [static and dynamic dependencies]. Details - ImportResultOutputID=dc53989c85a3071d66ab3c389d7b0421 DependenciesID=6ba8199f46e0e709ef404932e5845224 StaticDependenciesID=299425c55cbdb88429d92cce331ea535 
Importing 'GUID: f998516f8e4d52a68411df417ff63163 - Path: Assets/Resources/World/Characters/QdaoRosterV12/29_he_xiangu/walk/S/04.png' with importer (TextureImporter)
Imported 'GUID: f998516f8e4d52a68411df417ff63163' -> (Import Result ID: 'ecadbaf13e064c65e0ffd3fdf4e7472b') in 0.055 seconds [static and dynamic dependencies]. Details - ImportResultOutputID=8694cb77209e3307005e6bc0694f4680 DependenciesID=c1cdf91b9d2ebaa00cbb48407c09c372 StaticDependenciesID=8d597e22c1e84b56388cc692b61d9785 
Importing 'GUID: 1a9ec99376db5a548f74856d4d176726 - Path: Assets/Resources/World/Characters/QdaoRosterV12/30_han_xiangzi/walk/E/08.png' with importer (TextureImporter)
Imported 'GUID: 1a9ec99376db5a548f74856d4d176726' -> (Import Result ID: 'd2dc4f846a86f27d3f21fc22ce32f331') in 0.059 seconds [static and dynamic dependencies]. Details - ImportResultOutputID=89ba66a5998e2772f0fba5a33afd00ef DependenciesID=6d4d53ae067ddb2da50ebac6846f6bab StaticDependenciesID=7e3eea395121ee1004bf86735360625b 
Importing 'GUID: 2a4e1a33bc4541d685e593b24fd54354 - Path: Assets/Resources/UI/Ugui/GuildV2/stat_field.png' with importer (TextureImporter)
Imported 'GUID: 2a4e1a33bc4541d685e593b24fd54354' -> (Import Result ID: '210d411f4a84ab81d43b9f63d18635d2') in 0.036 seconds [static and dynamic dependencies]. Details - ImportResultOutputID=ef53f47fcb89b46c5a975776d613572b DependenciesID=5dd79c3687a87030fda0669ec6d5b88e StaticDependenciesID=71560744a0a6997dc01f4a13e02f6e60 
Importing 'GUID: 3ae07b06d64a55f4ba15d0c3d54f1c49 - Path: Assets/Resources/World/Characters/QdaoRosterV12/30_han_xiangzi/walk/NE/07.png' with importer (TextureImporter)
Imported 'GUID: 3ae07b06d64a55f4ba15d0c3d54f1c49' -> (Import Result ID: '161a88f61881ae56d8b38722630270e8') in 0.046 seconds [static and dynamic dependencies]. Details - ImportResultOutputID=6adeec1b8a2bf36997117e6fa240c4d0 DependenciesID=348313fa20e1e4a882272f954ec44f69 StaticDependenciesID=99cd3231722b43707288b7c5e529a561 
Importing 'GUID: 3ab1b3fc52875971a37e59494bb16a96 - Path: Assets/Resources/World/Characters/QdaoRosterV12/29_he_xiangu/walk/W/strip.png' with importer (TextureImporter)
Imported 'GUID: 3ab1b3fc52875971a37e59494bb16a96' -> (Import Result ID: '3c3dc68cf072399aa10992cdf6a6a659') in 0.253 seconds [static and dynamic dependencies]. Details - ImportResultOutputID=688d9e2c2746fe91436410ac64627e9f DependenciesID=70060c00be8599beab6248e9aee9c641 StaticDependenciesID=a812013ed2898fcba67efd5df6898797 
Importing 'GUID: 5a75f2c1887577b4bbb7ba097246eb49 - Path: Assets/Resources/UI/Ugui/TeamV2/section_plate.png' with importer (TextureImporter)
Imported 'GUID: 5a75f2c1887577b4bbb7ba097246eb49' -> (Import Result ID: '8b198cf1bd5c408b7f8bd5ab7fa4ef29') in 0.060 seconds [static and dynamic dependencies]. Details - ImportResultOutputID=ed2016956b641637a307d47bf4188a3a DependenciesID=003a998c09faaf2765db61b509b2f2b0 StaticDependenciesID=2f71c3beffca1936452086463b2993cd 
Importing 'GUID: 6af0218828f1571c81defebdbf48967e - Path: Assets/Resources/World/Characters/QdaoRosterV12/30_han_xiangzi/walk/W/03.png' with importer (TextureImporter)
Imported 'GUID: 6af0218828f1571c81defebdbf48967e' -> (Import Result ID: '893b82dde2bbae0e30acd68fd2ea9269') in 0.063 seconds [static and dynamic dependencies]. Details - ImportResultOutputID=1887148c752550b9465cd86131898a8a DependenciesID=a3e4d8106d3c0643881492a4eb4f911c StaticDependenciesID=7e7b7765cc21ff51c922eaa479973640 
Importing 'GUID: 6adab377b4a4c014fb14cf888f0c5ca1 - Path: Assets/Resources/UI/Ugui/GuildV2/round_badge_pagoda.png' with importer (TextureImporter)
Imported 'GUID: 6adab377b4a4c014fb14cf888f0c5ca1' -> (Import Result ID: '0fc8cf689c977122d47a793dc3f72b00') in 0.031 seconds [static and dynamic dependencies]. Details - ImportResultOutputID=de926c099802d261ed3393456bb78d4a DependenciesID=deddd70f44826b592d9c7df9b8fb0689 StaticDependenciesID=b7b4f2965e1cb7b32c8d4e03a13bdf03 
Importing 'GUID: 6a3d348b1e37576f9b8f341ff1d1f5e2 - Path: Assets/Resources/World/Characters/QdaoRosterV12/26_osmanthus_healer/walk/NE/03.png' with importer (TextureImporter)
Imported 'GUID: 6a3d348b1e37576f9b8f341ff1d1f5e2' -> (Import Result ID: '5b0da8e81660f6cce9d0eefca9b8d05e') in 0.055 seconds [static and dynamic dependencies]. Details - ImportResultOutputID=95b32355b3040dfed347686e8078f6e4 DependenciesID=5fba551ee586559a7b0397b27e74d1d8 StaticDependenciesID=7737065fb6984e16579978334bd7363d 
Importing 'GUID: 7a9b7baa6f655726bd386292f4c6e3ea - Path: Assets/Resources/World/Characters/QdaoRosterV12/26_osmanthus_healer/walk/N/06.png' with importer (TextureImporter)
Imported 'GUID: 7a9b7baa6f655726bd386292f4c6e3ea' -> (Import Result ID: '8e08b0334006a5db27bbd48a5c59beaa') in 0.061 seconds [static and dynamic dependencies]. Details - ImportResultOutputID=7c5affdf1f05316a9ce6495928058b7c DependenciesID=bbce0b8e65db7e38c14457505c40ef07 StaticDependenciesID=400071e93a3e61f9bf5b08a14de93bb6 
Importing 'GUID: 8a79930abf2d5f5c9e7e8e25acf2ea26 - Path: Assets/Resources/World/Characters/QdaoRosterV12/26_osmanthus_healer/walk/E/07.png' with importer (TextureImporter)
Imported 'GUID: 8a79930abf2d5f5c9e7e8e25acf2ea26' -> (Import Result ID: '472e856426d00222258fffed9aa97b0d') in 0.061 seconds [static and dynamic dependencies]. Details - ImportResultOutputID=e58fa5777ddc292020003a26de20bea1 DependenciesID=c414560836febfce1c96107cecdd240d StaticDependenciesID=a68eec4348e2591c77c467c3a309bb01 
Importing 'GUID: 9a11178ec3b35ec5a85e0841e1ec4bbf - Path: Assets/Resources/World/Characters/QdaoRosterV12/29_he_xiangu/walk/SW/strip.png' with importer (TextureImporter)
Imported 'GUID: 9a11178ec3b35ec5a85e0841e1ec4bbf' -> (Import Result ID: '93b4bdc8cb2b4bad546f2305b6f8aa0c') in 0.300 seconds [static and dynamic dependencies]. Details - ImportResultOutputID=0e82c8d942fe6759485bff340fdc41ac DependenciesID=15d46895707d53316e174d4c0e661e15 StaticDependenciesID=9f20add7d44043cf248c3ae1bc99d986 
Importing 'GUID: 9a25835a57a3527d84b52eae23652d31 - Path: Assets/Resources/World/Characters/QdaoRosterV12/30_han_xiangzi/walk/NE/08.png' with importer (TextureImporter)
Imported 'GUID: 9a25835a57a3527d84b52eae23652d31' -> (Import Result ID: '34cd3e92740eab5f825c0dade823d3d7') in 0.095 seconds [static and dynamic dependencies]. Details - ImportResultOutputID=68e4e25ebaa380fb585c5609ee09acd6 DependenciesID=86179dae41e1637ca67ce8b5ec5939c7 StaticDependenciesID=5729829ef55b509672a14a4f6aa5dfe7 
Importing 'GUID: 9ad8aaf5e62f5627815f3aedd1469fed - Path: Assets/Resources/World/Characters/QdaoRosterV12/30_han_xiangzi/walk/N/06.png' with importer (TextureImporter)
Imported 'GUID: 9ad8aaf5e62f5627815f3aedd1469fed' -> (Import Result ID: '88a96db7c4ea3635581b9557389329cb') in 0.075 seconds [static and dynamic dependencies]. Details - ImportResultOutputID=fc2b15940166d297ba2a51d82a8abc2e DependenciesID=4fe2e00970f4612647909d5750d384b6 StaticDependenciesID=511856967589c4b8fc6235ec3141f2e0 
Importing 'GUID: ba848b5d09e95f838c66d7fbc8b02653 - Path: Assets/Resources/World/Characters/QdaoRosterV12/30_han_xiangzi/walk/W/strip.png' with importer (TextureImporter)
Imported 'GUID: ba848b5d09e95f838c66d7fbc8b02653' -> (Import Result ID: '5ab13e6b5112233ae59a390449dc167b') in 0.314 seconds [static and dynamic dependencies]. Details - ImportResultOutputID=323aa8a268c677746c960e14b5b88495 DependenciesID=cf8011880624a010ffbfc384222cedb1 StaticDependenciesID=d8caf582b2824ed2ab9ac5e0e5c7af1a 
Importing 'GUID: baccd7ea2aba8e540a36248612006135 - Path: Assets/Resources/UI/Ugui/GuildV2/close_tassel.png' with importer (TextureImporter)
Imported 'GUID: baccd7ea2aba8e540a36248612006135' -> (Import Result ID: '29fb50fb26e6cd6bc5aa65fc7d4fad90') in 0.075 seconds [static and dynamic dependencies]. Details - ImportResultOutputID=0271e1ccbddf91d6247142a874f1f09c DependenciesID=8705590e35fd97a3a36da2df7b34cfaa StaticDependenciesID=c7c3270057f7f78a375e29877fd07200 
Importing 'GUID: ca05d19ccbef83b40a1632427e65f561 - Path: Assets/Resources/UI/Ugui/GuildV2/round_badge_lotus.png' with importer (TextureImporter)
Imported 'GUID: ca05d19ccbef83b40a1632427e65f561' -> (Import Result ID: '6b21aa97b2fe99daed0e212b16b25098') in 0.038 seconds [static and dynamic dependencies]. Details - ImportResultOutputID=964562c1d085708d5540a5e76ebf2cbc DependenciesID=4d37f97d50ca337d4a0e953783147af1 StaticDependenciesID=03e8fe57b6fa98de37124cb2497b89a0 
Importing 'GUID: cacb514e06385906b56e800d9b3af04e - Path: Assets/Resources/World/Characters/QdaoRosterV12/29_he_xiangu/idle/SW.png' with importer (TextureImporter)
Imported 'GUID: cacb514e06385906b56e800d9b3af04e' -> (Import Result ID: '2d85a9764fa3b6b1dd82b04b134f1e47') in 0.062 seconds [static and dynamic dependencies]. Details - ImportResultOutputID=6f9b478dfa6f24e5c61077bcc5f8a756 DependenciesID=1fb5a8ee851b46bf128d6905b3d925dd StaticDependenciesID=37b292e9ee2f36dc41725581c7833f7b 
Importing 'GUID: caef98f8f7be529f8fe7ef9337841f81 - Path: Assets/Resources/World/Characters/QdaoRosterV12/26_osmanthus_healer/walk/NW/strip.png' with importer (TextureImporter)
Imported 'GUID: caef98f8f7be529f8fe7ef9337841f81' -> (Import Result ID: '963dfc8000875cf069d0cd6bee0aaf7c') in 0.218 seconds [static and dynamic dependencies]. Details - ImportResultOutputID=2c798f8cd2a20d0fc35ec534600cab40 DependenciesID=4af5bfd25bd7ddfdf8bdf358817883e3 StaticDependenciesID=c4a37148096fcf67c57d77babb67b3cd 
Importing 'GUID: eaa2fa88ef0c59819748137ed40e5660 - Path: Assets/Resources/World/Characters/QdaoRosterV12/24_lu_dongbin/idle/N.png' with importer (TextureImporter)
Imported 'GUID: eaa2fa88ef0c59819748137ed40e5660' -> (Import Result ID: '9074883f44174f1256c9b89ba119eb9b') in 0.092 seconds [static and dynamic dependencies]. Details - ImportResultOutputID=0e46fba8b88134cbf4d081725b3f4ffd DependenciesID=58b3414e8457f3bb0bdfb4fad695487b StaticDependenciesID=8af12ec2dacceb6903e80014c9fe5644 
Importing 'GUID: fac0c4190f345324a0c8ae8a3c2273a1 - Path: Assets/Resources/World/Characters/QdaoRosterV12/24_lu_dongbin/walk/W/04.png' with importer (TextureImporter)
Imported 'GUID: fac0c4190f345324a0c8ae8a3c2273a1' -> (Import Result ID: 'd8ebb31286ebaac0fa8033361cee7e89') in 0.058 seconds [static and dynamic dependencies]. Details - ImportResultOutputID=3e56d68c10cf0631da4c417d4f71e5ff DependenciesID=92a7f9cb3b3a17a0b0d4327b1ee4df42 StaticDependenciesID=f3edc1bb1f1bc5b484270338c0e12442 
Importing 'GUID: fa4a254a33055cfc87d922a10b45bf6b - Path: Assets/Resources/World/Characters/QdaoRosterV12/24_lu_dongbin/walk/NE/04.png' with importer (TextureImporter)
Imported 'GUID: fa4a254a33055cfc87d922a10b45bf6b' -> (Import Result ID: 'c53345290dc6b16fd885e8947b2a7b76') in 0.058 seconds [static and dynamic dependencies]. Details - ImportResultOutputID=4df640e8d40ce56b9f60e2eea9c7b2cd DependenciesID=ec24a309dcca81bf72596bb1e9c6fc6a StaticDependenciesID=f88b262e1dfb6bbc97b1fa5496846804 
Importing 'GUID: 0b4ab9ad303054efa4666f5fb803cbfb - Path: Assets/Resources/World/Characters/QdaoRosterV12/29_he_xiangu/walk/N/03.png' with importer (TextureImporter)
Imported 'GUID: 0b4ab9ad303054efa4666f5fb803cbfb' -> (Import Result ID: '713540946d9515b404f4d710874a4b72') in 0.067 seconds [static and dynamic dependencies]. Details - ImportResultOutputID=8c868ba326ebc6c2f7f43ac4e4a8cb79 DependenciesID=c6a60b065499ce2dd167b81188762922 StaticDependenciesID=ffe9e7aae17e554a6033d8ba6cdd3d3f 
Importing 'GUID: 1b069ee69ca542c791a3180244c260c2 - Path: Assets/Resources/UI/Ugui/GuildV2/lantern.png' with importer (TextureImporter)
Imported 'GUID: 1b069ee69ca542c791a3180244c260c2' -> (Import Result ID: '4131270b369bca53cbce229728ec2d14') in 0.053 seconds [static and dynamic dependencies]. Details - ImportResultOutputID=a84f31f72638362be9ca2bb7b99accf5 DependenciesID=95831a3874a5615113de11213d1caff0 StaticDependenciesID=29469eca84bc13350a70dcdbe84877fb 
Importing 'GUID: 3b5d090afdaa52b599a4b5828547d9d9 - Path: Assets/Resources/World/Characters/QdaoRosterV12/30_han_xiangzi/walk/SW/07.png' with importer (TextureImporter)
Imported 'GUID: 3b5d090afdaa52b599a4b5828547d9d9' -> (Import Result ID: '01c694686a72ad973399cb91b6cb119d') in 0.067 seconds [static and dynamic dependencies]. Details - ImportResultOutputID=77f30f89f999632b5fec3a368fc40633 DependenciesID=059106dec946d0f06263011d273f6c1d StaticDependenciesID=3512dc4bd0f4fb2ee3e39e509e545058 
Importing 'GUID: 7bf21f51270f5d0c8adf014806cfba38 - Path: Assets/Resources/World/Characters/QdaoRosterV12/24_lu_dongbin/idle/E.png' with importer (TextureImporter)
Imported 'GUID: 7bf21f51270f5d0c8adf014806cfba38' -> (Import Result ID: 'b04e972b2103980158660b2e13a96d7f') in 0.062 seconds [static and dynamic dependencies]. Details - ImportResultOutputID=2f6c141061fe1e20e5d72a3739f9e9d1 DependenciesID=32ef156396cab5e45757ef74df2069b5 StaticDependenciesID=5b49919f49923d5c94f3dcfb692efa55 
Importing 'GUID: 7b04c773228259f0bf1391d175a2087c - Path: Assets/Resources/World/Characters/QdaoRosterV12/24_lu_dongbin/walk/NW/06.png' with importer (TextureImporter)
Imported 'GUID: 7b04c773228259f0bf1391d175a2087c' -> (Import Result ID: '1980c44a0fbda8345d83aa7d9bb93451') in 0.061 seconds [static and dynamic dependencies]. Details - ImportResultOutputID=3fe5486731636f5fac565a0892a4e792 DependenciesID=8aca45b36e6dc584e39c263c9eb53ecd StaticDependenciesID=c0eebc4e0da37fefa45d66e2bbfc3fec 
Importing 'GUID: 8b8c6087d5515e1bb5475bbe1acc3da1 - Path: Assets/Resources/World/Characters/QdaoRosterV12/29_he_xiangu/walk/NE/strip.png' with importer (TextureImporter)
Imported 'GUID: 8b8c6087d5515e1bb5475bbe1acc3da1' -> (Import Result ID: '05197a8db676ce81be2a44231078a960') in 0.284 seconds [static and dynamic dependencies]. Details - ImportResultOutputID=1e84f926a5b8f6a46be0df17cc4ef14e DependenciesID=8abcb92c869c2529f86beb30fe1a5b68 StaticDependenciesID=2cafcac7ce73a6dffa2f9a5669a5fbb6 
Importing 'GUID: abff327a47691ca4e8fe2fc8045fbabc - Path: Assets/Resources/UI/Ugui/TeamV2/application_card.png' with importer (TextureImporter)
Imported 'GUID: abff327a47691ca4e8fe2fc8045fbabc' -> (Import Result ID: 'cfe9dd4d8c07cfedd4b12977a01ee033') in 0.080 seconds [static and dynamic dependencies]. Details - ImportResultOutputID=a84d887cf25b042149aa3ee1ae27b662 DependenciesID=f714a6de6d93da9de7c5043f8909dfa4 StaticDependenciesID=fe86bbdda7d89ca566e6419c02368e83 
Importing 'GUID: bbe370f27a575a9c971b5c6f39664a9b - Path: Assets/Resources/World/Characters/QdaoRosterV12/26_osmanthus_healer/walk/NW/06.png' with importer (TextureImporter)
Imported 'GUID: bbe370f27a575a9c971b5c6f39664a9b' -> (Import Result ID: 'ff7e75ae881c12051a8c6a54120d1805') in 0.079 seconds [static and dynamic dependencies]. Details - ImportResultOutputID=ff1d964152687f7e941a479a765b658c DependenciesID=fe8033d0a83227711d2e4feb98444e6d StaticDependenciesID=3ea960871a79f31631b05f7cf47e7827 
Importing 'GUID: bb56eabc030d52a0870c524fccc934c7 - Path: Assets/Resources/World/Characters/QdaoRosterV12/26_osmanthus_healer/walk/N/08.png' with importer (TextureImporter)
Imported 'GUID: bb56eabc030d52a0870c524fccc934c7' -> (Import Result ID: '4848eec9cdd9472ad386eaeb39cf2512') in 0.052 seconds [static and dynamic dependencies]. Details - ImportResultOutputID=9bae013d029e37d9cd85bfdf8fd6e380 DependenciesID=0dbb0fca9c3803931b8f689a38242f77 StaticDependenciesID=72925de8de3e3556d6fc8769ed75ae01 
Importing 'GUID: db585a9aa1815e2a971f8d1f0662e31a - Path: Assets/Resources/World/Characters/QdaoRosterV12/26_osmanthus_healer/walk/SE/05.png' with importer (TextureImporter)
Imported 'GUID: db585a9aa1815e2a971f8d1f0662e31a' -> (Import Result ID: '8ad899b7e3ee15b00bd071514f277f52') in 0.129 seconds [static and dynamic dependencies]. Details - ImportResultOutputID=e578319dce9966485023f09d519169f5 DependenciesID=9656fffa8a736b39bec1939b5764f745 StaticDependenciesID=94f0b1256511d4132d25fbc18a26ef14 
Importing 'GUID: ebef8c0617a3547bb7ecec97461721d4 - Path: Assets/Resources/World/Characters/QdaoRosterV12/24_lu_dongbin/walk/SE/04.png' with importer (TextureImporter)
Imported 'GUID: ebef8c0617a3547bb7ecec97461721d4' -> (Import Result ID: 'bea6b8e1844fe09b206e4dbbece84e59') in 0.074 seconds [static and dynamic dependencies]. Details - ImportResultOutputID=a28a3e02df0a9da36ed36ec390e00291 DependenciesID=0a0b5b490cec980e03c8403670d59960 StaticDependenciesID=95aced377f84293aab12e58e3c39da94 
Importing 'GUID: fbd4e6413baf5d12b64c5bfbb458d527 - Path: Assets/Resources/World/Characters/QdaoRosterV12/26_osmanthus_healer/idle/NE.png' with importer (TextureImporter)
Imported 'GUID: fbd4e6413baf5d12b64c5bfbb458d527' -> (Import Result ID: 'eb011e760f76827b0fbe75137b16d206') in 0.110 seconds [static and dynamic dependencies]. Details - ImportResultOutputID=32e48b053a40fec193a41ad93e064b29 DependenciesID=8bcf8b9e98534fcaa624cad38bb5e806 StaticDependenciesID=d06d297ad51cf5b8837d837201c7171c 
Importing 'GUID: fbff4ee35fe640e3927187840ad05747 - Path: Assets/Resources/UI/Ugui/GuildV2/furnace.png' with importer (TextureImporter)
Imported 'GUID: fbff4ee35fe640e3927187840ad05747' -> (Import Result ID: '92bc8fcd3b075438cf3c689a452c1276') in 0.043 seconds [static and dynamic dependencies]. Details - ImportResultOutputID=dc24c7780106ae7ead940c9a2f927c98 DependenciesID=12691f39aee4d65ef35cbc80fa532baa StaticDependenciesID=cac610c5ea81b74c9b0e61e2112e3d71 
Importing 'GUID: 0c5bf6c4806d471c954f777bd25859fb - Path: Assets/Resources/UI/Ugui/GuildV2/crest.png' with importer (TextureImporter)
Imported 'GUID: 0c5bf6c4806d471c954f777bd25859fb' -> (Import Result ID: 'f4dd17012524a35b0b60f0cf99e0a5b2') in 0.051 seconds [static and dynamic dependencies]. Details - ImportResultOutputID=a95d5adac6fbc710c9884a6fe353bcd4 DependenciesID=ba0a91a5c955f77dfda6ff18fe78c89b StaticDependenciesID=15b0e9053214dc0a6e15844b514bfa01 
Importing 'GUID: 1c43ff0f4413541995a41dbbdf1e6df9 - Path: Assets/Resources/World/Characters/QdaoRosterV12/26_osmanthus_healer/walk/SE/08.png' with importer (TextureImporter)
Imported 'GUID: 1c43ff0f4413541995a41dbbdf1e6df9' -> (Import Result ID: '93cc6ddd9a2b2390b720604f74a24436') in 0.094 seconds [static and dynamic dependencies]. Details - ImportResultOutputID=4c50277d53250061da780ba11f30a0ab DependenciesID=b951b0ae94b0a7ab91b4268960f35c2c StaticDependenciesID=b0eed92d81991635c3c038000814be84 
Importing 'GUID: 1c9551d7241f5ab7bc0af83ac94bc99e - Path: Assets/Resources/World/Characters/QdaoRosterV12/30_han_xiangzi/walk/SE/07.png' with importer (TextureImporter)
Imported 'GUID: 1c9551d7241f5ab7bc0af83ac94bc99e' -> (Import Result ID: 'df1830ed9e0ad054e7c4c11839ddbf53') in 0.064 seconds [static and dynamic dependencies]. Details - ImportResultOutputID=f3a4148174be138ddf55a1a19b88db52 DependenciesID=20def41907d6159548c8a7fbb07c2608 StaticDependenciesID=fc500e5519efca6079bf97b0a59df94b 
Importing 'GUID: 1ca77cd26465579f83fc1f7b006dc116 - Path: Assets/Resources/World/Characters/QdaoRosterV12/26_osmanthus_healer/walk/SW/01.png' with importer (TextureImporter)
Imported 'GUID: 1ca77cd26465579f83fc1f7b006dc116' -> (Import Result ID: '37780d433c825e51dff3ee4a2626c385') in 0.062 seconds [static and dynamic dependencies]. Details - ImportResultOutputID=3f9371055bea10ca17cd800f66231478 DependenciesID=ad1498a1982a8066312b2feca48dda03 StaticDependenciesID=61add4c9ba740199b4c52dc86061546d 
Importing 'GUID: 2c077af2d2ca52fea10d3c2b84b36e75 - Path: Assets/Resources/World/Characters/QdaoRosterV12/24_lu_dongbin/walk/NW/strip.png' with importer (TextureImporter)
Imported 'GUID: 2c077af2d2ca52fea10d3c2b84b36e75' -> (Import Result ID: '3b75f01cc1c50409ad14771cb649a91e') in 0.361 seconds [static and dynamic dependencies]. Details - ImportResultOutputID=b11356c0e6cf024b5f3bc818489595de DependenciesID=a25143891af7fac302bed9748868054d StaticDependenciesID=a37468f02d37e708b814f6208770e580 
Importing 'GUID: 2c3ade2312fd569a94b0a01679b14258 - Path: Assets/Resources/World/Characters/QdaoRosterV12/29_he_xiangu/walk/NW/01.png' with importer (TextureImporter)
Imported 'GUID: 2c3ade2312fd569a94b0a01679b14258' -> (Import Result ID: '36e65a3be417f6bc667e30d86d57a32f') in 0.090 seconds [static and dynamic dependencies]. Details - ImportResultOutputID=310f43b2976c2b7d4041bdd8c85cbc39 DependenciesID=5e1411c0c8a350b8b9c2a0836a2a1a5b StaticDependenciesID=cc9410971781bee3fc3da4cfa222a070 
Importing 'GUID: 3c42c26b542955068b9310a9c7deb2db - Path: Assets/Resources/World/Characters/QdaoRosterV12/29_he_xiangu/walk/SE/07.png' with importer (TextureImporter)
Imported 'GUID: 3c42c26b542955068b9310a9c7deb2db' -> (Import Result ID: '7c54e8277326a7a5d073457744004f9a') in 0.110 seconds [static and dynamic dependencies]. Details - ImportResultOutputID=333bea4ace2d9c047da929e27b71613d DependenciesID=7bf178257e1fa988427e915838e2fffb StaticDependenciesID=1573b484ffd30787802b13176293100e 
Importing 'GUID: 4c395d64532c593aadbe63aa90ef262f - Path: Assets/Resources/World/Characters/QdaoRosterV12/30_han_xiangzi/walk/SE/01.png' with importer (TextureImporter)
Imported 'GUID: 4c395d64532c593aadbe63aa90ef262f' -> (Import Result ID: '07dfe2ceff22d45fd1eb33c47e52e88a') in 0.063 seconds [static and dynamic dependencies]. Details - ImportResultOutputID=b7796f5eb4d865cf48abc8cddb69b293 DependenciesID=6748cdd4dde8ef033f1fbdfa49be898b StaticDependenciesID=f79e5aeed2ee2c6c14ff1d1299a39354 
Importing 'GUID: 4cbf61f235c25652981144de4c0c0489 - Path: Assets/Resources/World/Characters/QdaoRosterV12/26_osmanthus_healer/walk/NW/08.png' with importer (TextureImporter)
Imported 'GUID: 4cbf61f235c25652981144de4c0c0489' -> (Import Result ID: '223726b334a307ab0889a3975f50dfab') in 0.110 seconds [static and dynamic dependencies]. Details - ImportResultOutputID=702275fed515145e09831cb528244d71 DependenciesID=3144fda7d9936beacdeb04b4799c609d StaticDependenciesID=dbe9a719f85896cd8f613df14433fee7 
Importing 'GUID: 6c7a3a0cc1ff5b168e1d39d26d225a8d - Path: Assets/Resources/World/Characters/QdaoRosterV12/30_han_xiangzi/walk/S/06.png' with importer (TextureImporter)
Imported 'GUID: 6c7a3a0cc1ff5b168e1d39d26d225a8d' -> (Import Result ID: '14e457eaf0930aff1d7eeb0154fd9ca9') in 0.077 seconds [static and dynamic dependencies]. Details - ImportResultOutputID=b5dddadad52d0385da738cf24d5d7009 DependenciesID=0f405462e76204b0e2110c7385a59ae2 StaticDependenciesID=6808b644324313f4e7a9c3cef5a33f9e 
Importing 'GUID: 7ca78ea267a759d487f60aa00e140350 - Path: Assets/Resources/World/Characters/QdaoRosterV12/26_osmanthus_healer/walk/SW/06.png' with importer (TextureImporter)
Imported 'GUID: 7ca78ea267a759d487f60aa00e140350' -> (Import Result ID: 'ea5e553d7ef317a88a51d7f62a3d590e') in 0.089 seconds [static and dynamic dependencies]. Details - ImportResultOutputID=9608c6da3216c2197e333337ca046209 DependenciesID=2e7cf999690b7b5e9673a6255a5a8954 StaticDependenciesID=35180162718b1766e2975deea849ebc1 
Importing 'GUID: 7c899724dfe445a69cb0725b997c760d - Path: Assets/Resources/UI/Ugui/GuildV2/sword.png' with importer (TextureImporter)
Imported 'GUID: 7c899724dfe445a69cb0725b997c760d' -> (Import Result ID: 'f93251d8ea16f73cc6041a9f3b16b830') in 0.031 seconds [static and dynamic dependencies]. Details - ImportResultOutputID=7dddb20ca94dcef80fd9d7b166ce707c DependenciesID=63d5abe7e2d1c06ca382269d60b0339a StaticDependenciesID=9c51173bb66a81c5d2fd7b9f8ec88cdc 
Importing 'GUID: 8cff94e3add2512d9a3c23e108170fd5 - Path: Assets/Resources/World/Characters/QdaoRosterV12/24_lu_dongbin/walk/S/04.png' with importer (TextureImporter)
Imported 'GUID: 8cff94e3add2512d9a3c23e108170fd5' -> (Import Result ID: '59bb4e6d28ea6f815925bc19d1a999e6') in 0.100 seconds [static and dynamic dependencies]. Details - ImportResultOutputID=c6eccdca448a24545930d7a986dac8de DependenciesID=b83a8abfdbc1fad87d787015866c4357 StaticDependenciesID=10276781276729f8a381a641474a32ea 
Importing 'GUID: bc510c77712f565db26d4fe0fec25a20 - Path: Assets/Resources/World/Characters/QdaoRosterV12/29_he_xiangu/walk/E/strip.png' with importer (TextureImporter)
Imported 'GUID: bc510c77712f565db26d4fe0fec25a20' -> (Import Result ID: '5f6524f4fa0a24c964ce63967dacb8e8') in 0.284 seconds [static and dynamic dependencies]. Details - ImportResultOutputID=6ca41939e8e1e2fdc1f234b875f1d441 DependenciesID=0c822fc57f2c2a86f2d3475ab4b87543 StaticDependenciesID=6b6fa8a95784de3f5b6735cea4695851 
Importing 'GUID: bc4669a01fab5072a45b12a0885155ba - Path: Assets/Resources/World/Characters/QdaoRosterV12/30_han_xiangzi/walk/NE/01.png' with importer (TextureImporter)
Imported 'GUID: bc4669a01fab5072a45b12a0885155ba' -> (Import Result ID: 'c6934ecea9834da461b7ca028732c454') in 0.061 seconds [static and dynamic dependencies]. Details - ImportResultOutputID=5b860f5e25311a2ca4171142471a1280 DependenciesID=f1c5cff7d4bea88c2ae4f30c0a2a39cb StaticDependenciesID=569e587fb0e1779e8236c9efe4821e32 
Importing 'GUID: bceea2a9c15851b7a0fa6fde93914abd - Path: Assets/Resources/World/Characters/QdaoRosterV12/24_lu_dongbin/walk/NW/05.png' with importer (TextureImporter)
Imported 'GUID: bceea2a9c15851b7a0fa6fde93914abd' -> (Import Result ID: '1e3faab926d771e0c496253c342ac574') in 0.056 seconds [static and dynamic dependencies]. Details - ImportResultOutputID=2818ae2209f9c9a1acfecac24a0c5b3c DependenciesID=b9969aeb69fa4eb92b587bb4ac0eeb89 StaticDependenciesID=c0c9da05268673e29b48ebabbdb9c4f6 
Importing 'GUID: cc03451b19d25b1d900b271fe4a94eee - Path: Assets/Resources/World/Characters/QdaoRosterV12/29_he_xiangu/walk/SE/03.png' with importer (TextureImporter)
Imported 'GUID: cc03451b19d25b1d900b271fe4a94eee' -> (Import Result ID: '49c9c9f15370ada35fa00966af03fb1b') in 0.073 seconds [static and dynamic dependencies]. Details - ImportResultOutputID=9c362a7877162b53fe801b8f376af617 DependenciesID=c7b100dc0f75923c466eb59051efdb32 StaticDependenciesID=04081f44878131f0183e3e0ab9b8a3c7 
Importing 'GUID: cc036811c87b537e946b21c0e7150a02 - Path: Assets/Resources/World/Characters/QdaoRosterV12/29_he_xiangu/walk/SW/01.png' with importer (TextureImporter)
Imported 'GUID: cc036811c87b537e946b21c0e7150a02' -> (Import Result ID: '3fbbec5d21a97a254e1cd6696b4366ff') in 0.052 seconds [static and dynamic dependencies]. Details - ImportResultOutputID=44944e382c7e8a54de6daa531c712af1 DependenciesID=63aca569f02c3e15d20db4225f8675f4 StaticDependenciesID=dcf9ac5b2dcdb059aa1101b97e4ed10e 
Importing 'GUID: ccd75030ae5254d58a1b566218069b92 - Path: Assets/Resources/World/Characters/QdaoRosterV12/30_han_xiangzi/walk/NW/06.png' with importer (TextureImporter)
Imported 'GUID: ccd75030ae5254d58a1b566218069b92' -> (Import Result ID: 'bbbae2e1faeb6b6ab27683ba516325f5') in 0.063 seconds [static and dynamic dependencies]. Details - ImportResultOutputID=c1ae4af96ec739458636f08e6a3b4cac DependenciesID=839943063510258fca6fff7b0f7d51da StaticDependenciesID=9660d7d4dbc93a263150f5a1c70e9faa 
Importing 'GUID: ccff56cb0aaf500dbc8cda6e92034267 - Path: Assets/Resources/World/Characters/QdaoRosterV12/29_he_xiangu/walk/NW/05.png' with importer (TextureImporter)
Imported 'GUID: ccff56cb0aaf500dbc8cda6e92034267' -> (Import Result ID: '3235330e3c9672d29738947dc131ac68') in 0.100 seconds [static and dynamic dependencies]. Details - ImportResultOutputID=95ce801778973588ba88761b02b81212 DependenciesID=4868640393ddd340ac5f5d3867eee338 StaticDependenciesID=e14d12d4637a361438440ada3dda9ded 
Importing 'GUID: dcea914c726e520697a4f0365fbc2562 - Path: Assets/Resources/World/Characters/QdaoRosterV12/24_lu_dongbin/walk/N/02.png' with importer (TextureImporter)
Imported 'GUID: dcea914c726e520697a4f0365fbc2562' -> (Import Result ID: '4c1ff6e8f1ade2f3b9dc07d1605fccaa') in 0.060 seconds [static and dynamic dependencies]. Details - ImportResultOutputID=7e4e33eb4585ac1cf1d33b0141e5f83a DependenciesID=ed418ba661fd51f0026d8f73a0a8bb85 StaticDependenciesID=23ac45e7567631ff3d8a0b642bfd554e 
Importing 'GUID: ecbb184046c355a6b7a206ed7f641ed1 - Path: Assets/Resources/World/Characters/QdaoRosterV12/30_han_xiangzi/walk/SW/04.png' with importer (TextureImporter)
Imported 'GUID: ecbb184046c355a6b7a206ed7f641ed1' -> (Import Result ID: '7ab18e4f8d68384d0f901ab6de8176b1') in 0.068 seconds [static and dynamic dependencies]. Details - ImportResultOutputID=404f5ced63645aa6f378928a447296f6 DependenciesID=fa7f29bb1693b79445e5dc21b2ae388d StaticDependenciesID=0e92c1a37e604fd272db470517ed96d4 
Importing 'GUID: ecdc6264269757e6924b4b70c0d676f2 - Path: Assets/Resources/World/Characters/QdaoRosterV12/30_han_xiangzi/walk/W/05.png' with importer (TextureImporter)
Imported 'GUID: ecdc6264269757e6924b4b70c0d676f2' -> (Import Result ID: 'd20c572b892751b25840537f238efbc0') in 0.052 seconds [static and dynamic dependencies]. Details - ImportResultOutputID=ef9f52b2a127f5d14eccd6f0612e0f02 DependenciesID=8665b3b801fd2a8086fb399679aa3670 StaticDependenciesID=d506086241f450a7a3b16189cfcfd2b8 
Importing 'GUID: ec6e68bc931a5c07a37c369e4f0c5ed2 - Path: Assets/Resources/World/Characters/QdaoRosterV12/26_osmanthus_healer/walk/N/strip.png' with importer (TextureImporter)
Imported 'GUID: ec6e68bc931a5c07a37c369e4f0c5ed2' -> (Import Result ID: '8edbcb31ffc971608e920cb29e526e1b') in 0.249 seconds [static and dynamic dependencies]. Details - ImportResultOutputID=24b3e8b568b8732e12457442cf450bbc DependenciesID=15dc56da195b15e9c9e2e54b60e3289a StaticDependenciesID=01722df52c67652f2510e1e5ca486809 
Importing 'GUID: fc84b612e64c51d7b264139056bbbc50 - Path: Assets/Resources/World/Characters/QdaoRosterV12/26_osmanthus_healer/walk/S/03.png' with importer (TextureImporter)
Imported 'GUID: fc84b612e64c51d7b264139056bbbc50' -> (Import Result ID: '905ed7557b1863b2e2d435a5f714392b') in 0.084 seconds [static and dynamic dependencies]. Details - ImportResultOutputID=4a68869a64bd3a60425eacdbed380d3c DependenciesID=f2352febc623c17bf7523f622a59c008 StaticDependenciesID=8eb0faed90a726853806509a0424aa2b 
Importing 'GUID: 0df49839e06f5decaf51b6996daaf36a - Path: Assets/Resources/World/Characters/QdaoRosterV12/26_osmanthus_healer/walk/N/07.png' with importer (TextureImporter)
Imported 'GUID: 0df49839e06f5decaf51b6996daaf36a' -> (Import Result ID: '6d6210c220c29cef776cf8093f95a686') in 0.073 seconds [static and dynamic dependencies]. Details - ImportResultOutputID=392a072f1079bb99f0be502b792ff4bb DependenciesID=d55ba1e5858b559197e99316fbb0948b StaticDependenciesID=c3aff102e1c534f6aae722da3579baec 
Importing 'GUID: 0d0dcca95eb0547a8e04fe85e6f355a0 - Path: Assets/Resources/World/Characters/QdaoRosterV12/29_he_xiangu/walk/SW/08.png' with importer (TextureImporter)
Imported 'GUID: 0d0dcca95eb0547a8e04fe85e6f355a0' -> (Import Result ID: '94dda3d8c99cb40814499b6eb53ed1d6') in 0.105 seconds [static and dynamic dependencies]. Details - ImportResultOutputID=1f7f3516838006688a514168f0e10c7c DependenciesID=78aa3fe0e0b736d1a9f6d378e011fa13 StaticDependenciesID=d28452341a8458171fb750681e8b6e9e 
Importing 'GUID: 1ded23da3fba5b52b7eda9cf7cc3a766 - Path: Assets/Resources/World/Characters/QdaoRosterV12/24_lu_dongbin/walk/S/07.png' with importer (TextureImporter)
Imported 'GUID: 1ded23da3fba5b52b7eda9cf7cc3a766' -> (Import Result ID: 'c594bdd092e27a68e697da2d7aebe703') in 0.051 seconds [static and dynamic dependencies]. Details - ImportResultOutputID=4841f5e1913e569e06de6956b484b50b DependenciesID=f80b9b3963c61e337a5db9e7c1aacd81 StaticDependenciesID=57fb9d2b9edfa66660dd6ca465506962 
Importing 'GUID: 2deccf6cc04d4fb49bfa3859c33ce04c - Path: Assets/Resources/UI/Ugui/GuildV2/avatar-3.png' with importer (TextureImporter)
Imported 'GUID: 2deccf6cc04d4fb49bfa3859c33ce04c' -> (Import Result ID: 'c568ab111ecb21a8a69b32f0854171eb') in 0.389 seconds [static and dynamic dependencies]. Details - ImportResultOutputID=e9f03d57bf4da77633986bd1e7b2eb9b DependenciesID=5695f1b783be350b080e1decd4c78c93 StaticDependenciesID=c7158c22f6c062b7c2993ddaa07b4716 
Importing 'GUID: 5d0488e79fc45b35bf93523fc1224fd9 - Path: Assets/Resources/World/Characters/QdaoRosterV12/26_osmanthus_healer/walk/SE/04.png' with importer (TextureImporter)
Imported 'GUID: 5d0488e79fc45b35bf93523fc1224fd9' -> (Import Result ID: '36b4a43a886fe8cd2783b2624d2f7163') in 0.223 seconds [static and dynamic dependencies]. Details - ImportResultOutputID=ee364a0a1e172cb38be5726198657669 DependenciesID=a0638f4954aacd5e4dd0f784b272aebd StaticDependenciesID=62878eaba82157fcc021d8c340dc0656 
Importing 'GUID: 7d61b0bb6a0e90540b4d01040d2bd0cb - Path: Assets/Resources/UI/Ugui/TeamV2/button_primary.png' with importer (TextureImporter)
Imported 'GUID: 7d61b0bb6a0e90540b4d01040d2bd0cb' -> (Import Result ID: 'ec54ec3efda0b55b9fbe3e524291120c') in 0.070 seconds [static and dynamic dependencies]. Details - ImportResultOutputID=b9104a34555d46e384e04ff2b14917dc DependenciesID=51bb039a192d842ac22d412366a2960f StaticDependenciesID=9881b0a4368b6042e06094baaef4b906 
Importing 'GUID: 7dada88c898f590b9e240c1fadf174b9 - Path: Assets/Resources/World/Characters/QdaoRosterV12/30_han_xiangzi/walk/SE/04.png' with importer (TextureImporter)
Imported 'GUID: 7dada88c898f590b9e240c1fadf174b9' -> (Import Result ID: '03476a062bb2cbf7850f58e97e6d5352') in 0.128 seconds [static and dynamic dependencies]. Details - ImportResultOutputID=4b35ac7693ac3e2f2bc4b3290ad4c9ed DependenciesID=dfb8c9b246a391ddd84a8d1ddf3872b8 StaticDependenciesID=562aead8d0f8e64bcffbe390f4c24ea7 
Importing 'GUID: ad6bfcd18182547987a6438ef915de06 - Path: Assets/Resources/World/Characters/QdaoRosterV12/30_han_xiangzi/walk/E/02.png' with importer (TextureImporter)
Imported 'GUID: ad6bfcd18182547987a6438ef915de06' -> (Import Result ID: '4dd0bebf63cd11f405e1d4d40dcb133f') in 0.092 seconds [static and dynamic dependencies]. Details - ImportResultOutputID=c667c05d719c448558dd54c189f1caf2 DependenciesID=cf22dce16416fce08df4fe9eb839e96f StaticDependenciesID=ac17a65e004b813d73e19a58048abb09 
Importing 'GUID: bd54b663c77b5587b75827af830c29df - Path: Assets/Resources/World/Characters/QdaoRosterV12/24_lu_dongbin/walk/E/04.png' with importer (TextureImporter)
Imported 'GUID: bd54b663c77b5587b75827af830c29df' -> (Import Result ID: 'c19cc0e24108c2910fdbd144b2371f70') in 0.102 seconds [static and dynamic dependencies]. Details - ImportResultOutputID=bb313635e923a50a6ec20f704ee68b2a DependenciesID=44c2e0bd5e437e5563ba87a11536c88a StaticDependenciesID=eabf2d8e9fa011c169e1fae9142498c4 
Importing 'GUID: bd0d65751e88535cbdd6e6aa70dc892f - Path: Assets/Resources/World/Characters/QdaoRosterV12/24_lu_dongbin/walk/W/02.png' with importer (TextureImporter)
Imported 'GUID: bd0d65751e88535cbdd6e6aa70dc892f' -> (Import Result ID: 'ca47bc13246452c8edef283ad11e3aaf') in 0.093 seconds [static and dynamic dependencies]. Details - ImportResultOutputID=ee4c9aa2b5240b42d3ff129a4a03db94 DependenciesID=229086f9ff8974096db5809afe5513b7 StaticDependenciesID=4cd70a26a21b8505632ae09dbff08302 
Importing 'GUID: cddc5a96dbc7530285a14ae287a8ebfe - Path: Assets/Resources/World/Characters/QdaoRosterV12/26_osmanthus_healer/walk/W/04.png' with importer (TextureImporter)
Imported 'GUID: cddc5a96dbc7530285a14ae287a8ebfe' -> (Import Result ID: '820e59f77126889bb5c3ac4eb440f4c4') in 0.051 seconds [static and dynamic dependencies]. Details - ImportResultOutputID=de89b21f44807ae8e26d1a1908f1d52c DependenciesID=2efca9b43eefdd174dba33f426cb554e StaticDependenciesID=4bb46280a9a4cd54c80bd0b269de8b57 
Importing 'GUID: dd630e4188f8535195e94898e6eeba7a - Path: Assets/Resources/World/Characters/QdaoRosterV12/30_han_xiangzi/walk/W/01.png' with importer (TextureImporter)
Imported 'GUID: dd630e4188f8535195e94898e6eeba7a' -> (Import Result ID: '225e6cb7b8383dd774b340706ba6d504') in 0.056 seconds [static and dynamic dependencies]. Details - ImportResultOutputID=544c8ccf5c4b3c1abbb5ae063d827e3c DependenciesID=221b9fe2bff4efe7315eeab1e7e627f0 StaticDependenciesID=f918cd00056a77224f0553d13fa044eb 
Importing 'GUID: ddaa7273a81a52bba82aada5235d936a - Path: Assets/Resources/World/Characters/QdaoRosterV12/30_han_xiangzi/walk/E/01.png' with importer (TextureImporter)
Imported 'GUID: ddaa7273a81a52bba82aada5235d936a' -> (Import Result ID: 'ca72c63c1b6b16e75016bde6b3f9aabe') in 0.063 seconds [static and dynamic dependencies]. Details - ImportResultOutputID=717c5ae3a2a05d9377a6e577b062b6c2 DependenciesID=49bb841365d092f09df2c77499b2054e StaticDependenciesID=2ae1dca6811388fd321437aa5c7695d1 
Importing 'GUID: dd7b42de791759a286faa8be8b09da1f - Path: Assets/Resources/World/Characters/QdaoRosterV12/29_he_xiangu/walk/SW/05.png' with importer (TextureImporter)
Imported 'GUID: dd7b42de791759a286faa8be8b09da1f' -> (Import Result ID: '97d568db0362744d82ad118ca2254fea') in 0.123 seconds [static and dynamic dependencies]. Details - ImportResultOutputID=eebddba9690f13d8c0ee43bc42c56226 DependenciesID=859f9f34129e58c34c246336ae595436 StaticDependenciesID=7e5b10df545101d9b8586c3a2c8f4c35 
Importing 'GUID: ed30bae89736537383eed19e1b888dc6 - Path: Assets/Resources/World/Characters/QdaoRosterV12/24_lu_dongbin/walk/W/06.png' with importer (TextureImporter)
Imported 'GUID: ed30bae89736537383eed19e1b888dc6' -> (Import Result ID: '248944aeee9e6d4d6adab163d6edce1e') in 0.083 seconds [static and dynamic dependencies]. Details - ImportResultOutputID=8de68c2244bb2e09cd4382d887907548 DependenciesID=c26c57fb699e55b933ba98e531d2470a StaticDependenciesID=3db7255546ebb9855a45404b15e244aa 
Importing 'GUID: fd580cadae315086ad9499b2b42ce7cf - Path: Assets/Resources/World/Characters/QdaoRosterV12/29_he_xiangu/walk/SE/04.png' with importer (TextureImporter)
Imported 'GUID: fd580cadae315086ad9499b2b42ce7cf' -> (Import Result ID: '84006d33b780ddf33d919608cf4c934c') in 0.096 seconds [static and dynamic dependencies]. Details - ImportResultOutputID=f7bdf171f0cb02d04ed70dad5606576a DependenciesID=825866b8be773dbe5d24297da5a4e4e9 StaticDependenciesID=3cf4e797ff9e58c6c6a1dbadcc4e50dd 
Importing 'GUID: 2e0194a121165a51be80481a4e4efeca - Path: Assets/Resources/World/Characters/QdaoRosterV12/24_lu_dongbin/walk/SW/04.png' with importer (TextureImporter)
Imported 'GUID: 2e0194a121165a51be80481a4e4efeca' -> (Import Result ID: '40809f5d8d4779244bc6ccdd6fbef8a0') in 0.048 seconds [static and dynamic dependencies]. Details - ImportResultOutputID=f83f1c0bb089c4f14a0ac7dff17de0f6 DependenciesID=29589aafb3487d8423bb9aeba7e7c703 StaticDependenciesID=4a8a28bfd33046d13c86f5eed916f51c 
Importing 'GUID: 2e0397331cef556a82ac05d0239d6e8d - Path: Assets/Resources/World/Characters/QdaoRosterV12/29_he_xiangu/walk/S/06.png' with importer (TextureImporter)
Imported 'GUID: 2e0397331cef556a82ac05d0239d6e8d' -> (Import Result ID: '430966bb84b2038ae4c522272ea92e52') in 0.053 seconds [static and dynamic dependencies]. Details - ImportResultOutputID=d86e027526e9a78cba520c6a28b89e8e DependenciesID=c155e5432c6d1dd934671734ec3cef73 StaticDependenciesID=08b811412e57b13fbdc72f67afcdd39c 
Importing 'GUID: 2e2943792e9953b88a044bffdc4f9a7b - Path: Assets/Resources/World/Characters/QdaoRosterV12/29_he_xiangu/walk/SE/01.png' with importer (TextureImporter)
Imported 'GUID: 2e2943792e9953b88a044bffdc4f9a7b' -> (Import Result ID: '370381ec782793fcb3c85bd2b88f9a9c') in 0.063 seconds [static and dynamic dependencies]. Details - ImportResultOutputID=74d040172cb19f5f6c71fbca780de16b DependenciesID=1756dd7adc3fb90dc4fcf0d4087092a4 StaticDependenciesID=ef6a9f0ef0caf901aeb4be7ee2075745 
Importing 'GUID: 2ef9432cb21d5a5b9cb9a1062b2085b6 - Path: Assets/Resources/World/Characters/QdaoRosterV12/24_lu_dongbin/walk/SW/07.png' with importer (TextureImporter)
Imported 'GUID: 2ef9432cb21d5a5b9cb9a1062b2085b6' -> (Import Result ID: '399bf59ff79aad854041302e10657d1f') in 0.066 seconds [static and dynamic dependencies]. Details - ImportResultOutputID=e43d97a22981b792222f1edda52c8eb4 DependenciesID=7c34331b9dbf200240d747cbc2bbe2f9 StaticDependenciesID=2d9788f1b611e20f7549a1bb0a87d180 
Importing 'GUID: 2edc430c09ae5e7481bfc0f9649c9162 - Path: Assets/Resources/World/Characters/QdaoRosterV12/30_han_xiangzi/idle/NE.png' with importer (TextureImporter)
Imported 'GUID: 2edc430c09ae5e7481bfc0f9649c9162' -> (Import Result ID: '553fe8ac01580b4ee1085d9474d9118c') in 0.111 seconds [static and dynamic dependencies]. Details - ImportResultOutputID=06500cfcc33ce1edc071ece852d1dcbe DependenciesID=d390571d4ae75a4f9b8ed276b32bc0b5 StaticDependenciesID=eb2aca7ece118194e8b7df3be7d32a39 
Importing 'GUID: 4e7574a3ea015f3084370cbe46504e7c - Path: Assets/Resources/World/Characters/QdaoRosterV12/29_he_xiangu/walk/SW/04.png' with importer (TextureImporter)
Imported 'GUID: 4e7574a3ea015f3084370cbe46504e7c' -> (Import Result ID: '52ce86840093ea11a0eba7630401bf67') in 0.060 seconds [static and dynamic dependencies]. Details - ImportResultOutputID=82c3db5a6679ac95810bb7d8c09affd4 DependenciesID=4b757732375457a29307de072ebf69ec StaticDependenciesID=713a80ab5c26d4b1c104898376984a55 
Importing 'GUID: 6e8409b7ad655e08abc600dcc98c9802 - Path: Assets/Resources/World/Characters/QdaoRosterV12/29_he_xiangu/walk/SW/07.png' with importer (TextureImporter)
Imported 'GUID: 6e8409b7ad655e08abc600dcc98c9802' -> (Import Result ID: '01b47b0ca5221ab7519a48be15242fd3') in 0.113 seconds [static and dynamic dependencies]. Details - ImportResultOutputID=a082e11af2b091e79a8deda36faeb2ea DependenciesID=827177f4214433858371fdf5d947e7ec StaticDependenciesID=c4a6486d5dc47d57838f81d5e044b027 
Importing 'GUID: 6e75728c4da65f85b8ccbfb3692eadce - Path: Assets/Resources/World/Characters/QdaoRosterV12/24_lu_dongbin/walk/NE/06.png' with importer (TextureImporter)
Imported 'GUID: 6e75728c4da65f85b8ccbfb3692eadce' -> (Import Result ID: '515db76832d886a5f69f4c826fcc1655') in 0.071 seconds [static and dynamic dependencies]. Details - ImportResultOutputID=c529e2d8919a0dd4180af63c71fc6226 DependenciesID=dd484b2ceae6f3db52c25fb4ed1a9de4 StaticDependenciesID=d79a395b9fe1d14a85c5ac571739fa27 
Importing 'GUID: 7e85c4375022593da9f75e09281965d9 - Path: Assets/Resources/World/Characters/QdaoRosterV12/30_han_xiangzi/walk/W/04.png' with importer (TextureImporter)
Imported 'GUID: 7e85c4375022593da9f75e09281965d9' -> (Import Result ID: '513f86a929729b1ab7d96899200ba601') in 0.064 seconds [static and dynamic dependencies]. Details - ImportResultOutputID=f10e7c163b6c24a324ad4d357d91b74a DependenciesID=64072175dd93ff33eff50541e84df554 StaticDependenciesID=062b7413b45ee7fbe8127d3e7546cb28 
Importing 'GUID: 7ebb72aeaf6b5445aadef081bd83eee2 - Path: Assets/Resources/World/Characters/QdaoRosterV12/30_han_xiangzi/walk/S/08.png' with importer (TextureImporter)
Imported 'GUID: 7ebb72aeaf6b5445aadef081bd83eee2' -> (Import Result ID: 'be4f92fb1ff3e5f317b3804a2de7e5f4') in 0.062 seconds [static and dynamic dependencies]. Details - ImportResultOutputID=2535296fe6be2e93e9e087845e592ecf DependenciesID=f288fc62867471d2b6d5ab780757ff32 StaticDependenciesID=554a6f25a81ec15fc13cb69f0e8a505e 
Importing 'GUID: 8e1a511e4de45451a60436547a9eb98a - Path: Assets/Resources/World/Characters/QdaoRosterV12/30_han_xiangzi/walk/E/03.png' with importer (TextureImporter)
Imported 'GUID: 8e1a511e4de45451a60436547a9eb98a' -> (Import Result ID: 'f548a8a15ccd4cfad46fcc0003a64226') in 0.077 seconds [static and dynamic dependencies]. Details - ImportResultOutputID=37c7f49adf0a912e35b8dcede06aa6bd DependenciesID=6e496d6e2f9f74fe0add531f990426ea StaticDependenciesID=c40daedcb912166e825c8e529e986b10 
Importing 'GUID: 9ee720592f8459b294ca229ee254ca93 - Path: Assets/Resources/World/Characters/QdaoRosterV12/29_he_xiangu/walk/S/08.png' with importer (TextureImporter)
Imported 'GUID: 9ee720592f8459b294ca229ee254ca93' -> (Import Result ID: '00fa63fa3aa159d8c98711086f0534df') in 0.164 seconds [static and dynamic dependencies]. Details - ImportResultOutputID=6ec590a066e91007d86f37b48c42cc77 DependenciesID=02d9beb30c9c27328504e324cb43c099 StaticDependenciesID=3ae2ab775f4fc5be1b3abf5cac72e9d1 
Importing 'GUID: ae9482aed9585a9db7924f7da3255ced - Path: Assets/Resources/World/Characters/QdaoRosterV12/24_lu_dongbin/walk/NW/04.png' with importer (TextureImporter)
Imported 'GUID: ae9482aed9585a9db7924f7da3255ced' -> (Import Result ID: '5e9889bf9a74ea97c5af92fabafa6dfa') in 0.062 seconds [static and dynamic dependencies]. Details - ImportResultOutputID=2ed0c9e8d41deb6631e4fb3c14f0fc8a DependenciesID=35fa483144609d33751fff3254f7c9f8 StaticDependenciesID=df795ba1b855b480e5c5fa94b0f31881 
Importing 'GUID: be090cfe560354b88db392eefe146507 - Path: Assets/Resources/World/Characters/QdaoRosterV12/29_he_xiangu/walk/SE/06.png' with importer (TextureImporter)
Imported 'GUID: be090cfe560354b88db392eefe146507' -> (Import Result ID: '995f23bf480ea60f5a1e9c9c32a63479') in 0.056 seconds [static and dynamic dependencies]. Details - ImportResultOutputID=3efdd657bef352013af292b7dc5d9a59 DependenciesID=1156370ff20071ad74887ca4fe1116ca StaticDependenciesID=4017a7783171e8d96c3cb1eeb2ec64a4 
Importing 'GUID: beddedd0676c52b2ae5590df32ed88de - Path: Assets/Resources/World/Characters/QdaoRosterV12/24_lu_dongbin/walk/NW/02.png' with importer (TextureImporter)
Imported 'GUID: beddedd0676c52b2ae5590df32ed88de' -> (Import Result ID: '6fcd733e2c49a391e9046fa7ebd1ae95') in 0.073 seconds [static and dynamic dependencies]. Details - ImportResultOutputID=734abe686ffaf0d79f2ecbcf9bea95e5 DependenciesID=dd1c93cbed056e4f5125da6de2d1308c StaticDependenciesID=1dd827f9b3e6d84d9cd52db723ab547e 
Importing 'GUID: cee137ecce355c1f8bc824b16d94eee4 - Path: Assets/Resources/World/Characters/QdaoRosterV12/26_osmanthus_healer/walk/E/05.png' with importer (TextureImporter)
Imported 'GUID: cee137ecce355c1f8bc824b16d94eee4' -> (Import Result ID: '2b07a6003f7e2a3a9470faadff896054') in 0.076 seconds [static and dynamic dependencies]. Details - ImportResultOutputID=7a4079a4c9f6471ad7b4fba9e5f395c5 DependenciesID=9c2fe3166e979cf6ae4f0a22fc509766 StaticDependenciesID=868ebffe9145820d8235b479a629d079 
Importing 'GUID: ceb286394c9e528e9742039d1da32c30 - Path: Assets/Resources/World/Characters/QdaoRosterV12/24_lu_dongbin/walk/E/08.png' with importer (TextureImporter)
Imported 'GUID: ceb286394c9e528e9742039d1da32c30' -> (Import Result ID: '77ae41eec112ba4dd29d9caed94b4669') in 0.051 seconds [static and dynamic dependencies]. Details - ImportResultOutputID=b883815cd722bd23e86d2be1fd019ac2 DependenciesID=e4f6ae9c846ee6300859e89e8b29677d StaticDependenciesID=8bb4ff0493b38cec67a4fb30505125ef 
Importing 'GUID: ceaa1a7f6a8e521190245345bbaf8892 - Path: Assets/Resources/World/Characters/QdaoRosterV12/30_han_xiangzi/walk/SE/strip.png' with importer (TextureImporter)
Imported 'GUID: ceaa1a7f6a8e521190245345bbaf8892' -> (Import Result ID: '508bcba795e267e8327a2e03043964c5') in 0.324 seconds [static and dynamic dependencies]. Details - ImportResultOutputID=1f1a88be24bd2e7ec6a66ea0e6734bd5 DependenciesID=3918ac8b8ca2a990a555c21ff9aced12 StaticDependenciesID=9b94188d51bb4c4970f4db9d865a4053 
Importing 'GUID: de53b3c2a67351ef8f8104001999b35b - Path: Assets/Resources/World/Characters/QdaoRosterV12/29_he_xiangu/walk/S/01.png' with importer (TextureImporter)
Imported 'GUID: de53b3c2a67351ef8f8104001999b35b' -> (Import Result ID: 'fd2f146cff2be0b196c5730f3c0efd0b') in 0.136 seconds [static and dynamic dependencies]. Details - ImportResultOutputID=9b275f12eb4f1892c2239cc4a721a58c DependenciesID=f0e9e6e318a6a370647032663097f1c2 StaticDependenciesID=787e260d0f16053d04096217cabbedf7 
Importing 'GUID: dedc4390baef5b82bbb985644a914045 - Path: Assets/Resources/World/Characters/QdaoRosterV12/29_he_xiangu/walk/E/03.png' with importer (TextureImporter)
Imported 'GUID: dedc4390baef5b82bbb985644a914045' -> (Import Result ID: '33f2ef1a296209ec4d29a108c7c78915') in 0.106 seconds [static and dynamic dependencies]. Details - ImportResultOutputID=07d703aa240f539157fe0e60d3f370d5 DependenciesID=89f46b374de764ca7908b3ba1c04e7ec StaticDependenciesID=13b99ad2d89283d78465b8bc0c0d3d29 
Importing 'GUID: eeda3e8e49f4528780d6d9dff593fbd9 - Path: Assets/Resources/World/Characters/QdaoRosterV12/26_osmanthus_healer/walk/SW/strip.png' with importer (TextureImporter)
Imported 'GUID: eeda3e8e49f4528780d6d9dff593fbd9' -> (Import Result ID: '87dbaafc83da5ee6d76971fce97508d9') in 0.248 seconds [static and dynamic dependencies]. Details - ImportResultOutputID=fad3d17046b444a359bc87b6193ac7d2 DependenciesID=217d3e372044fa6e7994ecb5cdca7070 StaticDependenciesID=ad5260c793f06cdbbc3151733404d4a7 
Importing 'GUID: fe7b7b7e5a4a59cf9646f0ed536ed4fc - Path: Assets/Resources/World/Characters/QdaoRosterV12/29_he_xiangu/walk/SE/02.png' with importer (TextureImporter)
Imported 'GUID: fe7b7b7e5a4a59cf9646f0ed536ed4fc' -> (Import Result ID: 'd1cbae59de7efccb51457384ccf1f254') in 0.058 seconds [static and dynamic dependencies]. Details - ImportResultOutputID=69e11616bc4a6ec6a9eb28fe034d50fb DependenciesID=885592a1e18cc352445c93ffdf31738e StaticDependenciesID=c4b38bd47e4f7871675fcb0dac5a5e90 
Importing 'GUID: 2f52a01abe85578993a6b4f8324ca4e3 - Path: Assets/Resources/World/Characters/QdaoRosterV12/26_osmanthus_healer/walk/NE/05.png' with importer (TextureImporter)
Imported 'GUID: 2f52a01abe85578993a6b4f8324ca4e3' -> (Import Result ID: '724fe636f608ba4e74ebd8db0ea4bb44') in 0.163 seconds [static and dynamic dependencies]. Details - ImportResultOutputID=c630498816efbe3ddcf1513244dc02a8 DependenciesID=d1d10f0643fea87527370b83ef03ca6a StaticDependenciesID=27491cd97fa58df4f84acef10bb6cd52 
Importing 'GUID: 2f7ea007e6617b64a993692d651acaa9 - Path: Assets/Resources/UI/Ugui/TeamV2/main_frame.png' with importer (TextureImporter)
Imported 'GUID: 2f7ea007e6617b64a993692d651acaa9' -> (Import Result ID: 'fdee6f9e7c7716242921e7d488f6b7bb') in 0.239 seconds [static and dynamic dependencies]. Details - ImportResultOutputID=8b156cff146d5e2483ae4f273ab9c308 DependenciesID=0b10e65fe7c31ce55d8bf810dd859cbb StaticDependenciesID=a6c4c4f1cc2e52194be9b318665dbe1c 
Importing 'GUID: 2f9ea7287116598798af69ffa73576cb - Path: Assets/Resources/World/Characters/QdaoRosterV12/24_lu_dongbin/walk/SE/01.png' with importer (TextureImporter)
Imported 'GUID: 2f9ea7287116598798af69ffa73576cb' -> (Import Result ID: '9658e86a0233ee133b19466fd3b0bd28') in 0.227 seconds [static and dynamic dependencies]. Details - ImportResultOutputID=c342336f6e38f3145ffcb152973aed98 DependenciesID=6d4b645a0bee3cb29148bbd1a00ed05b StaticDependenciesID=593c4956b179fbabec16b5ad3f11b7d5 
Importing 'GUID: 3f811eb15bd15a27a7f4c0eda5cdda0a - Path: Assets/Resources/World/Characters/QdaoRosterV12/24_lu_dongbin/idle/NW.png' with importer (TextureImporter)
Imported 'GUID: 3f811eb15bd15a27a7f4c0eda5cdda0a' -> (Import Result ID: '86b580c17c62a148aa2dbfdc5f2453f8') in 0.171 seconds [static and dynamic dependencies]. Details - ImportResultOutputID=6282b2f24ba65e6970eb42e10cbe0fe5 DependenciesID=d4c8817a5a102c32ef8a0a8122bfe065 StaticDependenciesID=400cacf5046cc892853614807e5176d8 
Importing 'GUID: 3fb1463cedf75781a9da813628bff0bb - Path: Assets/Resources/World/Characters/QdaoRosterV12/29_he_xiangu/walk/SW/02.png' with importer (TextureImporter)
Imported 'GUID: 3fb1463cedf75781a9da813628bff0bb' -> (Import Result ID: '662e4d49c920bc9c681e8f058dd9ea90') in 0.069 seconds [static and dynamic dependencies]. Details - ImportResultOutputID=b55da40a2b96840285edc9323ba6be62 DependenciesID=3adc33bb793c6e881a5b941d45f6be5e StaticDependenciesID=a641bbedcacd92e0d08136464120e355 
Importing 'GUID: 3f964093313c54c5bea538b8ac15ad18 - Path: Assets/Resources/World/Characters/QdaoRosterV12/24_lu_dongbin/portrait.png' with importer (TextureImporter)
Imported 'GUID: 3f964093313c54c5bea538b8ac15ad18' -> (Import Result ID: 'a64f9df6bd3241d8db17b52379e8c42d') in 0.128 seconds [static and dynamic dependencies]. Details - ImportResultOutputID=6f8831178582dbfd44ca368d6c792895 DependenciesID=9bb7d995f792b056205150288cfa39e7 StaticDependenciesID=82b1976c8aae7e4899adc060e0f2ad99 
Importing 'GUID: 3f27a4b588ad8ca478ce8646cc306335 - Path: Assets/Resources/UI/Ugui/GuildV2/round_badge_compass.png' with importer (TextureImporter)
Imported 'GUID: 3f27a4b588ad8ca478ce8646cc306335' -> (Import Result ID: '0618a4b8bb7500d50ff8a184089232d1') in 0.224 seconds [static and dynamic dependencies]. Details - ImportResultOutputID=b594f5677cfaaf7f2ca87b6c89439886 DependenciesID=8e9fca2c9c150f03dd3ecf2e0f53040c StaticDependenciesID=913f8402e6a5b708d4f3ccd90703c76d 
Importing 'GUID: 3fa82311678cb964eae0d5f12c859c91 - Path: Assets/Resources/UI/Ugui/GuildV2/avatar-4.png' with importer (TextureImporter)
Imported 'GUID: 3fa82311678cb964eae0d5f12c859c91' -> (Import Result ID: '817d0a6bb301da6924790f24e50ec5c1') in 0.275 seconds [static and dynamic dependencies]. Details - ImportResultOutputID=b7a57dd2d84e8cd2b14e29b142c81857 DependenciesID=ae9c7c9224b8a93bce7e8228aabf4529 StaticDependenciesID=230dcf582844335a32372aac896f1a58 
Importing 'GUID: 4fb934db289255728e0603747ae9e8d0 - Path: Assets/Resources/World/Characters/QdaoRosterV12/30_han_xiangzi/walk/N/05.png' with importer (TextureImporter)
Imported 'GUID: 4fb934db289255728e0603747ae9e8d0' -> (Import Result ID: '936081fb356b1f9b90c86c4ee9cdf6e9') in 0.168 seconds [static and dynamic dependencies]. Details - ImportResultOutputID=b488d246e19ba95abf9446fe0f86d0f0 DependenciesID=ce0113cd9dc6f146fbe1d5e3bdb350cf StaticDependenciesID=d27d0b8ce2972dd6e1f714a1ef5bbabd 
Importing 'GUID: 4f9c8cdb94e95ff7bc804473c29550fb - Path: Assets/Resources/World/Characters/QdaoRosterV12/24_lu_dongbin/walk/W/07.png' with importer (TextureImporter)
Imported 'GUID: 4f9c8cdb94e95ff7bc804473c29550fb' -> (Import Result ID: '8d28bc6bbf209b5a4cebdd7359c961af') in 0.061 seconds [static and dynamic dependencies]. Details - ImportResultOutputID=9756379415df966e28382c67e39b2e16 DependenciesID=9b23e9feb4ed9417bde224a6f0cf5d5b StaticDependenciesID=184358c45609100ff1af1e74aa629151 
Importing 'GUID: 5fdad14419a45c8b91ff9c2c26d27375 - Path: Assets/Resources/World/Characters/QdaoRosterV12/26_osmanthus_healer/walk/W/05.png' with importer (TextureImporter)
Imported 'GUID: 5fdad14419a45c8b91ff9c2c26d27375' -> (Import Result ID: '751dd4a90cdacebec66554c20fda2cf8') in 0.064 seconds [static and dynamic dependencies]. Details - ImportResultOutputID=28fdaa4c10edf0c74c26a71a208d3737 DependenciesID=e2844b60fd0cf98bc02d24906e42c0eb StaticDependenciesID=fc565d5434bfb6d76c00fcfd87606334 
Importing 'GUID: 7f82fce720c35453a02bc0296f53c9f7 - Path: Assets/Resources/World/Characters/QdaoRosterV12/26_osmanthus_healer/walk/S/05.png' with importer (TextureImporter)
Imported 'GUID: 7f82fce720c35453a02bc0296f53c9f7' -> (Import Result ID: '2c288fed771f395f7ee98a03c244af4a') in 0.062 seconds [static and dynamic dependencies]. Details - ImportResultOutputID=a88113d8b345f03a5c0beb4274c23d74 DependenciesID=99f099702a3f326a5b18675a21f7fa14 StaticDependenciesID=4067ceceb0826de1be93db18f71c09cc 
Importing 'GUID: 7fda9b543c655b86bf04550a373429e9 - Path: Assets/Resources/World/Characters/QdaoRosterV12/29_he_xiangu/portrait.png' with importer (TextureImporter)
Imported 'GUID: 7fda9b543c655b86bf04550a373429e9' -> (Import Result ID: 'f0c12855ebc2c8b1f78c38c1772fb1a2') in 0.140 seconds [static and dynamic dependencies]. Details - ImportResultOutputID=5db5e13fd1195ca14dabc467fb21cccb DependenciesID=525aef203c720393555b3777d212657d StaticDependenciesID=1576dc055347cddb34795c32a9ee1a43 
Importing 'GUID: af4969a06f7c5aeaa5771fc788ec8a6a - Path: Assets/Resources/World/Characters/QdaoRosterV12/24_lu_dongbin/walk/NW/01.png' with importer (TextureImporter)
Imported 'GUID: af4969a06f7c5aeaa5771fc788ec8a6a' -> (Import Result ID: 'bded1c38b6d647de5f61760efec7f500') in 0.063 seconds [static and dynamic dependencies]. Details - ImportResultOutputID=791b6b430e46c9c87043fa87387e5900 DependenciesID=06a35c848dcfb4b57c515d24ac34188d StaticDependenciesID=711f9dfc2b0e6b0fd274dc53adb25c37 
Importing 'GUID: bfb877e501c550b59c4355fb932a527a - Path: Assets/Resources/World/Characters/QdaoRosterV12/26_osmanthus_healer/walk/W/02.png' with importer (TextureImporter)
Imported 'GUID: bfb877e501c550b59c4355fb932a527a' -> (Import Result ID: '89133e0c37572b2012eb0675fb87534a') in 0.067 seconds [static and dynamic dependencies]. Details - ImportResultOutputID=a5326c34841c3409e71139d42dee041f DependenciesID=929c2ff189f8e9b1c111d02189c4874b StaticDependenciesID=b73a91df0ce48f127e05909070824f20 
Importing 'GUID: cfd31c2473f658bbbc6a19b189b67b6e - Path: Assets/Resources/World/Characters/QdaoRosterV12/30_han_xiangzi/walk/NE/05.png' with importer (TextureImporter)
Imported 'GUID: cfd31c2473f658bbbc6a19b189b67b6e' -> (Import Result ID: '91400cf8faddad8042821f6f8ac30960') in 0.116 seconds [static and dynamic dependencies]. Details - ImportResultOutputID=2a48132bd5b7198bf16d2854220283d1 DependenciesID=12930a0a1c9085dd194ff8e228184334 StaticDependenciesID=c5050a9715e61f637044ad5c4425b077 
Importing 'GUID: cf8f7e0c086af5842b7b9cb845cf6439 - Path: Assets/Resources/UI/Ugui/TeamV2/empty_slot.png' with importer (TextureImporter)
Imported 'GUID: cf8f7e0c086af5842b7b9cb845cf6439' -> (Import Result ID: '6a68b5acbdcd6073a7278dd74c863bef') in 0.036 seconds [static and dynamic dependencies]. Details - ImportResultOutputID=2c2d7f09a0cca402a502db0724126102 DependenciesID=6d2561ade20de3d5c76875d859c7c526 StaticDependenciesID=61f948972fed15f79767d9ffff0dbb52 
Importing 'GUID: df493ce153c45afda51fca57b0fa33e2 - Path: Assets/Resources/World/Characters/QdaoRosterV12/26_osmanthus_healer/walk/SE/07.png' with importer (TextureImporter)
Imported 'GUID: df493ce153c45afda51fca57b0fa33e2' -> (Import Result ID: '31373d78325af0314b8fe2944de72978') in 0.066 seconds [static and dynamic dependencies]. Details - ImportResultOutputID=5e5b1a1da822f31ef1e38641b7a33a5a DependenciesID=b1df38dbde649d60acd8dc7bb1026b2a StaticDependenciesID=f51fd882cadcece1a17792e0115e5feb 
Importing 'GUID: ef4231a9e303589792b898718367973a - Path: Assets/Resources/World/Characters/QdaoRosterV12/30_han_xiangzi/walk/W/07.png' with importer (TextureImporter)
Imported 'GUID: ef4231a9e303589792b898718367973a' -> (Import Result ID: 'a189afcf4e4681a258a3576807dbb0df') in 0.064 seconds [static and dynamic dependencies]. Details - ImportResultOutputID=093690ae0ae5b88d1223635d2c4788a9 DependenciesID=539d048869c3c2eaa07ed0defbaa88fd StaticDependenciesID=93a21fc3495f839282600696397d4378 
Importing 'GUID: fffec5e14782587d9fee26b51b609fff - Path: Assets/Resources/World/Characters/QdaoRosterV12/30_han_xiangzi/walk/SW/02.png' with importer (TextureImporter)
Imported 'GUID: fffec5e14782587d9fee26b51b609fff' -> (Import Result ID: 'b68886d80b36137a2f89671b0af1b6d0') in 0.081 seconds [static and dynamic dependencies]. Details - ImportResultOutputID=92f1a88dbb30c9181bcd32a826e498ca DependenciesID=05c695bc491d37ebe5c08746e5a4e8fe StaticDependenciesID=66828ff406a577f9b71c5559c2ea809d 
Importing 'GUID: 50e65a6b8ad34c9c9eeaa3b7d45f238d - Path: Assets/Resources/Fonts/TeamNotoSansSC.otf' with importer (TrueTypeFontImporter)
Imported 'GUID: 50e65a6b8ad34c9c9eeaa3b7d45f238d' -> (Import Result ID: '915fa28eb86f89c76a26525b0a373238') in 0.144 seconds [static and dynamic dependencies]. Details - ImportResultOutputID=cfc33b6100c8726f2acd8be5d93ab7e6 DependenciesID=5edc8d54659f19f87e7de1bef91fa958 StaticDependenciesID=edceb13ad1b190f59c89c55812af45ac 
Importing 'GUID: d00ab0f7e1505794be2c0cb0200e7f1b - Path: Assets/Resources/World/Characters/QdaoRosterV12/30_han_xiangzi/appearance.json' with importer (TextScriptImporter)
Imported 'GUID: d00ab0f7e1505794be2c0cb0200e7f1b' -> (Import Result ID: 'ddf60d03e436e95597d6ca6df29c71ca') in 0.025 seconds [static dependencies only]. Details - ImportResultOutputID=a4a219748b077fb13821b0e13aa6cb93 DependenciesID=ab02255ecad90b167c0cc62a5df1fa9f StaticDependenciesID=2b36cc37d0a3f3eb3b16f4ca2ecb3a8f 
Importing 'GUID: 563055d82d449da49997e6279489fb72 - Path: Assets/Resources/UI/Ugui/GuildV2/manifest.json' with importer (TextScriptImporter)
Imported 'GUID: 563055d82d449da49997e6279489fb72' -> (Import Result ID: 'd9e8493d092a9fbd8e69d61e03e99cde') in 0.028 seconds [static dependencies only]. Details - ImportResultOutputID=da6f74125c2db45e488650879d51a82c DependenciesID=be15e6359026c645c21c0bc4d195acab StaticDependenciesID=379e2deaeb922f84772b0a4906bbfc8a 
Importing 'GUID: c77a079a421f46340b28fcb1f8597c1b - Path: Assets/Resources/Fonts/TeamNotoSansSC-LICENSE.txt' with importer (TextScriptImporter)
Imported 'GUID: c77a079a421f46340b28fcb1f8597c1b' -> (Import Result ID: '7f5164167d603fdefe29e6c207ec5b5f') in 0.033 seconds [static dependencies only]. Details - ImportResultOutputID=dbc9107155a7ae5be43ed62f97b751a8 DependenciesID=4c24c03360797662bbc994c17b23b04e StaticDependenciesID=19df6314478fc00bf485199e169d7005 
Importing 'GUID: 9884a8576a7f54f49daf754ffe4f374f - Path: Assets/Resources/World/Characters/QdaoRosterV12/29_he_xiangu/appearance.json' with importer (TextScriptImporter)
Imported 'GUID: 9884a8576a7f54f49daf754ffe4f374f' -> (Import Result ID: '5212c3fe9cee33709a1ae5e797761e93') in 0.037 seconds [static dependencies only]. Details - ImportResultOutputID=40bbd9f25f07327b65c0f44e1d90c504 DependenciesID=38d32acae0ef7fa45015bb1725d8d575 StaticDependenciesID=7a55b0431c8215e3093577e5e335b841 
Importing 'GUID: c9529531e2d65636a9ad5d9dfdb71f1f - Path: Assets/Resources/World/Characters/QdaoRosterV12/26_osmanthus_healer/appearance.json' with importer (TextScriptImporter)
Imported 'GUID: c9529531e2d65636a9ad5d9dfdb71f1f' -> (Import Result ID: 'ff99ade59d296e3bbbddaaeddf843b80') in 0.030 seconds [static dependencies only]. Details - ImportResultOutputID=542d80bb7038c20645c1fa33636f3740 DependenciesID=d55b879a921d049bf17bd422eb2d2653 StaticDependenciesID=495789819eae3b42b26f0c3872119de7 
Importing 'GUID: 6d962c4d8db4573f94c508ea1e5dede2 - Path: Assets/Resources/World/Characters/QdaoRosterV12/24_lu_dongbin/appearance.json' with importer (TextScriptImporter)
Imported 'GUID: 6d962c4d8db4573f94c508ea1e5dede2' -> (Import Result ID: '722e40ffb3f63b0fe49ec3d819529e9f') in 0.030 seconds [static dependencies only]. Details - ImportResultOutputID=bf38316c143f9cac4c0110a621e9f08c DependenciesID=b09e29f02155fa30054c568ba6b5cdd9 StaticDependenciesID=122fb288a0e001bfe1f3dd4b8c27fbd7 
Loading style catalogs (8)
	StyleSheets/Extensions/base/common.uss
	UIPackageResources/StyleSheets/Default/Variables/Public/common.uss
	StyleSheets/Northstar/common.uss
	StyleSheets/Extensions/fonts/inter.uss
	StyleSheets/Extensions/base/dark.uss
	UIPackageResources/StyleSheets/Default/Northstar/Palette/dark.uss
	Packages/com.unity.timeline/Editor/StyleSheets/Extensions/dark.uss
	Packages/com.unity.timeline/Editor/StyleSheets/Extensions/common.uss
Refreshing native plugins compatible for Editor in 5.27 ms, found 1 plugins.

Asset Pipeline Refresh (id=adbf5aa872286064fa483e593287a409): Total: 184.316 seconds - Initiated by InitialRefreshV2(ForceSynchronousImport)
	(Values over 0.05ms)
	Summary:
		Imports: total=428 (actual=428, local cache=0, cache server=0)
		Asset DB Process Time: managed=328 ms, native=63280 ms
		Asset DB Callback time: managed=2950 ms, native=14856 ms
		Scripting: domain reloads=1, domain reload time=6175 ms, compile time=96575 ms, other=149 ms
		Project Asset Count: scripts=1398, non-scripts=4637
		Asset File Changes: new=448, changed=462, moved=0, deleted=0
		Scan Filter Count: 0
	InvokePackagesCallback: 16921.477ms
	ApplyChangesToAssetFolders: 1.840ms
	Scan: 1307.945ms
	Collect global state as custom dependencies: 47.490ms
	OnSourceAssetsModified: 4.381ms
	CategorizeScriptCompilationAssets: 4987.975ms
	ProcessAssetsWithTransientArtifactChanges: 211.363ms
	CategorizeAssets: 487.863ms
	CompileScripts: 96574.516ms
	ImportOutOfDateAssets: 37469.837ms (7596.800ms without children)
		ImportManagerImport: 29818.459ms (67.266ms without children)
			UpdateCategorizedAssets: 10.614ms
		UnloadImportedAssets: 0.755ms
		ReloadImportedAssets: 0.499ms
		EnsureUptoDateAssetsAreRegisteredWithGuidPM: 2.277ms
		ImportSchedulerStart: 51.500ms
	PostProcessAllAssets: 3039.613ms
		VersionControlSettings.HiddenFilePostprocess 29.840ms
		AssemblyValidation.PostprocessAllAssets 10.702ms
		ShaderAssetModifiedCallback 4.515ms
		LocalizationDatabase.AssetDatabasePostprocessCallback 3.884ms
		PostProcessCallbackCreateDeferredMaterials 3.773ms
		RaytracingShaderImportPostprocess 1.767ms
		SpeedTreeImporter.PostprocessAllAssets 1.615ms
		ComputeShaderImportPostprocess 1.610ms
		BlockShaderImporter.PostprocessAllAssets 0.806ms
		XRBuildSystem.XRAssetImported 0.717ms
		VCAutoAddAssetPostprocess 0.347ms
		WindowTitlePostprocess 0.291ms
		MonoPostProcessAllAssets: 2943.981ms
			SpriteSlicePostprocessor.OnPostprocessAllAssets 858.733ms
			SyncVS.PostprocessSyncProject 660.875ms
			AssetPostprocessor.OnPostprocessAllAssets 309.560ms
			StyleCatalogPostProcessor.OnPostprocessAllAssets 305.739ms
			AssetReferenceReimportMonitor.OnPostprocessAllAssets 63.199ms
			BuilderAssetPostprocessor.OnPostprocessAllAssets 17.689ms
			TextAssetPostProcessor.OnPostprocessAllAssets 14.805ms
			AssetChangedListener.OnPostprocessAllAssets 8.725ms
			GraphRefreshPostprocessor.OnPostprocessAllAssets 7.284ms
			RetainedModeAssetPostprocessor.OnPostprocessAllAssets 5.346ms
			WindowAssetPostprocessingWatcher.OnPostprocessAllAssets 4.961ms
			EditModeScopePostprocessor.OnPostprocessAllAssets 4.353ms
			SpeedTree9Postprocessor.OnPostprocessAllAssets 4.285ms
			AssetChangeDetector.OnPostprocessAllAssets 2.398ms
			SpriteEditorTexturePostprocessor.OnPostprocessAllAssets 1.958ms
			SkillsProjectAssetPostprocessor.OnPostprocessAllAssets 1.478ms
			AssetEvents.OnPostprocessAllAssets 1.096ms
			TMPro_TexturePostProcessor.OnPostprocessAllAssets 1.035ms
			ReferencedClipsPostProcessor.OnPostprocessAllAssets 0.941ms
			ArtifactBrowserPostProcessor.OnPostprocessAllAssets 0.906ms
			AudioMixerPostprocessor.OnPostprocessAllAssets 0.833ms
			ThemePostprocessor.OnPostprocessAllAssets 0.780ms
			SpeedTreePostProcessor.OnPostprocessAllAssets 0.772ms
			TerrainToolbarOverlayPostProcessor.OnPostprocessAllAssets 0.758ms
			ModelAssetProcessor.OnPostprocessAllAssets 0.526ms
			ConfigAssetsTracker.OnPostprocessAllAssets 0.481ms
			SamplePostprocessor.OnPostprocessAllAssets 0.472ms
			AudioContainerPostProcessor.OnPostprocessAllAssets 0.463ms
			ScenarioDriftAssetsTracker.OnPostprocessAllAssets 0.382ms
			RenderPipelineGlobalSettingsPostprocessor.OnPostprocessAllAssets 0.329ms
			AssetDatabaseCallbacks.OnPostprocessAllAssets 0.282ms
			TrackSelectedAssetsProcessor.OnPostprocessAllAssets 0.224ms
	PostAssetChangesProfiler: 13.757ms
	UnloadStreamsBegin: 2.841ms
	PersistCurrentRevisions: 3.983ms
	GenerateScriptTypeHashes: 8.828ms
	GenerateScriptTypeSerializationHashes: 14.873ms
	Untracked: 23155.883ms

Application.AssetDatabase Initial Refresh End
Launched and connected shader compiler UnityShaderCompiler.exe after 0.03 seconds
Scanning for USB devices : 5.684ms
Initializing Unity extensions:
[MODES] ModeService[none].Initialize
[MODES] ModeService[none].LoadModes
[MODES] Loading mode Default (0) for mode-current-id-unity
Unloading 518 Unused Serialized files (Serialized files now loaded: 0)
Unloading 5927 unused Assets / (22.0 MB). Loaded Objects now: 6129.
Memory consumption went from 434.5 MB to 412.6 MB.
Total: 165.044600 ms (FindLiveObjects: 1.171700 ms CreateObjectMapping: 0.830100 ms MarkObjects: 104.281200 ms  DeleteObjects: 58.103400 ms)

InvalidOperationException: 组队文字未渲染：Label / ·
  at TeamUiVerification.<Capture>g__Shoot|19_1 (System.String name, TeamUiVerification+<>c__DisplayClass19_0& , TeamUiVerification+<>c__DisplayClass19_1& ) [0x001c3] in E:\work\tmp\team-ui-verify-20260914\Assets\Editor\TeamUiVerification.cs:235 
  at TeamUiVerification.<Capture>g__Display|19_2 (MmorpgClient.Game.Team.TeamSnapshot snapshot, System.String name, TeamUiVerification+<>c__DisplayClass19_0& , TeamUiVerification+<>c__DisplayClass19_1& ) [0x00034] in E:\work\tmp\team-ui-verify-20260914\Assets\Editor\TeamUiVerification.cs:243 
  at TeamUiVerification.Capture (System.Int32 width, System.Int32 height) [0x002ab] in E:\work\tmp\team-ui-verify-20260914\Assets\Editor\TeamUiVerification.cs:259 
  at TeamUiVerification.CaptureAll () [0x00000] in E:\work\tmp\team-ui-verify-20260914\Assets\Editor\TeamUiVerification.cs:160 
UnityEngine.StackTraceUtility:ExtractStringFromExceptionInternal(Object, String&, String&)

(Filename: Assets/Editor/TeamUiVerification.cs Line: 235)

executeMethod method TeamUiVerification.CaptureAll threw exception.
[ExitDontLaunchBugReporter] Exiting without the bug reporter. Application will exit with return code 1
MonoPathRemapper: Attempts to remap: 19568; Successful remaps: 12
[Licensing::Client] Successfully resolved entitlement details
Serialized file version minimum: 23, current 23
Curl error 42: Callback aborted
Request timed out while processing request "https://public-cdn.cloud.unity3d.com/config/production", HTTP error code 0
.[UnityConnect] Request timed out.
Clearing [SimKai SDF] dynamic font asset data.
UnityEngine.Debug:ExtractStackTraceNoAlloc (byte*,int,string)
UnityEngine.StackTraceUtility:ExtractStackTrace ()
UnityEngine.DebugLogHandler:Internal_Log (UnityEngine.LogType,UnityEngine.LogOption,string,UnityEngine.Object)
UnityEngine.DebugLogHandler:LogFormat (UnityEngine.LogType,UnityEngine.Object,string,object[])
UnityEngine.Logger:Log (UnityEngine.LogType,object)
UnityEngine.Debug:Log (object)
TMPro.EditorEventCallbacks/<>c:<InitializeFontAssetResourceChangeCallBacks>b__0_0 () (at ./Library/PackageCache/com.unity.ugui@23caec89ae27/Editor/TMP/TMP_EditorResourceManager.cs:36)
UnityEditor.EditorApplication:Internal_EditorApplicationQuit ()

(Filename: ./Library/PackageCache/com.unity.ugui@23caec89ae27/Editor/TMP/TMP_EditorResourceManager.cs Line: 36)

Importing 'GUID: 0000000000000000b000000000000000 - Path: ProjectSettings/EditorBuildSettings.asset' with importer (LibraryAssetImporter)
Imported 'GUID: 0000000000000000b000000000000000' -> (Import Result ID: 'e728d20330f906b5009cbd0f10bb2ce3') in 0.006 seconds [static dependencies only]. Details - ImportResultOutputID=0a89a5c5f492143e0fa186859e17ba6f DependenciesID=a27420bab22eccadba62b61a84ad7bd0 StaticDependenciesID=d39161f2655e4b46142f8d52843d4b5a 
Importing 'GUID: ff84b6a7f0f83b84fb9ef95becef729f - Path: Assets/Resources/Fonts/SimKai SDF.asset' with importer (NativeFormatImporter)
Imported 'GUID: ff84b6a7f0f83b84fb9ef95becef729f' -> (Import Result ID: '4211ca4240317f68cf005a0a09d6d446') in 0.046 seconds [static dependencies only]. Details - ImportResultOutputID=b11d07a04f380f39db68a8bcc42fa310 DependenciesID=ae1f4694b5ea71403af84f9b5abe04f2 StaticDependenciesID=9acadc0070b3068fc20f4efc9cbeddcd 
Refreshing native plugins compatible for Editor in 2.99 ms, found 1 plugins.

Asset Pipeline Refresh (id=60091e5b32e9f3045842fe619ef5095e): Total: 0.371 seconds - Initiated by StopAssetImportingV2(NoUpdateAssetOptions)
	(Values over 0.05ms)
	Summary:
		Imports: total=2 (actual=2, local cache=0, cache server=0)
		Asset DB Process Time: managed=1 ms, native=336 ms
		Asset DB Callback time: managed=16 ms, native=15 ms
		Scripting: domain reloads=0, domain reload time=0 ms, compile time=0 ms, other=0 ms
		Project Asset Count: scripts=1398, non-scripts=4637
		Asset File Changes: new=0, changed=0, moved=0, deleted=0
		Scan Filter Count: 5
	ApplyChangesToAssetFolders: 0.176ms
	Scan: 207.880ms
	Collect global state as custom dependencies: 1.453ms
	ProcessAssetsWithTransientArtifactChanges: 0.074ms
	CategorizeAssets: 6.303ms
	ImportOutOfDateAssets: 112.651ms (0.524ms without children)
		ImportManagerImport: 108.479ms (54.341ms without children)
			UpdateCategorizedAssets: 0.087ms
		UnloadImportedAssets: 0.618ms
		EnsureUptoDateAssetsAreRegisteredWithGuidPM: 2.062ms
		ImportSchedulerStart: 0.920ms
	PostProcessAllAssets: 28.701ms
		XRBuildSystem.XRAssetImported 11.690ms
		MonoPostProcessAllAssets: 16.694ms
			AssetPostprocessor.OnPostprocessAllAssets 13.213ms
			TMPro_TexturePostProcessor.OnPostprocessAllAssets 1.412ms
			SyncVS.PostprocessSyncProject 0.769ms
			GraphRefreshPostprocessor.OnPostprocessAllAssets 0.134ms
			ModelAssetProcessor.OnPostprocessAllAssets 0.115ms
			SpriteEditorTexturePostprocessor.OnPostprocessAllAssets 0.089ms
			AssetChangedListener.OnPostprocessAllAssets 0.083ms
			EditModeScopePostprocessor.OnPostprocessAllAssets 0.060ms
			TextAssetPostProcessor.OnPostprocessAllAssets 0.058ms
	PostAssetChangesProfiler: 3.839ms
	GatherAllCurrentPrimaryImportResultRevisions: 1.024ms
	UnloadStreamsBegin: 3.034ms
	PersistCurrentRevisions: 0.528ms
	UnloadStreamsEnd: 0.097ms
	Untracked: 4.719ms

[Physics::Module] Cleanup current backend.
[Physics::Module] Id: 0xf2b8ea05
Input System module state changed to: ShutdownInProgress.
Input Polling Thread exited.
Input System module state changed to: Shutdown.
[Licensing::IpcConnector] LicenseClient-luyua-notifications channel disconnected successfully.
[Licensing::IpcConnector] LicenseClient-luyua channel disconnected successfully.
Lingering sessions upon destruction of worker manager
Unity Data Store service was successfully shut down
UDS shutting down local client system
AcceleratorClientConnectionCallback - disconnected - :0
Cleanup mono
CodeReloadManager destroyed
Checking for leaked weakptr:
  Found no leaked weakptrs.
[Package Manager] Server process was shutdown
##utp:{"type":"MemoryLeaks","version":2,"phase":"Immediate","time":1789377423500,"processId":37320,"allocatedMemory":29584700,"memoryLabels":[{"Default":202004},{"Permanent":15516},{"NewDelete":83037},{"Thread":4177344},{"Manager":42373},{"VertexData":104},{"Geometry":816},{"Texture":24},{"Shader":840438},{"Material":24},{"GfxDevice":380124},{"Animation":952},{"Audio":1272},{"Font":8482062},{"FreeType":408123},{"FontEngine":736},{"Physics":1970},{"Physics2D":16},{"Serialization":16832},{"Input":42840},{"JobScheduler":256},{"TextLib":280},{"Mono":48},{"ScriptingNativeRuntime":1302952},{"BaseObject":70448},{"Resource":1208},{"Renderer":3944},{"Transform":4685},{"File":4416},{"WebCam":616},{"Culling":32},{"Terrain":11442},{"Wind":24},{"STL":40},{"String":1202285},{"StaticString":3808},{"Utility":2676982},{"Curl":1712},{"PoolAlloc":2792},{"AI":80},{"TypeTree":14869},{"ScriptManager":12640},{"CodeReload":448},{"RuntimeInitializeOnLoadManager":64},{"Sprites":102},{"SpriteAtlas":120},{"GI":7816},{"Director":8296},{"CloudService":7008},{"WebRequest":589},{"VR":49650},{"SceneManager":608},{"Video":64},{"LazyScriptCache":32},{"Camera":729},{"Secure":2377},{"SerializationCache":9256},{"APIUpdating":10320},{"Subsystems":336},{"VirtualTexturing":57888},{"StaticSafetyDebugInfo":278528},{"Analytics":768},{"Hierarchy":1188},{"UIElements":40},{"CoreStats":14456},{"Identifiers":7152},{"Gui":128},{"EditorUtility":102667},{"VersionControl":8},{"Undo":931},{"AssetDatabase":8941222},{"AssetImporter":40},{"EditorGi":328},{"UnityConnect":40404},{"Upm":1912},{"UpmDiagnostics":8},{"AssetCompliance":96},{"DrivenProperties":72},{"LocalIPC":260},{"ProfilerEditor":9746},{"CoreBusinessMetrics":3600},{"Windowing":456},{"Licensing":12757},{"AssetReference":32},{"IPCStream":32}]}
